ISO-10303-21;
HEADER;
FILE_DESCRIPTION (( 'STEP AP214' ),
    '1' );
FILE_NAME ('scanner2.STEP',
    '2026-10-01T12:04:39',
    ( 'dbrudtjr121@gmail.com' ),
    ( '' ),
    'SwSTEP 2.0',
    'SolidWorks 2014',
    '' );
FILE_SCHEMA (( 'AUTOMOTIVE_DESIGN' ));
ENDSEC;

DATA;
#1 = EDGE_CURVE ( 'NONE', #9748, #5666, #2269, .T. ) ;
#2 =( GEOMETRIC_REPRESENTATION_CONTEXT ( 3 ) GLOBAL_UNCERTAINTY_ASSIGNED_CONTEXT ( ( #4053 ) ) GLOBAL_UNIT_ASSIGNED_CONTEXT ( ( #4844, #3929, #916 ) ) REPRESENTATION_CONTEXT ( 'NONE', 'WORKASPACE' ) );
#3 = CARTESIAN_POINT ( 'NONE',  ( 5.999999999999995600, 10.00000000000000000, -14.00000000000000400 ) ) ;
#4 = PLANE ( 'NONE',  #652 ) ;
#5 = DIRECTION ( 'NONE',  ( 0.6785983445458457800, 0.2810846377148166800, -0.6785983445458498900 ) ) ;
#6 = EDGE_LOOP ( 'NONE', ( #8780, #1333, #6856, #543 ) ) ;
#7 =( NAMED_UNIT ( * ) SI_UNIT ( $, .STERADIAN. ) SOLID_ANGLE_UNIT ( ) );
#8 = DIRECTION ( 'NONE',  ( 0.0000000000000000000, 0.0000000000000000000, 1.000000000000000000 ) ) ;
#9 = SURFACE_STYLE_USAGE ( .BOTH. , #2380 ) ;
#10 = CARTESIAN_POINT ( 'NONE',  ( 138.0000000000000000, -81.17157287525384400, 38.00000000000000000 ) ) ;
#11 = FACE_OUTER_BOUND ( 'NONE', #9115, .T. ) ;
#12 = VECTOR ( 'NONE', #2003, 1000.000000000000000 ) ;
#13 = SURFACE_STYLE_FILL_AREA ( #3896 ) ;
#14 = PRESENTATION_LAYER_ASSIGNMENT (  '', '', ( #4572 ) ) ;
#15 = MECHANICAL_DESIGN_GEOMETRIC_PRESENTATION_REPRESENTATION (  '', ( #2994 ), #5786 ) ;
#16 = SURFACE_SIDE_STYLE ('',( #7211 ) ) ;
#17 = UNCERTAINTY_MEASURE_WITH_UNIT (LENGTH_MEASURE( 1.000000000000000100E-005 ), #4092, 'distance_accuracy_value', 'NONE');
#18 = CARTESIAN_POINT ( 'NONE',  ( 12.55124549639639800, 0.0000000000000000000, -10.71056658114729200 ) ) ;
#19 = EDGE_CURVE ( 'NONE', #9367, #9996, #972, .T. ) ;
#20 = PLANE ( 'NONE',  #3800 ) ;
#21 = LINE ( 'NONE', #2488, #3542 ) ;
#22 = ADVANCED_FACE ( 'NONE', ( #8799 ), #1193, .F. ) ;
#23 = CARTESIAN_POINT ( 'NONE',  ( 114.9289321881346000, 115.0000000000000000, -10.00000000000004600 ) ) ;
#24 =( NAMED_UNIT ( * ) SI_UNIT ( $, .STERADIAN. ) SOLID_ANGLE_UNIT ( ) );
#25 = PRESENTATION_LAYER_ASSIGNMENT (  '', '', ( #9657 ) ) ;
#26 = PRODUCT_DEFINITION ( 'UNKNOWN', '', #8235, #7730 ) ;
#27 = FILL_AREA_STYLE ('',( #3177 ) ) ;
#28 = SURFACE_STYLE_USAGE ( .BOTH. , #8608 ) ;
#29 = DIRECTION ( 'NONE',  ( 0.0000000000000000000, 1.000000000000000000, -0.0000000000000000000 ) ) ;
#30 = CARTESIAN_POINT ( 'NONE',  ( -16.22498073958795200, 16.00000000000000000, -2.999999999999997300 ) ) ;
#31 = COLOUR_RGB ( '',0.2941176470588235400, 0.2941176470588235400, 0.2941176470588235400 ) ;
#32 = CARTESIAN_POINT ( 'NONE',  ( -38.70000000000013100, -37.99999999999997900, 19.99999999999999600 ) ) ;
#33 = CARTESIAN_POINT ( 'NONE',  ( 257.0000000000000600, -7.000000000000004400, 24.07317073170731800 ) ) ;
#34 = ORIENTED_EDGE ( 'NONE', *, *, #919, .F. ) ;
#35 = LINE ( 'NONE', #9272, #6161 ) ;
#36 = EDGE_CURVE ( 'NONE', #9760, #9281, #6735, .T. ) ;
#37 =( NAMED_UNIT ( * ) PLANE_ANGLE_UNIT ( ) SI_UNIT ( $, .RADIAN. ) );
#38 = DIRECTION ( 'NONE',  ( -3.097720492815727200E-016, 0.0000000000000000000, -1.000000000000000000 ) ) ;
#39 = AXIS2_PLACEMENT_3D ( 'NONE', #4948, #5649, #7188 ) ;
#40 = PRESENTATION_LAYER_ASSIGNMENT (  '', '', ( #7784 ) ) ;
#41 = PRESENTATION_STYLE_ASSIGNMENT (( #5317 ) ) ;
#42 = FACE_OUTER_BOUND ( 'NONE', #8406, .T. ) ;
#43 = EDGE_CURVE ( 'NONE', #10098, #1184, #8329, .T. ) ;
#44 = DIRECTION ( 'NONE',  ( 0.0000000000000000000, 0.0000000000000000000, 1.000000000000000000 ) ) ;
#45 = SURFACE_SIDE_STYLE ('',( #8208 ) ) ;
#46 = LINE ( 'NONE', #9460, #9240 ) ;
#47 = DIRECTION ( 'NONE',  ( 0.6785983445458466700, -0.2810846377148224500, -0.6785983445458466700 ) ) ;
#48 = STYLED_ITEM ( 'NONE', ( #7904 ), #4004 ) ;
#49 = ORIENTED_EDGE ( 'NONE', *, *, #5912, .F. ) ;
#50 = EDGE_CURVE ( 'NONE', #9813, #8053, #2517, .T. ) ;
#51 =( GEOMETRIC_REPRESENTATION_CONTEXT ( 3 ) GLOBAL_UNCERTAINTY_ASSIGNED_CONTEXT ( ( #256 ) ) GLOBAL_UNIT_ASSIGNED_CONTEXT ( ( #7664, #8412, #3656 ) ) REPRESENTATION_CONTEXT ( 'NONE', 'WORKASPACE' ) );
#52 = SURFACE_SIDE_STYLE ('',( #4696 ) ) ;
#53 = PRESENTATION_STYLE_ASSIGNMENT (( #3495 ) ) ;
#54 = EDGE_CURVE ( 'NONE', #9573, #5211, #4504, .T. ) ;
#55 = EDGE_LOOP ( 'NONE', ( #6811, #5028, #3010, #3794 ) ) ;
#56 = CARTESIAN_POINT ( 'NONE',  ( -2.598076211353316500, 16.00000000000000000, -1.500000000000000000 ) ) ;
#57 = CARTESIAN_POINT ( 'NONE',  ( 118.0000000000000600, 68.00000000000004300, 18.00000000000000000 ) ) ;
#58 = SURFACE_STYLE_FILL_AREA ( #10030 ) ;
#59 = VERTEX_POINT ( 'NONE', #1159 ) ;
#60 = CARTESIAN_POINT ( 'NONE',  ( -52.00000000000009200, 119.9999999999999700, -35.00000000000000000 ) ) ;
#61 = CARTESIAN_POINT ( 'NONE',  ( 2.598076211353328400, 16.00000000000000000, -1.500000000000012400 ) ) ;
#62 = LINE ( 'NONE', #9465, #9979 ) ;
#63 = DIRECTION ( 'NONE',  ( 1.000000000000000000, 0.0000000000000000000, 0.0000000000000000000 ) ) ;
#64 = COLOUR_RGB ( '',1.000000000000000000, 1.000000000000000000, 1.000000000000000000 ) ;
#65 =( GEOMETRIC_REPRESENTATION_CONTEXT ( 3 ) GLOBAL_UNCERTAINTY_ASSIGNED_CONTEXT ( ( #3882 ) ) GLOBAL_UNIT_ASSIGNED_CONTEXT ( ( #1367, #6147, #6117 ) ) REPRESENTATION_CONTEXT ( 'NONE', 'WORKASPACE' ) );
#66 = ADVANCED_FACE ( 'NONE', ( #4383 ), #8994, .F. ) ;
#67 = LINE ( 'NONE', #9915, #3334 ) ;
#68 = FILL_AREA_STYLE ('',( #1622 ) ) ;
#69 = VERTEX_POINT ( 'NONE', #2744 ) ;
#70 = EDGE_CURVE ( 'NONE', #7630, #5007, #4250, .T. ) ;
#71 = AXIS2_PLACEMENT_3D ( 'NONE', #2607, #8098, #8130 ) ;
#72 = DIRECTION ( 'NONE',  ( 0.7071067811865464600, -0.7071067811865486800, 0.0000000000000000000 ) ) ;
#73 = CARTESIAN_POINT ( 'NONE',  ( -10.70000000000000500, -61.99999999999998600, 18.99999999999999600 ) ) ;
#74 = UNCERTAINTY_MEASURE_WITH_UNIT (LENGTH_MEASURE( 1.000000000000000100E-005 ), #1040, 'distance_accuracy_value', 'NONE');
#75 = CARTESIAN_POINT ( 'NONE',  ( 99.99999999999994300, -164.8038475772933700, -5.000000000000004400 ) ) ;
#76 = ORIENTED_EDGE ( 'NONE', *, *, #1595, .T. ) ;
#77 = PRESENTATION_STYLE_ASSIGNMENT (( #900 ) ) ;
#78 = ORIENTED_EDGE ( 'NONE', *, *, #5912, .T. ) ;
#79 = CIRCLE ( 'NONE', #6614, 4.999999999999997300 ) ;
#80 = ORIENTED_EDGE ( 'NONE', *, *, #2696, .T. ) ;
#81 = LINE ( 'NONE', #9720, #929 ) ;
#82 = VECTOR ( 'NONE', #1668, 1000.000000000000000 ) ;
#83 = ORIENTED_EDGE ( 'NONE', *, *, #1161, .T. ) ;
#84 = CARTESIAN_POINT ( 'NONE',  ( -5.123298599248370700E-015, 18.00000000000000400, -14.00000000000000000 ) ) ;
#85 =( NAMED_UNIT ( * ) SI_UNIT ( $, .STERADIAN. ) SOLID_ANGLE_UNIT ( ) );
#86 = PRESENTATION_LAYER_ASSIGNMENT (  '', '', ( #7296 ) ) ;
#87 = STYLED_ITEM ( 'NONE', ( #5836 ), #10084 ) ;
#88 = VECTOR ( 'NONE', #8532, 1000.000000000000100 ) ;
#89 = FACE_OUTER_BOUND ( 'NONE', #1084, .T. ) ;
#90 = SURFACE_STYLE_USAGE ( .BOTH. , #4087 ) ;
#91 = ORIENTED_EDGE ( 'NONE', *, *, #8138, .F. ) ;
#92 = SURFACE_STYLE_FILL_AREA ( #5296 ) ;
#93 = DIRECTION ( 'NONE',  ( 0.5000000000000004400, 0.0000000000000000000, -0.8660254037844383700 ) ) ;
#94 = ORIENTED_EDGE ( 'NONE', *, *, #1911, .T. ) ;
#95 = CARTESIAN_POINT ( 'NONE',  ( -10.70000000000019100, -7.999999999999992900, 18.99999999999999600 ) ) ;
#96 = ADVANCED_FACE ( 'NONE', ( #9900 ), #7464, .F. ) ;
#97 = DIRECTION ( 'NONE',  ( 0.0000000000000000000, 1.000000000000000000, -0.0000000000000000000 ) ) ;
#98 = ORIENTED_EDGE ( 'NONE', *, *, #5492, .F. ) ;
#99 = CARTESIAN_POINT ( 'NONE',  ( 0.0000000000000000000, 10.00000000000000000, 0.0000000000000000000 ) ) ;
#100 = AXIS2_PLACEMENT_3D ( 'NONE', #3993, #6380, #4775 ) ;
#101 = CIRCLE ( 'NONE', #9860, 3.750000000000010200 ) ;
#102 = VERTEX_POINT ( 'NONE', #9103 ) ;
#103 = DIRECTION ( 'NONE',  ( 0.0000000000000000000, 0.0000000000000000000, -1.000000000000000000 ) ) ;
#104 = AXIS2_PLACEMENT_3D ( 'NONE', #6623, #4151, #9655 ) ;
#105 = ORIENTED_EDGE ( 'NONE', *, *, #9097, .F. ) ;
#106 = SURFACE_SIDE_STYLE ('',( #8534 ) ) ;
#107 = PLANE ( 'NONE',  #3761 ) ;
#108 = FILL_AREA_STYLE ('',( #3029 ) ) ;
#109 = SURFACE_STYLE_FILL_AREA ( #2076 ) ;
#110 = FILL_AREA_STYLE_COLOUR ( '', #6932 ) ;
#111 = VECTOR ( 'NONE', #7169, 1000.000000000000000 ) ;
#112 = ORIENTED_EDGE ( 'NONE', *, *, #2557, .F. ) ;
#113 = VERTEX_POINT ( 'NONE', #8354 ) ;
#114 = PRESENTATION_LAYER_ASSIGNMENT (  '', '', ( #5694 ) ) ;
#115 = VECTOR ( 'NONE', #2914, 1000.000000000000100 ) ;
#116 = EDGE_CURVE ( 'NONE', #4924, #4189, #2645, .T. ) ;
#117 = AXIS2_PLACEMENT_3D ( 'NONE', #5001, #4105, #6465 ) ;
#118 =( NAMED_UNIT ( * ) SI_UNIT ( $, .STERADIAN. ) SOLID_ANGLE_UNIT ( ) );
#119 = FILL_AREA_STYLE ('',( #3981 ) ) ;
#120 = EDGE_CURVE ( 'NONE', #7036, #3092, #5870, .T. ) ;
#121 = CARTESIAN_POINT ( 'NONE',  ( -10.70000000000006700, -44.00000000000000000, 18.99999999999999600 ) ) ;
#122 = PRESENTATION_STYLE_ASSIGNMENT (( #7830 ) ) ;
#123 = ORIENTED_EDGE ( 'NONE', *, *, #7076, .T. ) ;
#124 = DIRECTION ( 'NONE',  ( 0.0000000000000000000, 0.0000000000000000000, 1.000000000000000000 ) ) ;
#125 =( NAMED_UNIT ( * ) PLANE_ANGLE_UNIT ( ) SI_UNIT ( $, .RADIAN. ) );
#126 = TOROIDAL_SURFACE ( 'NONE', #7039, 0.7500000000000072200, 3.000000000000000000 ) ;
#127 = DIRECTION ( 'NONE',  ( 0.0000000000000000000, -0.0000000000000000000, 1.000000000000000000 ) ) ;
#128 = VECTOR ( 'NONE', #449, 1000.000000000000000 ) ;
#129 =( LENGTH_UNIT ( ) NAMED_UNIT ( * ) SI_UNIT ( .MILLI., .METRE. ) );
#130 = DIRECTION ( 'NONE',  ( -0.5000000000000010000, 0.0000000000000000000, -0.8660254037844381500 ) ) ;
#132 = LINE ( 'NONE', #5349, #8451 ) ;
#131 = AXIS2_PLACEMENT_3D ( 'NONE', #5424, #6954, #721 ) ;
#133 = EDGE_CURVE ( 'NONE', #8284, #7658, #3021, .T. ) ;
#134 = PRESENTATION_LAYER_ASSIGNMENT (  '', '', ( #9437 ) ) ;
#135 = DIRECTION ( 'NONE',  ( 0.0000000000000000000, 0.0000000000000000000, -1.000000000000000000 ) ) ;
#136 = SURFACE_STYLE_FILL_AREA ( #6690 ) ;
#137 =( LENGTH_UNIT ( ) NAMED_UNIT ( * ) SI_UNIT ( .MILLI., .METRE. ) );
#138 = PLANE ( 'NONE',  #3032 ) ;
#139 = CARTESIAN_POINT ( 'NONE',  ( -37.00000000000011400, 114.9999999999999600, 3.348770536233497200E-014 ) ) ;
#140 = CARTESIAN_POINT ( 'NONE',  ( -1.500000000000011800, 16.00000000000000000, 2.598076211353333800 ) ) ;
#141 = DIRECTION ( 'NONE',  ( 0.7071067811865475700, 0.7071067811865475700, 0.0000000000000000000 ) ) ;
#142 = DIRECTION ( 'NONE',  ( 1.000000000000000000, -0.0000000000000000000, -0.0000000000000000000 ) ) ;
#143 = UNCERTAINTY_MEASURE_WITH_UNIT (LENGTH_MEASURE( 1.000000000000000100E-005 ), #4514, 'distance_accuracy_value', 'NONE');
#144 = ADVANCED_FACE ( 'NONE', ( #10013 ), #9843, .F. ) ;
#145 = VERTEX_POINT ( 'NONE', #7506 ) ;
#146 = MECHANICAL_DESIGN_GEOMETRIC_PRESENTATION_REPRESENTATION (  '', ( #6976 ), #333 ) ;
#147 = PRESENTATION_LAYER_ASSIGNMENT (  '', '', ( #9255 ) ) ;
#148 = ORIENTED_EDGE ( 'NONE', *, *, #1157, .T. ) ;
#149 = DIRECTION ( 'NONE',  ( 0.0000000000000000000, -1.000000000000000000, 0.0000000000000000000 ) ) ;
#150 = DIRECTION ( 'NONE',  ( -0.0000000000000000000, -0.0000000000000000000, 1.000000000000000000 ) ) ;
#151 = ORIENTED_EDGE ( 'NONE', *, *, #7342, .F. ) ;
#152 = CIRCLE ( 'NONE', #8707, 6.000000000000000000 ) ;
#153 = DIRECTION ( 'NONE',  ( 3.469446951953614700E-016, -1.000000000000000000, 0.0000000000000000000 ) ) ;
#154 = CARTESIAN_POINT ( 'NONE',  ( 0.0000000000000000000, 0.0000000000000000000, 0.0000000000000000000 ) ) ;
#155 = MECHANICAL_DESIGN_GEOMETRIC_PRESENTATION_REPRESENTATION (  '', ( #9657 ), #5075 ) ;
#156 = PRODUCT_DEFINITION ( 'UNKNOWN', '', #2205, #6393 ) ;
#157 = FILL_AREA_STYLE_COLOUR ( '', #6338 ) ;
#158 = LINE ( 'NONE', #5163, #8609 ) ;
#159 =( LENGTH_UNIT ( ) NAMED_UNIT ( * ) SI_UNIT ( .MILLI., .METRE. ) );
#160 = PRESENTATION_LAYER_ASSIGNMENT (  '', '', ( #8557 ) ) ;
#161 = VERTEX_POINT ( 'NONE', #3563 ) ;
#162 = SURFACE_STYLE_USAGE ( .BOTH. , #4100 ) ;
#163 = DIRECTION ( 'NONE',  ( 0.0000000000000000000, 1.000000000000000000, 0.0000000000000000000 ) ) ;
#164 = LINE ( 'NONE', #5247, #9729 ) ;
#165 = CARTESIAN_POINT ( 'NONE',  ( -60.00000000000005700, 28.00000000000001400, -19.99999999999998900 ) ) ;
#166 = FACE_OUTER_BOUND ( 'NONE', #7206, .T. ) ;
#167 = ORIENTED_EDGE ( 'NONE', *, *, #4686, .T. ) ;
#168 = SURFACE_SIDE_STYLE ('',( #8560 ) ) ;
#169 = CIRCLE ( 'NONE', #6749, 18.00000000000000000 ) ;
#170 = DIRECTION ( 'NONE',  ( 0.0000000000000000000, 0.0000000000000000000, 1.000000000000000000 ) ) ;
#171 = MECHANICAL_DESIGN_GEOMETRIC_PRESENTATION_REPRESENTATION (  '', ( #8750 ), #9474 ) ;
#172 = EDGE_CURVE ( 'NONE', #8522, #4740, #5395, .T. ) ;
#173 = FACE_OUTER_BOUND ( 'NONE', #4254, .T. ) ;
#174 = EDGE_LOOP ( 'NONE', ( #3499, #9961, #8147, #1437 ) ) ;
#175 = CARTESIAN_POINT ( 'NONE',  ( -45.70000000000006700, -49.99999999999998600, 20.00000000000000000 ) ) ;
#176 = DIRECTION ( 'NONE',  ( -1.000000000000000000, 0.0000000000000000000, 0.0000000000000000000 ) ) ;
#177 = DIRECTION ( 'NONE',  ( 1.000000000000000000, 0.0000000000000000000, -0.0000000000000000000 ) ) ;
#178 = ORIENTED_EDGE ( 'NONE', *, *, #2181, .F. ) ;
#179 = DIRECTION ( 'NONE',  ( 0.0000000000000000000, 0.0000000000000000000, 1.000000000000000000 ) ) ;
#180 = LINE ( 'NONE', #8141, #5210 ) ;
#181 = CARTESIAN_POINT ( 'NONE',  ( 13.87042614893940100, 16.00000000000000000, 11.47219588600273400 ) ) ;
#182 = COLOUR_RGB ( '',1.000000000000000000, 1.000000000000000000, 1.000000000000000000 ) ;
#183 = AXIS2_PLACEMENT_3D ( 'NONE', #2743, #7508, #8288 ) ;
#184 = LINE ( 'NONE', #3248, #8622 ) ;
#185 = EDGE_CURVE ( 'NONE', #613, #9361, #5518, .T. ) ;
#186 = AXIS2_PLACEMENT_3D ( 'NONE', #6171, #6264, #7745 ) ;
#187 = EDGE_LOOP ( 'NONE', ( #7293, #6110, #3025, #4539 ) ) ;
#188 = SURFACE_STYLE_USAGE ( .BOTH. , #7214 ) ;
#189 = CARTESIAN_POINT ( 'NONE',  ( 2.598076211353328400, 0.0000000000000000000, -1.500000000000012400 ) ) ;
#190 = ADVANCED_FACE ( 'NONE', ( #5263 ), #6971, .T. ) ;
#191 = FACE_OUTER_BOUND ( 'NONE', #194, .T. ) ;
#192 = CARTESIAN_POINT ( 'NONE',  ( -52.00000000000004300, -84.99999999999998600, -35.00000000000000000 ) ) ;
#193 = ORIENTED_EDGE ( 'NONE', *, *, #6222, .F. ) ;
#194 = EDGE_LOOP ( 'NONE', ( #5124, #6353, #9967, #2720 ) ) ;
#195 = FILL_AREA_STYLE_COLOUR ( '', #8161 ) ;
#196 =( NAMED_UNIT ( * ) PLANE_ANGLE_UNIT ( ) SI_UNIT ( $, .RADIAN. ) );
#197 = UNCERTAINTY_MEASURE_WITH_UNIT (LENGTH_MEASURE( 1.000000000000000100E-005 ), #3347, 'distance_accuracy_value', 'NONE');
#198 = EDGE_LOOP ( 'NONE', ( #2152, #5614, #5435, #3666 ) ) ;
#199 = CARTESIAN_POINT ( 'NONE',  ( 135.0000000000000000, 11.96446609406730100, 11.96446609406717000 ) ) ;
#200 = LINE ( 'NONE', #2934, #8292 ) ;
#201 = FILL_AREA_STYLE_COLOUR ( '', #9750 ) ;
#202 = EDGE_CURVE ( 'NONE', #9812, #10079, #8199, .T. ) ;
#203 = AXIS2_PLACEMENT_3D ( 'NONE', #8944, #5847, #8877 ) ;
#204 = PLANE ( 'NONE',  #2899 ) ;
#205 = FILL_AREA_STYLE_COLOUR ( '', #6269 ) ;
#206 = ORIENTED_EDGE ( 'NONE', *, *, #4644, .F. ) ;
#207 =( NAMED_UNIT ( * ) PLANE_ANGLE_UNIT ( ) SI_UNIT ( $, .RADIAN. ) );
#208 = FACE_OUTER_BOUND ( 'NONE', #1508, .T. ) ;
#209 = SURFACE_STYLE_FILL_AREA ( #6829 ) ;
#210 = EDGE_LOOP ( 'NONE', ( #9152, #278, #4947, #5186 ) ) ;
#211 = EDGE_CURVE ( 'NONE', #5096, #3386, #1678, .T. ) ;
#212 = LINE ( 'NONE', #8495, #5845 ) ;
#213 = EDGE_LOOP ( 'NONE', ( #1232, #4575, #8429, #9651 ) ) ;
#214 = VECTOR ( 'NONE', #4533, 1000.000000000000000 ) ;
#215 = ORIENTED_EDGE ( 'NONE', *, *, #7801, .F. ) ;
#216 =( GEOMETRIC_REPRESENTATION_CONTEXT ( 3 ) GLOBAL_UNCERTAINTY_ASSIGNED_CONTEXT ( ( #8108 ) ) GLOBAL_UNIT_ASSIGNED_CONTEXT ( ( #9450, #6972, #2188 ) ) REPRESENTATION_CONTEXT ( 'NONE', 'WORKASPACE' ) );
#217 = APPLICATION_PROTOCOL_DEFINITION ( 'draft international standard', 'automotive_design', 1998, #1859 ) ;
#218 = CARTESIAN_POINT ( 'NONE',  ( 135.6128978938974700, -67.61289789389741100, 1.182802808136752100 ) ) ;
#219 = VECTOR ( 'NONE', #2768, 1000.000000000000000 ) ;
#220 = FILL_AREA_STYLE ('',( #7963 ) ) ;
#221 = LINE ( 'NONE', #1451, #6229 ) ;
#222 = DIRECTION ( 'NONE',  ( 0.0000000000000000000, 1.000000000000000000, 0.0000000000000000000 ) ) ;
#223 = ORIENTED_EDGE ( 'NONE', *, *, #8078, .T. ) ;
#224 = SURFACE_STYLE_USAGE ( .BOTH. , #4129 ) ;
#225 = ORIENTED_EDGE ( 'NONE', *, *, #3431, .F. ) ;
#226 = CARTESIAN_POINT ( 'NONE',  ( -60.00000000000005700, -81.99999999999998600, -30.00000000000000000 ) ) ;
#227 = DIRECTION ( 'NONE',  ( -0.0000000000000000000, -1.000000000000000000, -0.0000000000000000000 ) ) ;
#228 = EDGE_CURVE ( 'NONE', #4239, #9711, #1088, .T. ) ;
#229 =( NAMED_UNIT ( * ) PLANE_ANGLE_UNIT ( ) SI_UNIT ( $, .RADIAN. ) );
#230 = COLOUR_RGB ( '',0.4941176470588235500, 0.4941176470588235500, 0.4941176470588235500 ) ;
#231 = CARTESIAN_POINT ( 'NONE',  ( -1.499999999999997300, 0.0000000000000000000, 2.598076211353312000 ) ) ;
#232 = MANIFOLD_SOLID_BREP ( 'ÄÆ-µ¹Ãâ14', #7816 ) ;
#233 = AXIS2_PLACEMENT_3D ( 'NONE', #6386, #1689, #9678 ) ;
#234 = FILL_AREA_STYLE_COLOUR ( '', #9413 ) ;
#235 = ORIENTED_EDGE ( 'NONE', *, *, #7525, .T. ) ;
#236 = MECHANICAL_DESIGN_GEOMETRIC_PRESENTATION_REPRESENTATION (  '', ( #2681 ), #2483 ) ;
#237 = PLANE ( 'NONE',  #4498 ) ;
#238 = EDGE_CURVE ( 'NONE', #8274, #7967, #7334, .T. ) ;
#239 = FILL_AREA_STYLE ('',( #5688 ) ) ;
#240 = VERTEX_POINT ( 'NONE', #7961 ) ;
#241 = DIRECTION ( 'NONE',  ( -0.0000000000000000000, -0.0000000000000000000, -1.000000000000000000 ) ) ;
#242 = DIRECTION ( 'NONE',  ( -0.4999999999999948400, 0.7071067811865510100, 0.5000000000000002200 ) ) ;
#243 = PRESENTATION_STYLE_ASSIGNMENT (( #7715 ) ) ;
#244 = PRESENTATION_STYLE_ASSIGNMENT (( #2092 ) ) ;
#245 = EDGE_LOOP ( 'NONE', ( #9311, #9904, #5943, #9559 ) ) ;
#246 = CARTESIAN_POINT ( 'NONE',  ( -46.45000000000013800, -31.99999999999999300, 23.00000000000000000 ) ) ;
#247 = EDGE_CURVE ( 'NONE', #9743, #1388, #9889, .T. ) ;
#248 = CARTESIAN_POINT ( 'NONE',  ( -60.00000000000005000, -82.00000000000001400, 18.00000000000000000 ) ) ;
#249 = DIRECTION ( 'NONE',  ( 0.0000000000000000000, -1.000000000000000000, 0.0000000000000000000 ) ) ;
#250 = EDGE_CURVE ( 'NONE', #3280, #7356, #2260, .T. ) ;
#251 = CARTESIAN_POINT ( 'NONE',  ( 0.0000000000000000000, 0.0000000000000000000, 0.0000000000000000000 ) ) ;
#252 =( NAMED_UNIT ( * ) SI_UNIT ( $, .STERADIAN. ) SOLID_ANGLE_UNIT ( ) );
#253 = CARTESIAN_POINT ( 'NONE',  ( -50.00000000000007800, 12.99999999999998400, 18.00000000000000000 ) ) ;
#254 = VECTOR ( 'NONE', #9973, 1000.000000000000100 ) ;
#255 = ADVANCED_FACE ( 'NONE', ( #1560 ), #4901, .F. ) ;
#256 = UNCERTAINTY_MEASURE_WITH_UNIT (LENGTH_MEASURE( 1.000000000000000100E-005 ), #7664, 'distance_accuracy_value', 'NONE');
#257 = DIRECTION ( 'NONE',  ( 0.8660254037844379300, 0.0000000000000000000, -0.5000000000000012200 ) ) ;
#258 = VECTOR ( 'NONE', #8364, 1000.000000000000000 ) ;
#259 = FACE_OUTER_BOUND ( 'NONE', #5496, .T. ) ;
#260 = LINE ( 'NONE', #2479, #4909 ) ;
#261 = FILL_AREA_STYLE_COLOUR ( '', #8737 ) ;
#262 =( GEOMETRIC_REPRESENTATION_CONTEXT ( 3 ) GLOBAL_UNCERTAINTY_ASSIGNED_CONTEXT ( ( #3557 ) ) GLOBAL_UNIT_ASSIGNED_CONTEXT ( ( #8875, #6635, #1777 ) ) REPRESENTATION_CONTEXT ( 'NONE', 'WORKASPACE' ) );
#263 = ORIENTED_EDGE ( 'NONE', *, *, #8060, .T. ) ;
#264 = CARTESIAN_POINT ( 'NONE',  ( 131.1715728752538700, -87.99999999999995700, 30.00000000000000000 ) ) ;
#265 = CARTESIAN_POINT ( 'NONE',  ( -38.70000000000006700, -55.99999999999997900, 19.99999999999999600 ) ) ;
#266 = ORIENTED_EDGE ( 'NONE', *, *, #2085, .T. ) ;
#267 = EDGE_CURVE ( 'NONE', #5343, #2523, #2030, .T. ) ;
#268 = PRESENTATION_LAYER_ASSIGNMENT (  '', '', ( #9193 ) ) ;
#269 = FILL_AREA_STYLE_COLOUR ( '', #3132 ) ;
#270 = UNCERTAINTY_MEASURE_WITH_UNIT (LENGTH_MEASURE( 1.000000000000000100E-005 ), #486, 'distance_accuracy_value', 'NONE');
#271 = DIRECTION ( 'NONE',  ( 0.7071067811865452400, 0.7071067811865499000, -0.0000000000000000000 ) ) ;
#272 = DIRECTION ( 'NONE',  ( -0.0000000000000000000, -0.0000000000000000000, 1.000000000000000000 ) ) ;
#273 =( LENGTH_UNIT ( ) NAMED_UNIT ( * ) SI_UNIT ( .MILLI., .METRE. ) );
#274 = PLANE ( 'NONE',  #4591 ) ;
#275 = DIRECTION ( 'NONE',  ( -0.0000000000000000000, -1.000000000000000000, -0.0000000000000000000 ) ) ;
#276 = STYLED_ITEM ( 'NONE', ( #4246 ), #1171 ) ;
#277 = MECHANICAL_DESIGN_GEOMETRIC_PRESENTATION_REPRESENTATION (  '', ( #4856 ), #5926 ) ;
#278 = ORIENTED_EDGE ( 'NONE', *, *, #7996, .F. ) ;
#279 = PRESENTATION_STYLE_ASSIGNMENT (( #9470 ) ) ;
#280 = LINE ( 'NONE', #8579, #2686 ) ;
#281 = CARTESIAN_POINT ( 'NONE',  ( 99.99999999999994300, -176.0000000000000000, -5.000000000000004400 ) ) ;
#282 = CARTESIAN_POINT ( 'NONE',  ( -60.00000000000005700, -81.99999999999998600, -30.00000000000000000 ) ) ;
#283 = DIRECTION ( 'NONE',  ( -1.000000000000000000, -2.538619720941669000E-016, 0.0000000000000000000 ) ) ;
#284 =( LENGTH_UNIT ( ) NAMED_UNIT ( * ) SI_UNIT ( .MILLI., .METRE. ) );
#285 = CARTESIAN_POINT ( 'NONE',  ( -17.74823934929884600, 0.0000000000000000000, 3.000000000000003600 ) ) ;
#286 = CARTESIAN_POINT ( 'NONE',  ( -55.00000000000005700, 17.96446609406712000, -17.96446609406732300 ) ) ;
#287 =( LENGTH_UNIT ( ) NAMED_UNIT ( * ) SI_UNIT ( .MILLI., .METRE. ) );
#288 = AXIS2_PLACEMENT_3D ( 'NONE', #9694, #2671, #9920 ) ;
#289 = SURFACE_STYLE_FILL_AREA ( #2821 ) ;
#290 = LINE ( 'NONE', #2086, #6538 ) ;
#291 = VERTEX_POINT ( 'NONE', #7929 ) ;
#292 = CARTESIAN_POINT ( 'NONE',  ( -50.00000000000008500, 32.99999999999997900, 19.99999999999999600 ) ) ;
#293 = FILL_AREA_STYLE ('',( #3419 ) ) ;
#294 = FILL_AREA_STYLE ('',( #1822 ) ) ;
#295 = SHAPE_DEFINITION_REPRESENTATION ( #9195, #9467 ) ;
#296 = ORIENTED_EDGE ( 'NONE', *, *, #9426, .T. ) ;
#297 = FACE_OUTER_BOUND ( 'NONE', #213, .T. ) ;
#298 = LINE ( 'NONE', #8808, #5948 ) ;
#299 = SURFACE_SIDE_STYLE ('',( #880 ) ) ;
#300 = ADVANCED_FACE ( 'NONE', ( #10119 ), #5672, .F. ) ;
#301 = SURFACE_STYLE_USAGE ( .BOTH. , #8991 ) ;
#302 = AXIS2_PLACEMENT_3D ( 'NONE', #10027, #10056, #6871 ) ;
#303 = ORIENTED_EDGE ( 'NONE', *, *, #1864, .F. ) ;
#304 = EDGE_CURVE ( 'NONE', #5929, #8368, #9401, .T. ) ;
#305 = EDGE_CURVE ( 'NONE', #3753, #8584, #8553, .T. ) ;
#306 = PRESENTATION_STYLE_ASSIGNMENT (( #9569 ) ) ;
#307 = ORIENTED_EDGE ( 'NONE', *, *, #8049, .F. ) ;
#308 = FACE_OUTER_BOUND ( 'NONE', #4199, .T. ) ;
#309 = CARTESIAN_POINT ( 'NONE',  ( -1.499999999999982500, 16.00000000000000000, -2.598076211353267200 ) ) ;
#310 = ORIENTED_EDGE ( 'NONE', *, *, #3366, .T. ) ;
#311 = DIRECTION ( 'NONE',  ( 3.965082230804130200E-016, -1.000000000000000000, 0.0000000000000000000 ) ) ;
#312 = CARTESIAN_POINT ( 'NONE',  ( 0.0000000000000000000, 0.0000000000000000000, 0.0000000000000000000 ) ) ;
#313 = CARTESIAN_POINT ( 'NONE',  ( -70.29696727866949900, 26.26053472074814400, 213.5000000000001400 ) ) ;
#314 = DIRECTION ( 'NONE',  ( 0.0000000000000000000, -0.0000000000000000000, 1.000000000000000000 ) ) ;
#315 = VECTOR ( 'NONE', #1735, 1000.000000000000000 ) ;
#316 = STYLED_ITEM ( 'NONE', ( #2674 ), #4854 ) ;
#317 = VERTEX_POINT ( 'NONE', #3375 ) ;
#318 = ORIENTED_EDGE ( 'NONE', *, *, #4818, .F. ) ;
#319 = EDGE_CURVE ( 'NONE', #3386, #4555, #8790, .T. ) ;
#320 = MECHANICAL_DESIGN_GEOMETRIC_PRESENTATION_REPRESENTATION (  '', ( #1685 ), #1037 ) ;
#321 = SURFACE_SIDE_STYLE ('',( #2701 ) ) ;
#322 = SURFACE_STYLE_USAGE ( .BOTH. , #9018 ) ;
#323 = SURFACE_SIDE_STYLE ('',( #4089 ) ) ;
#324 = PLANE ( 'NONE',  #6471 ) ;
#325 = COLOUR_RGB ( '',0.9098039215686274400, 0.4431372549019607600, 0.03137254901960784300 ) ;
#326 = LINE ( 'NONE', #4518, #823 ) ;
#327 = DIRECTION ( 'NONE',  ( 0.0000000000000000000, -0.0000000000000000000, 1.000000000000000000 ) ) ;
#328 =( NAMED_UNIT ( * ) PLANE_ANGLE_UNIT ( ) SI_UNIT ( $, .RADIAN. ) );
#329 = EDGE_LOOP ( 'NONE', ( #660, #4584, #8624, #10123 ) ) ;
#330 = LINE ( 'NONE', #7386, #3127 ) ;
#331 = VERTEX_POINT ( 'NONE', #1675 ) ;
#332 = DIRECTION ( 'NONE',  ( 0.0000000000000000000, 0.0000000000000000000, 1.000000000000000000 ) ) ;
#333 =( GEOMETRIC_REPRESENTATION_CONTEXT ( 3 ) GLOBAL_UNCERTAINTY_ASSIGNED_CONTEXT ( ( #4442 ) ) GLOBAL_UNIT_ASSIGNED_CONTEXT ( ( #7659, #2930, #4519 ) ) REPRESENTATION_CONTEXT ( 'NONE', 'WORKASPACE' ) );
#334 = MECHANICAL_DESIGN_GEOMETRIC_PRESENTATION_REPRESENTATION (  '', ( #1439 ), #5469 ) ;
#335 = SURFACE_SIDE_STYLE ('',( #6260 ) ) ;
#336 = COLOUR_RGB ( '',0.6392156862745097500, 0.6117647058823529900, 0.5999999999999999800 ) ;
#337 = FILL_AREA_STYLE_COLOUR ( '', #1384 ) ;
#338 = ORIENTED_EDGE ( 'NONE', *, *, #2299, .T. ) ;
#339 = EDGE_CURVE ( 'NONE', #2481, #9524, #9165, .T. ) ;
#340 = FACE_OUTER_BOUND ( 'NONE', #5634, .T. ) ;
#341 = VECTOR ( 'NONE', #8583, 1000.000000000000000 ) ;
#342 = ORIENTED_EDGE ( 'NONE', *, *, #1624, .T. ) ;
#343 = CARTESIAN_POINT ( 'NONE',  ( 0.0000000000000000000, 16.00000000000000000, 0.0000000000000000000 ) ) ;
#344 = ORIENTED_EDGE ( 'NONE', *, *, #5313, .F. ) ;
#345 = FACE_OUTER_BOUND ( 'NONE', #4690, .T. ) ;
#346 =( NAMED_UNIT ( * ) PLANE_ANGLE_UNIT ( ) SI_UNIT ( $, .RADIAN. ) );
#347 = DIRECTION ( 'NONE',  ( -0.7061622225414273500, 0.7061622225414231300, -0.05167040652742121300 ) ) ;
#348 = CIRCLE ( 'NONE', #6879, 16.50000000000000000 ) ;
#349 = PRESENTATION_LAYER_ASSIGNMENT (  '', '', ( #6652 ) ) ;
#350 = VERTEX_POINT ( 'NONE', #285 ) ;
#351 = ORIENTED_EDGE ( 'NONE', *, *, #2640, .T. ) ;
#352 = ORIENTED_EDGE ( 'NONE', *, *, #8431, .T. ) ;
#353 = ADVANCED_FACE ( 'NONE', ( #3622 ), #4122, .T. ) ;
#354 = CARTESIAN_POINT ( 'NONE',  ( -45.70000000000000300, -31.99999999999999300, 22.00000000000000000 ) ) ;
#355 = CIRCLE ( 'NONE', #3927, 17.99999999999999600 ) ;
#356 = FILL_AREA_STYLE ('',( #5052 ) ) ;
#357 = VERTEX_POINT ( 'NONE', #3868 ) ;
#358 = DIRECTION ( 'NONE',  ( 1.000000000000000000, 0.0000000000000000000, 0.0000000000000000000 ) ) ;
#359 = ORIENTED_EDGE ( 'NONE', *, *, #3830, .F. ) ;
#360 = CARTESIAN_POINT ( 'NONE',  ( 0.0000000000000000000, 16.00000000000000000, 0.0000000000000000000 ) ) ;
#361 = CARTESIAN_POINT ( 'NONE',  ( -1.500000000000011800, 0.0000000000000000000, 2.598076211353333800 ) ) ;
#362 = DIRECTION ( 'NONE',  ( -1.000000000000000000, 0.0000000000000000000, 5.694120042774778100E-016 ) ) ;
#363 = AXIS2_PLACEMENT_3D ( 'NONE', #6085, #3823, #7698 ) ;
#364 = PRESENTATION_STYLE_ASSIGNMENT (( #9145 ) ) ;
#365 = STYLED_ITEM ( 'NONE', ( #4625 ), #6796 ) ;
#366 = DIRECTION ( 'NONE',  ( -0.0000000000000000000, -0.0000000000000000000, -1.000000000000000000 ) ) ;
#367 = EDGE_CURVE ( 'NONE', #6098, #521, #1588, .T. ) ;
#368 = PLANE ( 'NONE',  #1483 ) ;
#369 = DIRECTION ( 'NONE',  ( -0.0000000000000000000, -0.7071067811865494600, -0.7071067811865456900 ) ) ;
#370 = VECTOR ( 'NONE', #283, 1000.000000000000000 ) ;
#371 = LINE ( 'NONE', #4989, #9687 ) ;
#372 = FILL_AREA_STYLE_COLOUR ( '', #7499 ) ;
#373 = MECHANICAL_DESIGN_GEOMETRIC_PRESENTATION_REPRESENTATION (  '', ( #6877 ), #7411 ) ;
#375 = PLANE ( 'NONE',  #3473 ) ;
#374 = UNCERTAINTY_MEASURE_WITH_UNIT (LENGTH_MEASURE( 1.000000000000000100E-005 ), #392, 'distance_accuracy_value', 'NONE');
#376 = EDGE_CURVE ( 'NONE', #2839, #5230, #9435, .T. ) ;
#377 = AXIS2_PLACEMENT_3D ( 'NONE', #571, #9911, #5236 ) ;
#378 = CARTESIAN_POINT ( 'NONE',  ( 135.0000000000000600, -7.000000000000004400, 43.00000000000000000 ) ) ;
#379 = FILL_AREA_STYLE_COLOUR ( '', #4809 ) ;
#380 = VERTEX_POINT ( 'NONE', #6228 ) ;
#381 = ORIENTED_EDGE ( 'NONE', *, *, #3693, .F. ) ;
#382 = FILL_AREA_STYLE ('',( #8973 ) ) ;
#383 = CARTESIAN_POINT ( 'NONE',  ( -55.00000000000008500, -79.92893218813451000, -35.00000000000000000 ) ) ;
#384 = MECHANICAL_DESIGN_GEOMETRIC_PRESENTATION_REPRESENTATION (  '', ( #4988 ), #9506 ) ;
#385 = CARTESIAN_POINT ( 'NONE',  ( -10.70000000000019100, -19.99999999999997500, 19.99999999999999600 ) ) ;
#386 = CARTESIAN_POINT ( 'NONE',  ( 15.55124549639639900, 16.00000000000000000, 5.514414158440658300 ) ) ;
#387 = ORIENTED_EDGE ( 'NONE', *, *, #3942, .F. ) ;
#388 = CIRCLE ( 'NONE', #6387, 3.750000000000010200 ) ;
#389 = COLOUR_RGB ( '',0.9098039215686274400, 0.4431372549019607600, 0.03137254901960784300 ) ;
#390 =( LENGTH_UNIT ( ) NAMED_UNIT ( * ) SI_UNIT ( .MILLI., .METRE. ) );
#391 =( GEOMETRIC_REPRESENTATION_CONTEXT ( 3 ) GLOBAL_UNCERTAINTY_ASSIGNED_CONTEXT ( ( #4828 ) ) GLOBAL_UNIT_ASSIGNED_CONTEXT ( ( #6702, #8213, #1180 ) ) REPRESENTATION_CONTEXT ( 'NONE', 'WORKASPACE' ) );
#392 =( LENGTH_UNIT ( ) NAMED_UNIT ( * ) SI_UNIT ( .MILLI., .METRE. ) );
#393 =( LENGTH_UNIT ( ) NAMED_UNIT ( * ) SI_UNIT ( .MILLI., .METRE. ) );
#394 = CIRCLE ( 'NONE', #8816, 20.00000000000000000 ) ;
#395 = CIRCLE ( 'NONE', #1572, 18.00000000000000000 ) ;
#396 = CARTESIAN_POINT ( 'NONE',  ( -10.00000000000008300, 12.99999999999998800, 18.00000000000000000 ) ) ;
#397 =( NAMED_UNIT ( * ) SI_UNIT ( $, .STERADIAN. ) SOLID_ANGLE_UNIT ( ) );
#398 = ORIENTED_EDGE ( 'NONE', *, *, #967, .T. ) ;
#399 = CIRCLE ( 'NONE', #5968, 18.00000000000000400 ) ;
#400 = ADVANCED_FACE ( 'NONE', ( #4006 ), #4652, .T. ) ;
#401 = FILL_AREA_STYLE ('',( #3465 ) ) ;
#402 =( NAMED_UNIT ( * ) SI_UNIT ( $, .STERADIAN. ) SOLID_ANGLE_UNIT ( ) );
#403 = AXIS2_PLACEMENT_3D ( 'NONE', #7469, #5928, #7563 ) ;
#404 = MECHANICAL_DESIGN_GEOMETRIC_PRESENTATION_REPRESENTATION (  '', ( #87 ), #1254 ) ;
#405 = VECTOR ( 'NONE', #2703, 1000.000000000000000 ) ;
#406 = LINE ( 'NONE', #4041, #10067 ) ;
#407 = DIRECTION ( 'NONE',  ( 0.0000000000000000000, 1.000000000000000000, -1.561251128379126400E-016 ) ) ;
#408 = ORIENTED_EDGE ( 'NONE', *, *, #9535, .F. ) ;
#409 = VECTOR ( 'NONE', #2599, 1000.000000000000000 ) ;
#410 = DIRECTION ( 'NONE',  ( 0.0000000000000000000, -1.000000000000000000, 1.561251128379126400E-016 ) ) ;
#411 = FILL_AREA_STYLE_COLOUR ( '', #1454 ) ;
#412 = CARTESIAN_POINT ( 'NONE',  ( -45.70000000000019500, -13.99999999999999800, 20.00000000000000000 ) ) ;
#413 = LINE ( 'NONE', #6276, #7278 ) ;
#414 = ORIENTED_EDGE ( 'NONE', *, *, #655, .F. ) ;
#415 = EDGE_CURVE ( 'NONE', #1168, #6417, #8342, .T. ) ;
#416 = DIRECTION ( 'NONE',  ( 1.000000000000000000, 0.0000000000000000000, -2.847060021387389100E-016 ) ) ;
#417 = VERTEX_POINT ( 'NONE', #680 ) ;
#418 = DIRECTION ( 'NONE',  ( 0.0000000000000000000, 0.7071067811865435800, -0.7071067811865514600 ) ) ;
#419 = ORIENTED_EDGE ( 'NONE', *, *, #4838, .T. ) ;
#420 = DIRECTION ( 'NONE',  ( 1.000000000000000000, 0.0000000000000000000, -0.0000000000000000000 ) ) ;
#421 = FILL_AREA_STYLE ('',( #496 ) ) ;
#423 = LINE ( 'NONE', #3559, #8152 ) ;
#422 = FILL_AREA_STYLE ('',( #5947 ) ) ;
#424 = LINE ( 'NONE', #3604, #5572 ) ;
#425 =( LENGTH_UNIT ( ) NAMED_UNIT ( * ) SI_UNIT ( .MILLI., .METRE. ) );
#426 = ORIENTED_EDGE ( 'NONE', *, *, #8906, .F. ) ;
#427 = CARTESIAN_POINT ( 'NONE',  ( 8.000000000000003600, 68.00000000000002800, 15.99999999999999600 ) ) ;
#428 = ORIENTED_EDGE ( 'NONE', *, *, #9362, .T. ) ;
#429 = CARTESIAN_POINT ( 'NONE',  ( -38.70000000000006700, -44.00000000000000000, 19.99999999999999600 ) ) ;
#430 = VECTOR ( 'NONE', #314, 1000.000000000000000 ) ;
#431 = LINE ( 'NONE', #9543, #7791 ) ;
#432 = VERTEX_POINT ( 'NONE', #649 ) ;
#433 = DIRECTION ( 'NONE',  ( -2.847060021387389100E-016, 0.0000000000000000000, -1.000000000000000000 ) ) ;
#435 = DIRECTION ( 'NONE',  ( 7.715974976096476800E-017, -1.000000000000000000, 0.0000000000000000000 ) ) ;
#434 = VECTOR ( 'NONE', #7599, 1000.000000000000000 ) ;
#436 = ORIENTED_EDGE ( 'NONE', *, *, #3366, .F. ) ;
#437 = AXIS2_PLACEMENT_3D ( 'NONE', #7307, #5771, #1834 ) ;
#438 = EDGE_CURVE ( 'NONE', #2675, #7967, #9682, .T. ) ;
#439 = MECHANICAL_DESIGN_GEOMETRIC_PRESENTATION_REPRESENTATION (  '', ( #6617 ), #8325 ) ;
#440 = ORIENTED_EDGE ( 'NONE', *, *, #858, .T. ) ;
#441 = CARTESIAN_POINT ( 'NONE',  ( 8.000000000000003600, 68.00000000000002800, 18.00000000000000000 ) ) ;
#442 = CARTESIAN_POINT ( 'NONE',  ( -45.70000000000000300, -13.99999999999999800, 21.20000000000002100 ) ) ;
#443 = EDGE_CURVE ( 'NONE', #3058, #5817, #5285, .T. ) ;
#444 = LINE ( 'NONE', #6128, #6444 ) ;
#445 = VECTOR ( 'NONE', #6122, 1000.000000000000000 ) ;
#446 = DIRECTION ( 'NONE',  ( 0.0000000000000000000, 1.000000000000000000, -0.0000000000000000000 ) ) ;
#447 = ORIENTED_EDGE ( 'NONE', *, *, #5657, .F. ) ;
#448 = VERTEX_POINT ( 'NONE', #6881 ) ;
#449 = DIRECTION ( 'NONE',  ( 1.000000000000000000, 0.0000000000000000000, -5.694120042774778100E-016 ) ) ;
#450 = SURFACE_SIDE_STYLE ('',( #5906 ) ) ;
#451 = UNCERTAINTY_MEASURE_WITH_UNIT (LENGTH_MEASURE( 1.000000000000000100E-005 ), #9665, 'distance_accuracy_value', 'NONE');
#452 = ORIENTED_EDGE ( 'NONE', *, *, #6348, .T. ) ;
#453 = PLANE ( 'NONE',  #3202 ) ;
#454 = AXIS2_PLACEMENT_3D ( 'NONE', #360, #1904, #7421 ) ;
#455 = ADVANCED_FACE ( 'NONE', ( #8692 ), #7365, .T. ) ;
#456 = EDGE_CURVE ( 'NONE', #2019, #4720, #2911, .T. ) ;
#457 =( GEOMETRIC_REPRESENTATION_CONTEXT ( 3 ) GLOBAL_UNCERTAINTY_ASSIGNED_CONTEXT ( ( #3924 ) ) GLOBAL_UNIT_ASSIGNED_CONTEXT ( ( #2397, #7243, #7934 ) ) REPRESENTATION_CONTEXT ( 'NONE', 'WORKASPACE' ) );
#458 = ORIENTED_EDGE ( 'NONE', *, *, #5442, .F. ) ;
#459 = FACE_OUTER_BOUND ( 'NONE', #2474, .T. ) ;
#460 = ORIENTED_EDGE ( 'NONE', *, *, #719, .T. ) ;
#461 = FILL_AREA_STYLE_COLOUR ( '', #2958 ) ;
#462 = DIRECTION ( 'NONE',  ( 0.0000000000000000000, 0.0000000000000000000, 1.000000000000000000 ) ) ;
#463 =( LENGTH_UNIT ( ) NAMED_UNIT ( * ) SI_UNIT ( .MILLI., .METRE. ) );
#464 = DIRECTION ( 'NONE',  ( 0.0000000000000000000, 1.000000000000000000, 0.0000000000000000000 ) ) ;
#465 = SURFACE_STYLE_USAGE ( .BOTH. , #9868 ) ;
#466 = PRESENTATION_STYLE_ASSIGNMENT (( #3527 ) ) ;
#467 = CIRCLE ( 'NONE', #6385, 16.50000000000000000 ) ;
#468 = CARTESIAN_POINT ( 'NONE',  ( -40.70000000000001000, -13.99999999999999800, 22.00000000000000000 ) ) ;
#469 = PRESENTATION_STYLE_ASSIGNMENT (( #7772 ) ) ;
#470 = FACE_OUTER_BOUND ( 'NONE', #6620, .T. ) ;
#471 = VERTEX_POINT ( 'NONE', #1492 ) ;
#472 = DIRECTION ( 'NONE',  ( -0.8660254037844383700, 0.0000000000000000000, -0.5000000000000004400 ) ) ;
#473 = STYLED_ITEM ( 'NONE', ( #469 ), #400 ) ;
#474 = AXIS2_PLACEMENT_3D ( 'NONE', #7695, #2925, #6795 ) ;
#475 = DIRECTION ( 'NONE',  ( 1.000000000000000000, 0.0000000000000000000, -2.847060021387389100E-016 ) ) ;
#476 = ORIENTED_EDGE ( 'NONE', *, *, #339, .T. ) ;
#477 = DIRECTION ( 'NONE',  ( 1.000000000000000000, -0.0000000000000000000, 0.0000000000000000000 ) ) ;
#478 = CARTESIAN_POINT ( 'NONE',  ( -45.70000000000000300, -67.99999999999998600, 22.00000000000000000 ) ) ;
#479 = COLOUR_RGB ( '',1.000000000000000000, 1.000000000000000000, 1.000000000000000000 ) ;
#480 = LINE ( 'NONE', #7942, #3632 ) ;
#481 = SURFACE_SIDE_STYLE ('',( #6902 ) ) ;
#482 = EDGE_LOOP ( 'NONE', ( #4744, #387, #8754, #553 ) ) ;
#483 = CARTESIAN_POINT ( 'NONE',  ( 6.511410602372867300E-015, -83.99999999999995700, 18.00000000000000000 ) ) ;
#484 = ADVANCED_FACE ( 'NONE', ( #7615 ), #10073, .F. ) ;
#485 = ORIENTED_EDGE ( 'NONE', *, *, #7681, .T. ) ;
#486 =( LENGTH_UNIT ( ) NAMED_UNIT ( * ) SI_UNIT ( .MILLI., .METRE. ) );
#487 =( NAMED_UNIT ( * ) PLANE_ANGLE_UNIT ( ) SI_UNIT ( $, .RADIAN. ) );
#488 = PRESENTATION_LAYER_ASSIGNMENT (  '', '', ( #1253 ) ) ;
#489 = MECHANICAL_DESIGN_GEOMETRIC_PRESENTATION_REPRESENTATION (  '', ( #2400 ), #1009 ) ;
#490 = ORIENTED_EDGE ( 'NONE', *, *, #228, .T. ) ;
#491 = PRESENTATION_LAYER_ASSIGNMENT (  '', '', ( #2757 ) ) ;
#492 = SURFACE_STYLE_FILL_AREA ( #7948 ) ;
#493 = FACE_OUTER_BOUND ( 'NONE', #4395, .T. ) ;
#494 = DIRECTION ( 'NONE',  ( 0.6785983445458470000, 0.2810846377148207800, -0.6785983445458470000 ) ) ;
#495 =( NAMED_UNIT ( * ) SI_UNIT ( $, .STERADIAN. ) SOLID_ANGLE_UNIT ( ) );
#496 = FILL_AREA_STYLE_COLOUR ( '', #3647 ) ;
#497 =( LENGTH_UNIT ( ) NAMED_UNIT ( * ) SI_UNIT ( .MILLI., .METRE. ) );
#498 = AXIS2_PLACEMENT_3D ( 'NONE', #9092, #1243, #5165 ) ;
#499 = COLOUR_RGB ( '',1.000000000000000000, 1.000000000000000000, 1.000000000000000000 ) ;
#500 = EDGE_CURVE ( 'NONE', #2107, #7406, #4515, .T. ) ;
#501 =( GEOMETRIC_REPRESENTATION_CONTEXT ( 3 ) GLOBAL_UNCERTAINTY_ASSIGNED_CONTEXT ( ( #5286 ) ) GLOBAL_UNIT_ASSIGNED_CONTEXT ( ( #9693, #9654, #5014 ) ) REPRESENTATION_CONTEXT ( 'NONE', 'WORKASPACE' ) );
#502 = CARTESIAN_POINT ( 'NONE',  ( 106.7573593128806800, -106.7573593128806800, 18.00000000000000000 ) ) ;
#503 =( LENGTH_UNIT ( ) NAMED_UNIT ( * ) SI_UNIT ( .MILLI., .METRE. ) );
#504 = VECTOR ( 'NONE', #1160, 1000.000000000000000 ) ;
#505 = EDGE_CURVE ( 'NONE', #5407, #2675, #132, .T. ) ;
#506 = VERTEX_POINT ( 'NONE', #7740 ) ;
#507 = ADVANCED_FACE ( 'NONE', ( #8219 ), #8449, .F. ) ;
#508 = FILL_AREA_STYLE_COLOUR ( '', #9415 ) ;
#509 = EDGE_LOOP ( 'NONE', ( #7128, #178, #2789, #6075 ) ) ;
#510 = UNCERTAINTY_MEASURE_WITH_UNIT (LENGTH_MEASURE( 1.000000000000000100E-005 ), #10127, 'distance_accuracy_value', 'NONE');
#511 = DIRECTION ( 'NONE',  ( 0.0000000000000000000, 0.0000000000000000000, 1.000000000000000000 ) ) ;
#512 = PRESENTATION_STYLE_ASSIGNMENT (( #5475 ) ) ;
#513 = CARTESIAN_POINT ( 'NONE',  ( 1.499999999999998700, 0.0000000000000000000, 2.598076211353307100 ) ) ;
#514 = ORIENTED_EDGE ( 'NONE', *, *, #2571, .F. ) ;
#515 = DIRECTION ( 'NONE',  ( 1.000000000000000000, 0.0000000000000000000, -5.694120042774778100E-016 ) ) ;
#516 = MECHANICAL_DESIGN_GEOMETRIC_PRESENTATION_REPRESENTATION (  '', ( #8903 ), #3249 ) ;
#517 = EDGE_CURVE ( 'NONE', #69, #9626, #2059, .T. ) ;
#518 = AXIS2_PLACEMENT_3D ( 'NONE', #5955, #4356, #4315 ) ;
#519 = CARTESIAN_POINT ( 'NONE',  ( 138.0000000000000000, -81.17157287525384400, 18.00000000000000000 ) ) ;
#520 =( NAMED_UNIT ( * ) PLANE_ANGLE_UNIT ( ) SI_UNIT ( $, .RADIAN. ) );
#521 = VERTEX_POINT ( 'NONE', #3144 ) ;
#522 = PRESENTATION_STYLE_ASSIGNMENT (( #1619 ) ) ;
#523 = DIRECTION ( 'NONE',  ( 0.0000000000000000000, 1.000000000000000000, -0.0000000000000000000 ) ) ;
#524 = LINE ( 'NONE', #5428, #9106 ) ;
#525 = FILL_AREA_STYLE_COLOUR ( '', #5978 ) ;
#526 =( NAMED_UNIT ( * ) PLANE_ANGLE_UNIT ( ) SI_UNIT ( $, .RADIAN. ) );
#527 = COLOUR_RGB ( '',1.000000000000000000, 1.000000000000000000, 1.000000000000000000 ) ;
#528 = CARTESIAN_POINT ( 'NONE',  ( -53.70000000000020200, -5.999999999999991100, 18.00000000000000000 ) ) ;
#529 = AXIS2_PLACEMENT_3D ( 'NONE', #478, #6808, #5995 ) ;
#530 = PRESENTATION_LAYER_ASSIGNMENT (  '', '', ( #7755 ) ) ;
#531 = ADVANCED_FACE ( 'NONE', ( #2162 ), #6284, .F. ) ;
#532 = FACE_OUTER_BOUND ( 'NONE', #6772, .T. ) ;
#533 = EDGE_CURVE ( 'NONE', #6458, #4114, #1188, .T. ) ;
#534 = CARTESIAN_POINT ( 'NONE',  ( -8.700000000000200000, -5.999999999999992900, 19.99999999999999600 ) ) ;
#535 =( NAMED_UNIT ( * ) SI_UNIT ( $, .STERADIAN. ) SOLID_ANGLE_UNIT ( ) );
#536 = SURFACE_STYLE_FILL_AREA ( #850 ) ;
#537 = COLOUR_RGB ( '',1.000000000000000000, 1.000000000000000000, 1.000000000000000000 ) ;
#538 = SURFACE_STYLE_USAGE ( .BOTH. , #5305 ) ;
#539 =( NAMED_UNIT ( * ) SI_UNIT ( $, .STERADIAN. ) SOLID_ANGLE_UNIT ( ) );
#540 = SURFACE_STYLE_FILL_AREA ( #5975 ) ;
#541 = DIRECTION ( 'NONE',  ( 0.5000000000000027800, -0.0000000000000000000, 0.8660254037844370400 ) ) ;
#542 = VERTEX_POINT ( 'NONE', #23 ) ;
#543 = ORIENTED_EDGE ( 'NONE', *, *, #5893, .F. ) ;
#544 =( NAMED_UNIT ( * ) SI_UNIT ( $, .STERADIAN. ) SOLID_ANGLE_UNIT ( ) );
#545 =( GEOMETRIC_REPRESENTATION_CONTEXT ( 3 ) GLOBAL_UNCERTAINTY_ASSIGNED_CONTEXT ( ( #7490 ) ) GLOBAL_UNIT_ASSIGNED_CONTEXT ( ( #5329, #4512, #2889 ) ) REPRESENTATION_CONTEXT ( 'NONE', 'WORKASPACE' ) );
#547 = ORIENTED_EDGE ( 'NONE', *, *, #8409, .T. ) ;
#546 = PRODUCT_RELATED_PRODUCT_CATEGORY ( 'part', '', ( #746 ) ) ;
#548 = ORIENTED_EDGE ( 'NONE', *, *, #2615, .F. ) ;
#549 = CARTESIAN_POINT ( 'NONE',  ( -34.92893218813451700, 114.9999999999999600, 3.000000000000049300 ) ) ;
#550 = DIRECTION ( 'NONE',  ( 2.670659718465574300E-016, 0.0000000000000000000, -1.000000000000000000 ) ) ;
#551 = CIRCLE ( 'NONE', #2494, 2.999999999999994700 ) ;
#552 = CIRCLE ( 'NONE', #9689, 3.000000000000002700 ) ;
#553 = ORIENTED_EDGE ( 'NONE', *, *, #9109, .F. ) ;
#554 = ADVANCED_FACE ( 'NONE', ( #9030 ), #3973, .F. ) ;
#555 = EDGE_CURVE ( 'NONE', #7406, #7684, #7819, .T. ) ;
#556 = DIRECTION ( 'NONE',  ( 0.0000000000000000000, 0.0000000000000000000, 1.000000000000000000 ) ) ;
#557 =( GEOMETRIC_REPRESENTATION_CONTEXT ( 3 ) GLOBAL_UNCERTAINTY_ASSIGNED_CONTEXT ( ( #9177 ) ) GLOBAL_UNIT_ASSIGNED_CONTEXT ( ( #2909, #3665, #6991 ) ) REPRESENTATION_CONTEXT ( 'NONE', 'WORKASPACE' ) );
#558 = ORIENTED_EDGE ( 'NONE', *, *, #4799, .F. ) ;
#559 = CARTESIAN_POINT ( 'NONE',  ( 106.5155367776732900, -106.9991818480880600, 31.39018403766498400 ) ) ;
#560 = PLANE ( 'NONE',  #981 ) ;
#561 = EDGE_CURVE ( 'NONE', #6845, #3386, #7330, .T. ) ;
#562 = CARTESIAN_POINT ( 'NONE',  ( 0.0000000000000000000, 0.0000000000000000000, 0.0000000000000000000 ) ) ;
#563 = ORIENTED_EDGE ( 'NONE', *, *, #1887, .F. ) ;
#564 = FACE_OUTER_BOUND ( 'NONE', #9649, .T. ) ;
#565 = ORIENTED_EDGE ( 'NONE', *, *, #6415, .T. ) ;
#566 = UNCERTAINTY_MEASURE_WITH_UNIT (LENGTH_MEASURE( 1.000000000000000100E-005 ), #5183, 'distance_accuracy_value', 'NONE');
#567 = LINE ( 'NONE', #1632, #1414 ) ;
#568 = ORIENTED_EDGE ( 'NONE', *, *, #8699, .F. ) ;
#569 = CARTESIAN_POINT ( 'NONE',  ( -5.514414158440667200, 16.00000000000000000, -15.55124549639639400 ) ) ;
#570 =( NAMED_UNIT ( * ) PLANE_ANGLE_UNIT ( ) SI_UNIT ( $, .RADIAN. ) );
#571 = CARTESIAN_POINT ( 'NONE',  ( 99.99999999999994300, -164.8038475772933700, -5.000000000000004400 ) ) ;
#572 = DIRECTION ( 'NONE',  ( -0.0000000000000000000, -0.0000000000000000000, -1.000000000000000000 ) ) ;
#573 = SURFACE_STYLE_FILL_AREA ( #9990 ) ;
#574 = VECTOR ( 'NONE', #804, 1000.000000000000000 ) ;
#575 = MECHANICAL_DESIGN_GEOMETRIC_PRESENTATION_REPRESENTATION (  '', ( #48 ), #2104 ) ;
#576 = ORIENTED_EDGE ( 'NONE', *, *, #6685, .T. ) ;
#577 = FACE_OUTER_BOUND ( 'NONE', #7468, .T. ) ;
#578 = EDGE_CURVE ( 'NONE', #8415, #4423, #4857, .T. ) ;
#579 = MECHANICAL_DESIGN_GEOMETRIC_PRESENTATION_REPRESENTATION (  '', ( #8447 ), #3367 ) ;
#580 = SURFACE_STYLE_FILL_AREA ( #6634 ) ;
#581 = DIRECTION ( 'NONE',  ( 0.0000000000000000000, 0.0000000000000000000, 1.000000000000000000 ) ) ;
#582 = UNCERTAINTY_MEASURE_WITH_UNIT (LENGTH_MEASURE( 1.000000000000000100E-005 ), #6250, 'distance_accuracy_value', 'NONE');
#583 = ORIENTED_EDGE ( 'NONE', *, *, #7426, .F. ) ;
#584 = PLANE ( 'NONE',  #6163 ) ;
#585 = EDGE_CURVE ( 'NONE', #6382, #1793, #5738, .T. ) ;
#586 =( NAMED_UNIT ( * ) PLANE_ANGLE_UNIT ( ) SI_UNIT ( $, .RADIAN. ) );
#587 =( NAMED_UNIT ( * ) SI_UNIT ( $, .STERADIAN. ) SOLID_ANGLE_UNIT ( ) );
#588 = VECTOR ( 'NONE', #5481, 1000.000000000000000 ) ;
#589 = CARTESIAN_POINT ( 'NONE',  ( -38.70000000000019500, -19.99999999999997500, 18.99999999999999600 ) ) ;
#590 = VERTEX_POINT ( 'NONE', #7010 ) ;
#591 = DIRECTION ( 'NONE',  ( -0.0000000000000000000, -1.000000000000000000, -0.0000000000000000000 ) ) ;
#592 = COLOUR_RGB ( '',1.000000000000000000, 1.000000000000000000, 1.000000000000000000 ) ;
#593 = VERTEX_POINT ( 'NONE', #9263 ) ;
#594 = AXIS2_PLACEMENT_3D ( 'NONE', #8229, #8961, #6648 ) ;
#595 = ORIENTED_EDGE ( 'NONE', *, *, #6619, .F. ) ;
#596 = ORIENTED_EDGE ( 'NONE', *, *, #9962, .T. ) ;
#597 = CARTESIAN_POINT ( 'NONE',  ( 0.0000000000000000000, 16.00000000000000000, 0.0000000000000000000 ) ) ;
#598 = SURFACE_STYLE_FILL_AREA ( #4314 ) ;
#599 = LINE ( 'NONE', #56, #3989 ) ;
#600 = CARTESIAN_POINT ( 'NONE',  ( 140.0000000000000000, 0.0000000000000000000, -30.00000000000000000 ) ) ;
#601 = ORIENTED_EDGE ( 'NONE', *, *, #1025, .F. ) ;
#602 = DIRECTION ( 'NONE',  ( -0.6785983445458433300, -0.2810846377148289400, -0.6785983445458471100 ) ) ;
#603 = SURFACE_STYLE_USAGE ( .BOTH. , #2094 ) ;
#604 = ORIENTED_EDGE ( 'NONE', *, *, #1673, .F. ) ;
#605 = ORIENTED_EDGE ( 'NONE', *, *, #5531, .T. ) ;
#606 = CARTESIAN_POINT ( 'NONE',  ( 0.0000000000000000000, 0.0000000000000000000, 18.99999999999999600 ) ) ;
#607 = SURFACE_STYLE_FILL_AREA ( #3714 ) ;
#608 = FILL_AREA_STYLE_COLOUR ( '', #8022 ) ;
#609 = DIRECTION ( 'NONE',  ( -0.7071067811865507900, 8.659560562354972300E-017, 0.7071067811865441300 ) ) ;
#610 = ORIENTED_EDGE ( 'NONE', *, *, #3293, .F. ) ;
#611 = MECHANICAL_DESIGN_GEOMETRIC_PRESENTATION_REPRESENTATION (  '', ( #276 ), #9198 ) ;
#612 = AXIS2_PLACEMENT_3D ( 'NONE', #3396, #2490, #3288 ) ;
#613 = VERTEX_POINT ( 'NONE', #6979 ) ;
#614 = CARTESIAN_POINT ( 'NONE',  ( -2.999999999999994700, 20.00000000000000000, -14.00000000000000000 ) ) ;
#615 = ADVANCED_FACE ( 'NONE', ( #6334 ), #3618, .T. ) ;
#616 = LINE ( 'NONE', #1465, #9072 ) ;
#617 = CARTESIAN_POINT ( 'NONE',  ( -44.95000000000012400, -31.99999999999999300, 20.00000000000000000 ) ) ;
#618 = LINE ( 'NONE', #9775, #12 ) ;
#619 = CARTESIAN_POINT ( 'NONE',  ( -45.70000000000000300, -31.99999999999999300, 22.00000000000000000 ) ) ;
#620 = DIRECTION ( 'NONE',  ( 1.000000000000000000, -0.0000000000000000000, -0.0000000000000000000 ) ) ;
#621 = CARTESIAN_POINT ( 'NONE',  ( 128.0000000000000600, -77.99999999999997200, 18.00000000000000000 ) ) ;
#622 = FILL_AREA_STYLE_COLOUR ( '', #5760 ) ;
#623 = FILL_AREA_STYLE_COLOUR ( '', #4675 ) ;
#624 = COLOUR_RGB ( '',1.000000000000000000, 1.000000000000000000, 1.000000000000000000 ) ;
#625 = CARTESIAN_POINT ( 'NONE',  ( 135.0000000000000600, -6.999999999999994700, 30.07317073170731400 ) ) ;
#626 = STYLED_ITEM ( 'NONE', ( #1630 ), #2155 ) ;
#627 = LINE ( 'NONE', #9822, #1337 ) ;
#628 = PRESENTATION_STYLE_ASSIGNMENT (( #9788 ) ) ;
#629 = AXIS2_PLACEMENT_3D ( 'NONE', #7376, #4226, #4266 ) ;
#630 = FILL_AREA_STYLE_COLOUR ( '', #8270 ) ;
#631 = LINE ( 'NONE', #5569, #5546 ) ;
#632 = SURFACE_SIDE_STYLE ('',( #607 ) ) ;
#633 = CIRCLE ( 'NONE', #9434, 2.999999999999999100 ) ;
#634 = DIRECTION ( 'NONE',  ( -0.0000000000000000000, -1.000000000000000000, -0.0000000000000000000 ) ) ;
#635 = ORIENTED_EDGE ( 'NONE', *, *, #9696, .F. ) ;
#636 = DIRECTION ( 'NONE',  ( -1.239088197126291100E-016, 0.0000000000000000000, -1.000000000000000000 ) ) ;
#637 =( GEOMETRIC_REPRESENTATION_CONTEXT ( 3 ) GLOBAL_UNCERTAINTY_ASSIGNED_CONTEXT ( ( #6106 ) ) GLOBAL_UNIT_ASSIGNED_CONTEXT ( ( #4013, #3333, #4821 ) ) REPRESENTATION_CONTEXT ( 'NONE', 'WORKASPACE' ) );
#638 = EDGE_LOOP ( 'NONE', ( #3337, #6087, #1631, #965 ) ) ;
#639 = DIRECTION ( 'NONE',  ( 0.0000000000000000000, 0.0000000000000000000, 1.000000000000000000 ) ) ;
#640 = UNCERTAINTY_MEASURE_WITH_UNIT (LENGTH_MEASURE( 1.000000000000000100E-005 ), #6930, 'distance_accuracy_value', 'NONE');
#641 = EDGE_CURVE ( 'NONE', #814, #9980, #9643, .T. ) ;
#642 = DIRECTION ( 'NONE',  ( 0.0000000000000000000, 0.0000000000000000000, 1.000000000000000000 ) ) ;
#643 = EDGE_CURVE ( 'NONE', #1970, #7658, #5002, .T. ) ;
#644 = CARTESIAN_POINT ( 'NONE',  ( 109.5857864376267700, -109.5857864376270100, 18.00000000000000000 ) ) ;
#645 = VERTEX_POINT ( 'NONE', #9329 ) ;
#646 = LINE ( 'NONE', #6267, #8963 ) ;
#647 = CARTESIAN_POINT ( 'NONE',  ( 129.9289321881345000, -84.99999999999995700, 43.00000000000000000 ) ) ;
#648 = CARTESIAN_POINT ( 'NONE',  ( -10.70000000000012900, -25.99999999999999600, 18.99999999999999600 ) ) ;
#649 = CARTESIAN_POINT ( 'NONE',  ( -38.70000000000000300, -61.99999999999998600, 18.99999999999999600 ) ) ;
#650 = FACE_BOUND ( 'NONE', #187, .T. ) ;
#651 = CARTESIAN_POINT ( 'NONE',  ( -22.46446609406759300, 114.9999999999999700, -22.46446609406727300 ) ) ;
#652 = AXIS2_PLACEMENT_3D ( 'NONE', #3118, #9400, #4705 ) ;
#653 =( NAMED_UNIT ( * ) SI_UNIT ( $, .STERADIAN. ) SOLID_ANGLE_UNIT ( ) );
#654 = VECTOR ( 'NONE', #1330, 1000.000000000000000 ) ;
#655 = EDGE_CURVE ( 'NONE', #8545, #69, #6832, .T. ) ;
#656 = STYLED_ITEM ( 'NONE', ( #815 ), #7729 ) ;
#657 = CARTESIAN_POINT ( 'NONE',  ( -55.00000000000005700, -66.99999999999998600, 0.9289321881345289400 ) ) ;
#658 = CARTESIAN_POINT ( 'NONE',  ( -45.70000000000000300, -67.99999999999998600, 23.00000000000000000 ) ) ;
#659 = ADVANCED_FACE ( 'NONE', ( #7079 ), #4218, .T. ) ;
#660 = ORIENTED_EDGE ( 'NONE', *, *, #1673, .T. ) ;
#661 = CARTESIAN_POINT ( 'NONE',  ( -41.94999999999999600, -13.99999999999999800, 22.00000000000000000 ) ) ;
#662 =( NAMED_UNIT ( * ) SI_UNIT ( $, .STERADIAN. ) SOLID_ANGLE_UNIT ( ) );
#663 = CARTESIAN_POINT ( 'NONE',  ( 118.6367201789783100, 103.1510397613609900, -46.36327982102182700 ) ) ;
#664 = CIRCLE ( 'NONE', #5532, 3.750000000000010200 ) ;
#665 =( GEOMETRIC_REPRESENTATION_CONTEXT ( 3 ) GLOBAL_UNCERTAINTY_ASSIGNED_CONTEXT ( ( #9601 ) ) GLOBAL_UNIT_ASSIGNED_CONTEXT ( ( #7788, #10051, #3846 ) ) REPRESENTATION_CONTEXT ( 'NONE', 'WORKASPACE' ) );
#666 =( GEOMETRIC_REPRESENTATION_CONTEXT ( 3 ) GLOBAL_UNCERTAINTY_ASSIGNED_CONTEXT ( ( #8920 ) ) GLOBAL_UNIT_ASSIGNED_CONTEXT ( ( #7861, #4687, #801 ) ) REPRESENTATION_CONTEXT ( 'NONE', 'WORKASPACE' ) );
#667 = FACE_OUTER_BOUND ( 'NONE', #5253, .T. ) ;
#668 = PLANE ( 'NONE',  #891 ) ;
#669 = ORIENTED_EDGE ( 'NONE', *, *, #3176, .F. ) ;
#670 =( NAMED_UNIT ( * ) PLANE_ANGLE_UNIT ( ) SI_UNIT ( $, .RADIAN. ) );
#671 = EDGE_LOOP ( 'NONE', ( #7680, #4853, #4747, #436 ) ) ;
#672 = DIRECTION ( 'NONE',  ( 0.0000000000000000000, 1.000000000000000000, -0.0000000000000000000 ) ) ;
#673 = VERTEX_POINT ( 'NONE', #6064 ) ;
#674 = DIRECTION ( 'NONE',  ( 0.0000000000000000000, -1.000000000000000000, 0.0000000000000000000 ) ) ;
#675 = CARTESIAN_POINT ( 'NONE',  ( 0.0000000000000000000, 16.00000000000000000, 0.0000000000000000000 ) ) ;
#676 = SURFACE_STYLE_FILL_AREA ( #5197 ) ;
#677 = ORIENTED_EDGE ( 'NONE', *, *, #6165, .F. ) ;
#678 = DIRECTION ( 'NONE',  ( 0.0000000000000000000, 0.0000000000000000000, -1.000000000000000000 ) ) ;
#679 =( LENGTH_UNIT ( ) NAMED_UNIT ( * ) SI_UNIT ( .MILLI., .METRE. ) );
#680 = CARTESIAN_POINT ( 'NONE',  ( -8.700000000000214200, -75.99999999999998600, 18.00000000000000000 ) ) ;
#681 = STYLED_ITEM ( 'NONE', ( #1282 ), #1916 ) ;
#682 = PRODUCT_DEFINITION_FORMATION_WITH_SPECIFIED_SOURCE ( 'ANY', '', #7390, .NOT_KNOWN. ) ;
#683 = ORIENTED_EDGE ( 'NONE', *, *, #2256, .T. ) ;
#684 = FACE_OUTER_BOUND ( 'NONE', #7548, .T. ) ;
#685 =( LENGTH_UNIT ( ) NAMED_UNIT ( * ) SI_UNIT ( .MILLI., .METRE. ) );
#686 = ORIENTED_EDGE ( 'NONE', *, *, #8524, .T. ) ;
#687 = ADVANCED_FACE ( 'NONE', ( #8651 ), #6210, .F. ) ;
#688 =( GEOMETRIC_REPRESENTATION_CONTEXT ( 3 ) GLOBAL_UNCERTAINTY_ASSIGNED_CONTEXT ( ( #1016 ) ) GLOBAL_UNIT_ASSIGNED_CONTEXT ( ( #2063, #4434, #7542 ) ) REPRESENTATION_CONTEXT ( 'NONE', 'WORKASPACE' ) );
#689 = VECTOR ( 'NONE', #8105, 1000.000000000000000 ) ;
#690 = DIRECTION ( 'NONE',  ( 0.0000000000000000000, 0.0000000000000000000, 1.000000000000000000 ) ) ;
#691 = EDGE_LOOP ( 'NONE', ( #1858, #2860, #6691, #5860 ) ) ;
#692 = VECTOR ( 'NONE', #6502, 1000.000000000000000 ) ;
#694 = ORIENTED_EDGE ( 'NONE', *, *, #6093, .T. ) ;
#693 = DIRECTION ( 'NONE',  ( -0.0000000000000000000, -1.000000000000000000, -0.0000000000000000000 ) ) ;
#695 = EDGE_LOOP ( 'NONE', ( #2550, #7340, #3671, #4482, #8424, #2135, #5457, #1760 ) ) ;
#696 = CIRCLE ( 'NONE', #9093, 18.00000000000000000 ) ;
#697 = ORIENTED_EDGE ( 'NONE', *, *, #6030, .F. ) ;
#698 = ORIENTED_EDGE ( 'NONE', *, *, #10121, .F. ) ;
#699 = UNCERTAINTY_MEASURE_WITH_UNIT (LENGTH_MEASURE( 1.000000000000000100E-005 ), #3876, 'distance_accuracy_value', 'NONE');
#700 = STYLED_ITEM ( 'NONE', ( #1891 ), #3409 ) ;
#701 = LINE ( 'NONE', #3678, #1663 ) ;
#702 = ORIENTED_EDGE ( 'NONE', *, *, #8507, .F. ) ;
#703 = PRESENTATION_LAYER_ASSIGNMENT (  '', '', ( #4685 ) ) ;
#704 = DIRECTION ( 'NONE',  ( 0.7071067811865507900, 0.0000000000000000000, 0.7071067811865441300 ) ) ;
#705 =( NAMED_UNIT ( * ) SI_UNIT ( $, .STERADIAN. ) SOLID_ANGLE_UNIT ( ) );
#706 = EDGE_CURVE ( 'NONE', #7478, #3263, #212, .T. ) ;
#707 = DIRECTION ( 'NONE',  ( 1.000000000000000000, 0.0000000000000000000, 0.0000000000000000000 ) ) ;
#708 = FACE_OUTER_BOUND ( 'NONE', #1356, .T. ) ;
#709 = CARTESIAN_POINT ( 'NONE',  ( -50.00000000000007800, 12.99999999999998400, 19.99999999999999600 ) ) ;
#710 = ORIENTED_EDGE ( 'NONE', *, *, #2557, .T. ) ;
#711 = LINE ( 'NONE', #9462, #6715 ) ;
#712 = PRESENTATION_STYLE_ASSIGNMENT (( #1934 ) ) ;
#713 = ORIENTED_EDGE ( 'NONE', *, *, #456, .T. ) ;
#714 = CARTESIAN_POINT ( 'NONE',  ( -51.17157287525386500, -87.99999999999997200, 38.00000000000000000 ) ) ;
#715 = EDGE_LOOP ( 'NONE', ( #303, #8658, #4347, #787 ) ) ;
#716 = SURFACE_SIDE_STYLE ('',( #6813 ) ) ;
#717 = ADVANCED_FACE ( 'NONE', ( #1061 ), #3069, .F. ) ;
#718 = STYLED_ITEM ( 'NONE', ( #7298 ), #4283 ) ;
#719 = EDGE_CURVE ( 'NONE', #2434, #8522, #2361, .T. ) ;
#720 = MECHANICAL_DESIGN_GEOMETRIC_PRESENTATION_REPRESENTATION (  '', ( #5566 ), #51 ) ;
#721 = DIRECTION ( 'NONE',  ( 0.0000000000000000000, 0.0000000000000000000, -1.000000000000000000 ) ) ;
#722 = ORIENTED_EDGE ( 'NONE', *, *, #1996, .F. ) ;
#723 = FILL_AREA_STYLE_COLOUR ( '', #7139 ) ;
#724 = EDGE_LOOP ( 'NONE', ( #994, #601, #710, #8166 ) ) ;
#725 = PLANE ( 'NONE',  #7608 ) ;
#726 = DIRECTION ( 'NONE',  ( 0.7071067811865553400, 1.795075219531774800E-016, 0.7071067811865396900 ) ) ;
#727 = FACE_OUTER_BOUND ( 'NONE', #3125, .T. ) ;
#728 = COLOUR_RGB ( '',1.000000000000000000, 1.000000000000000000, 1.000000000000000000 ) ;
#729 = COLOUR_RGB ( '',1.000000000000000000, 1.000000000000000000, 1.000000000000000000 ) ;
#730 = FILL_AREA_STYLE_COLOUR ( '', #3646 ) ;
#731 = ORIENTED_EDGE ( 'NONE', *, *, #9623, .F. ) ;
#732 = AXIS2_PLACEMENT_3D ( 'NONE', #5105, #5040, #3529 ) ;
#733 = STYLED_ITEM ( 'NONE', ( #6658 ), #8868 ) ;
#734 = ORIENTED_EDGE ( 'NONE', *, *, #6383, .T. ) ;
#735 = CARTESIAN_POINT ( 'NONE',  ( -1.499999999999997300, 16.00000000000000000, 2.598076211353312000 ) ) ;
#736 = FACE_OUTER_BOUND ( 'NONE', #1775, .T. ) ;
#737 = COLOUR_RGB ( '',0.9098039215686274400, 0.4431372549019607600, 0.03137254901960784300 ) ;
#738 = EDGE_CURVE ( 'NONE', #6675, #1681, #1547, .T. ) ;
#739 = CARTESIAN_POINT ( 'NONE',  ( 135.0000000000000000, -66.99999999999992900, -12.92893218813450000 ) ) ;
#740 = CARTESIAN_POINT ( 'NONE',  ( -45.70000000000019500, -13.99999999999999800, 23.00000000000000000 ) ) ;
#741 = EDGE_LOOP ( 'NONE', ( #3486, #6586, #3110, #9493 ) ) ;
#742 = ADVANCED_FACE ( 'NONE', ( #708 ), #4506, .T. ) ;
#743 = VECTOR ( 'NONE', #591, 1000.000000000000000 ) ;
#744 = DIRECTION ( 'NONE',  ( -0.0000000000000000000, -0.0000000000000000000, -1.000000000000000000 ) ) ;
#745 = VECTOR ( 'NONE', #4895, 1000.000000000000000 ) ;
#746 = PRODUCT ( 'rotary switch', 'rotary switch', '', ( #2565 ) ) ;
#747 = AXIS2_PLACEMENT_3D ( 'NONE', #9515, #7292, #1723 ) ;
#748 = SURFACE_STYLE_USAGE ( .BOTH. , #1612 ) ;
#749 = DIRECTION ( 'NONE',  ( 0.0000000000000000000, 0.0000000000000000000, 1.000000000000000000 ) ) ;
#750 = CARTESIAN_POINT ( 'NONE',  ( -55.00000000000005700, 11.96446609406733900, 11.96446609406721100 ) ) ;
#751 = DIRECTION ( 'NONE',  ( 0.0000000000000000000, 0.0000000000000000000, -1.000000000000000000 ) ) ;
#752 = VECTOR ( 'NONE', #8142, 1000.000000000000000 ) ;
#753 = CARTESIAN_POINT ( 'NONE',  ( -38.70000000000019500, -19.99999999999997500, 19.99999999999999600 ) ) ;
#754 = ORIENTED_EDGE ( 'NONE', *, *, #9304, .T. ) ;
#755 = SURFACE_SIDE_STYLE ('',( #2124 ) ) ;
#756 = ORIENTED_EDGE ( 'NONE', *, *, #1343, .F. ) ;
#757 = EDGE_CURVE ( 'NONE', #10098, #7009, #1890, .T. ) ;
#758 = PLANE ( 'NONE',  #8094 ) ;
#759 =( GEOMETRIC_REPRESENTATION_CONTEXT ( 3 ) GLOBAL_UNCERTAINTY_ASSIGNED_CONTEXT ( ( #3987 ) ) GLOBAL_UNIT_ASSIGNED_CONTEXT ( ( #393, #2728, #4169 ) ) REPRESENTATION_CONTEXT ( 'NONE', 'WORKASPACE' ) );
#760 = ORIENTED_EDGE ( 'NONE', *, *, #1540, .F. ) ;
#761 = CYLINDRICAL_SURFACE ( 'NONE', #7143, 20.00000000000000000 ) ;
#762 = EDGE_CURVE ( 'NONE', #6408, #7100, #3729, .T. ) ;
#763 = CARTESIAN_POINT ( 'NONE',  ( -43.15103976136203600, 98.63672017897926000, -46.36327982102082500 ) ) ;
#764 = UNCERTAINTY_MEASURE_WITH_UNIT (LENGTH_MEASURE( 1.000000000000000100E-005 ), #5783, 'distance_accuracy_value', 'NONE');
#765 = SURFACE_STYLE_USAGE ( .BOTH. , #800 ) ;
#766 = DIRECTION ( 'NONE',  ( -0.4999999999999999400, 0.0000000000000000000, 0.8660254037844387100 ) ) ;
#767 = ORIENTED_EDGE ( 'NONE', *, *, #6279, .T. ) ;
#768 = STYLED_ITEM ( 'NONE', ( #8517 ), #3609 ) ;
#769 = EDGE_CURVE ( 'NONE', #113, #4130, #6713, .T. ) ;
#770 = PRESENTATION_LAYER_ASSIGNMENT (  '', '', ( #3507 ) ) ;
#771 = CARTESIAN_POINT ( 'NONE',  ( -8.700000000000214200, -75.99999999999998600, 19.99999999999999600 ) ) ;
#772 = EDGE_CURVE ( 'NONE', #5071, #5180, #10110, .T. ) ;
#773 = FACE_BOUND ( 'NONE', #7217, .T. ) ;
#774 =( NAMED_UNIT ( * ) SI_UNIT ( $, .STERADIAN. ) SOLID_ANGLE_UNIT ( ) );
#775 = CARTESIAN_POINT ( 'NONE',  ( 0.0000000000000000000, 0.0000000000000000000, 0.0000000000000000000 ) ) ;
#776 = COLOUR_RGB ( '',1.000000000000000000, 1.000000000000000000, 1.000000000000000000 ) ;
#777 = COLOUR_RGB ( '',1.000000000000000000, 1.000000000000000000, 1.000000000000000000 ) ;
#778 = DIRECTION ( 'NONE',  ( 1.000000000000000000, 1.261617073437677300E-016, 0.0000000000000000000 ) ) ;
#779 = DIRECTION ( 'NONE',  ( 0.0000000000000000000, 0.0000000000000000000, -1.000000000000000000 ) ) ;
#780 = PLANE ( 'NONE',  #5157 ) ;
#781 = CIRCLE ( 'NONE', #3190, 18.00000000000000000 ) ;
#782 = AXIS2_PLACEMENT_3D ( 'NONE', #4344, #2069, #7551 ) ;
#783 = ADVANCED_FACE ( 'NONE', ( #5491 ), #3813, .T. ) ;
#784 = PLANE ( 'NONE',  #6543 ) ;
#785 = FACE_OUTER_BOUND ( 'NONE', #691, .T. ) ;
#786 = EDGE_CURVE ( 'NONE', #7098, #6833, #3965, .T. ) ;
#787 = ORIENTED_EDGE ( 'NONE', *, *, #5274, .T. ) ;
#788 = DIRECTION ( 'NONE',  ( -1.000000000000000000, 0.0000000000000000000, 0.0000000000000000000 ) ) ;
#789 = CARTESIAN_POINT ( 'NONE',  ( -2.999999999999997800, 16.00000000000000000, 17.74823934929884600 ) ) ;
#790 = DIRECTION ( 'NONE',  ( 1.000000000000000000, 0.0000000000000000000, 0.0000000000000000000 ) ) ;
#791 = ORIENTED_EDGE ( 'NONE', *, *, #3652, .T. ) ;
#792 = SHAPE_DEFINITION_REPRESENTATION ( #1943, #4564 ) ;
#793 = ORIENTED_EDGE ( 'NONE', *, *, #8616, .T. ) ;
#794 = LINE ( 'NONE', #441, #4951 ) ;
#795 = VECTOR ( 'NONE', #10063, 1000.000000000000000 ) ;
#796 = FILL_AREA_STYLE ('',( #7818 ) ) ;
#797 = VERTEX_POINT ( 'NONE', #9320 ) ;
#798 =( LENGTH_UNIT ( ) NAMED_UNIT ( * ) SI_UNIT ( .MILLI., .METRE. ) );
#799 = CARTESIAN_POINT ( 'NONE',  ( 131.9999999999999400, 120.0000000000000100, -24.99999999999999600 ) ) ;
#800 = SURFACE_SIDE_STYLE ('',( #5761 ) ) ;
#801 =( NAMED_UNIT ( * ) SI_UNIT ( $, .STERADIAN. ) SOLID_ANGLE_UNIT ( ) );
#802 = STYLED_ITEM ( 'NONE', ( #6970 ), #1261 ) ;
#803 = STYLED_ITEM ( 'NONE', ( #2420 ), #9407 ) ;
#804 = DIRECTION ( 'NONE',  ( 0.0000000000000000000, 0.0000000000000000000, 1.000000000000000000 ) ) ;
#805 = VECTOR ( 'NONE', #3282, 1000.000000000000000 ) ;
#806 = ORIENTED_EDGE ( 'NONE', *, *, #2898, .F. ) ;
#807 = VECTOR ( 'NONE', #8218, 1000.000000000000000 ) ;
#808 = FACE_OUTER_BOUND ( 'NONE', #5099, .T. ) ;
#809 =( LENGTH_UNIT ( ) NAMED_UNIT ( * ) SI_UNIT ( .MILLI., .METRE. ) );
#810 = ORIENTED_EDGE ( 'NONE', *, *, #2714, .F. ) ;
#811 = DIRECTION ( 'NONE',  ( -0.7071067811865489100, 0.7071067811865462400, 0.0000000000000000000 ) ) ;
#812 = CARTESIAN_POINT ( 'NONE',  ( 0.0000000000000000000, 16.00000000000000000, 0.0000000000000000000 ) ) ;
#813 = ORIENTED_EDGE ( 'NONE', *, *, #1357, .T. ) ;
#814 = VERTEX_POINT ( 'NONE', #6113 ) ;
#815 = PRESENTATION_STYLE_ASSIGNMENT (( #8001 ) ) ;
#816 = COLOUR_RGB ( '',0.9098039215686274400, 0.4431372549019607600, 0.03137254901960784300 ) ;
#817 = SURFACE_STYLE_USAGE ( .BOTH. , #9372 ) ;
#818 = ORIENTED_EDGE ( 'NONE', *, *, #1887, .T. ) ;
#819 = PRESENTATION_LAYER_ASSIGNMENT (  '', '', ( #626 ) ) ;
#820 = CARTESIAN_POINT ( 'NONE',  ( -45.70000000000000300, -67.99999999999998600, 20.00000000000000000 ) ) ;
#821 = AXIS2_PLACEMENT_3D ( 'NONE', #6214, #7822, #6277 ) ;
#822 = DIRECTION ( 'NONE',  ( 9.050731179009430500E-016, 2.297636465997498200E-031, 1.000000000000000000 ) ) ;
#823 = VECTOR ( 'NONE', #6978, 1000.000000000000000 ) ;
#824 = DIRECTION ( 'NONE',  ( 0.0000000000000000000, 0.0000000000000000000, 1.000000000000000000 ) ) ;
#825 = PLANE ( 'NONE',  #8308 ) ;
#826 = ORIENTED_EDGE ( 'NONE', *, *, #8620, .T. ) ;
#827 = UNCERTAINTY_MEASURE_WITH_UNIT (LENGTH_MEASURE( 1.000000000000000100E-005 ), #6734, 'distance_accuracy_value', 'NONE');
#828 = ORIENTED_EDGE ( 'NONE', *, *, #7230, .T. ) ;
#829 = PRODUCT_DEFINITION_SHAPE ( 'NONE', 'NONE',  #10138 ) ;
#830 = PRESENTATION_STYLE_ASSIGNMENT (( #2131 ) ) ;
#831 = PRESENTATION_STYLE_ASSIGNMENT (( #6499 ) ) ;
#832 = MECHANICAL_DESIGN_GEOMETRIC_PRESENTATION_REPRESENTATION (  '', ( #7457 ), #7332 ) ;
#833 = ORIENTED_EDGE ( 'NONE', *, *, #6870, .T. ) ;
#834 = DIRECTION ( 'NONE',  ( 0.0000000000000000000, 0.0000000000000000000, 1.000000000000000000 ) ) ;
#835 = VECTOR ( 'NONE', #6453, 1000.000000000000200 ) ;
#836 = EDGE_CURVE ( 'NONE', #814, #8154, #5238, .T. ) ;
#837 = MECHANICAL_DESIGN_GEOMETRIC_PRESENTATION_REPRESENTATION (  '', ( #5698 ), #2497 ) ;
#838 = LINE ( 'NONE', #4641, #341 ) ;
#839 = CARTESIAN_POINT ( 'NONE',  ( 129.9289321881345000, -84.99999999999995700, 39.68048780487805500 ) ) ;
#840 = ORIENTED_EDGE ( 'NONE', *, *, #9192, .T. ) ;
#841 = VERTEX_POINT ( 'NONE', #7028 ) ;
#842 = DIRECTION ( 'NONE',  ( -3.097720492815726700E-016, -0.0000000000000000000, -1.000000000000000000 ) ) ;
#843 = EDGE_CURVE ( 'NONE', #1417, #10102, #8543, .T. ) ;
#844 = DIRECTION ( 'NONE',  ( 0.0000000000000000000, 0.0000000000000000000, 1.000000000000000000 ) ) ;
#845 = ADVANCED_FACE ( 'NONE', ( #3359 ), #8882, .T. ) ;
#846 = ORIENTED_EDGE ( 'NONE', *, *, #9159, .T. ) ;
#847 = SURFACE_STYLE_USAGE ( .BOTH. , #6282 ) ;
#848 = EDGE_LOOP ( 'NONE', ( #7423, #6600, #1893, #5872 ) ) ;
#849 = VECTOR ( 'NONE', #8949, 1000.000000000000100 ) ;
#850 = FILL_AREA_STYLE ('',( #7011 ) ) ;
#851 = VECTOR ( 'NONE', #1186, 1000.000000000000000 ) ;
#852 = DIRECTION ( 'NONE',  ( -2.846768499340469900E-016, 0.9973337235915658000, -0.07297563831157799500 ) ) ;
#853 = ORIENTED_EDGE ( 'NONE', *, *, #376, .F. ) ;
#854 = FILL_AREA_STYLE_COLOUR ( '', #7913 ) ;
#855 = STYLED_ITEM ( 'NONE', ( #3434 ), #4437 ) ;
#856 = ORIENTED_EDGE ( 'NONE', *, *, #1427, .F. ) ;
#857 = VERTEX_POINT ( 'NONE', #9213 ) ;
#858 = EDGE_CURVE ( 'NONE', #3395, #2998, #8894, .T. ) ;
#859 = MECHANICAL_DESIGN_GEOMETRIC_PRESENTATION_REPRESENTATION (  '', ( #5403 ), #3960 ) ;
#860 = FILL_AREA_STYLE_COLOUR ( '', #5084 ) ;
#861 = FILL_AREA_STYLE ('',( #1687 ) ) ;
#862 = CLOSED_SHELL ( 'NONE', ( #4921, #9001, #4594, #1593, #9062, #9433, #4230, #9842, #5985, #4541, #300, #5344, #1469, #3192, #2305, #3658, #8369 ) ) ;
#863 = ORIENTED_EDGE ( 'NONE', *, *, #772, .F. ) ;
#864 = VECTOR ( 'NONE', #6921, 1000.000000000000000 ) ;
#865 = VECTOR ( 'NONE', #3472, 1000.000000000000000 ) ;
#866 = ADVANCED_FACE ( 'NONE', ( #2249 ), #2965, .F. ) ;
#867 = SURFACE_STYLE_FILL_AREA ( #2908 ) ;
#868 = AXIS2_PLACEMENT_3D ( 'NONE', #6142, #9285, #6998 ) ;
#869 = AXIS2_PLACEMENT_3D ( 'NONE', #7494, #2006, #7521 ) ;
#870 = FACE_OUTER_BOUND ( 'NONE', #3379, .T. ) ;
#871 = CARTESIAN_POINT ( 'NONE',  ( 0.0000000000000000000, 10.00000000000000000, 0.0000000000000000000 ) ) ;
#872 = EDGE_CURVE ( 'NONE', #7282, #5747, #9385, .T. ) ;
#873 = CARTESIAN_POINT ( 'NONE',  ( -6.276043463296103300, 16.00000000000000000, 16.87042614893939800 ) ) ;
#874 = DIRECTION ( 'NONE',  ( 0.0000000000000000000, -0.0000000000000000000, 1.000000000000000000 ) ) ;
#875 = DIRECTION ( 'NONE',  ( 0.5000000000000004400, 0.0000000000000000000, -0.8660254037844383700 ) ) ;
#876 = CARTESIAN_POINT ( 'NONE',  ( 2.999999999999994700, 18.00000000000000400, -14.00000000000000000 ) ) ;
#877 = SURFACE_STYLE_USAGE ( .BOTH. , #3984 ) ;
#878 = PLANE ( 'NONE',  #7814 ) ;
#879 = AXIS2_PLACEMENT_3D ( 'NONE', #8693, #834, #8625 ) ;
#880 = SURFACE_STYLE_FILL_AREA ( #4067 ) ;
#881 = CARTESIAN_POINT ( 'NONE',  ( -55.00000000000007800, 55.00000000000000000, -35.00000000000000000 ) ) ;
#882 = EDGE_LOOP ( 'NONE', ( #5735, #8286, #8405, #7752 ) ) ;
#883 = ORIENTED_EDGE ( 'NONE', *, *, #6237, .T. ) ;
#884 = FILL_AREA_STYLE ('',( #8682 ) ) ;
#885 = ORIENTED_EDGE ( 'NONE', *, *, #7786, .F. ) ;
#886 = ORIENTED_EDGE ( 'NONE', *, *, #4058, .T. ) ;
#887 = PRESENTATION_STYLE_ASSIGNMENT (( #9 ) ) ;
#888 = SURFACE_STYLE_USAGE ( .BOTH. , #168 ) ;
#889 = CARTESIAN_POINT ( 'NONE',  ( 8.000000000000049700, 114.0000000000000000, 15.99999999999999600 ) ) ;
#890 = CARTESIAN_POINT ( 'NONE',  ( 150.0958534728835900, 48.74709275593465200, -19.90414652711636000 ) ) ;
#891 = AXIS2_PLACEMENT_3D ( 'NONE', #8435, #7760, #636 ) ;
#892 = UNCERTAINTY_MEASURE_WITH_UNIT (LENGTH_MEASURE( 1.000000000000000100E-005 ), #5758, 'distance_accuracy_value', 'NONE');
#893 = PRESENTATION_STYLE_ASSIGNMENT (( #1816 ) ) ;
#894 = EDGE_CURVE ( 'NONE', #1058, #2933, #9758, .T. ) ;
#895 = LINE ( 'NONE', #6008, #654 ) ;
#896 = PRESENTATION_STYLE_ASSIGNMENT (( #9075 ) ) ;
#897 = CARTESIAN_POINT ( 'NONE',  ( -45.70000000000000300, -13.99999999999999800, 22.00000000000000000 ) ) ;
#899 = CYLINDRICAL_SURFACE ( 'NONE', #9054, 3.750000000000010200 ) ;
#898 = DIRECTION ( 'NONE',  ( -1.000000000000000000, 0.0000000000000000000, 0.0000000000000000000 ) ) ;
#900 = SURFACE_STYLE_USAGE ( .BOTH. , #4866 ) ;
#901 = PRESENTATION_STYLE_ASSIGNMENT (( #3197 ) ) ;
#902 = ORIENTED_EDGE ( 'NONE', *, *, #7620, .F. ) ;
#903 = EDGE_CURVE ( 'NONE', #8928, #6581, #5720, .T. ) ;
#904 = STYLED_ITEM ( 'NONE', ( #9166 ), #7479 ) ;
#905 = DIRECTION ( 'NONE',  ( 0.0000000000000000000, 1.000000000000000000, -0.0000000000000000000 ) ) ;
#906 = DIRECTION ( 'NONE',  ( 0.0000000000000000000, -0.0000000000000000000, 1.000000000000000000 ) ) ;
#907 = PLANE ( 'NONE',  #2204 ) ;
#908 = CIRCLE ( 'NONE', #9896, 3.000000000000002700 ) ;
#909 = SURFACE_STYLE_FILL_AREA ( #1235 ) ;
#910 = CIRCLE ( 'NONE', #1878, 2.999999999999993800 ) ;
#911 = ORIENTED_EDGE ( 'NONE', *, *, #2555, .F. ) ;
#912 = DIRECTION ( 'NONE',  ( 1.000000000000000000, 0.0000000000000000000, 0.0000000000000000000 ) ) ;
#913 = EDGE_LOOP ( 'NONE', ( #2261, #8185, #7566, #6495 ) ) ;
#914 = CARTESIAN_POINT ( 'NONE',  ( -5.123298599248370700E-015, 20.00000000000000000, -20.00000000000000000 ) ) ;
#915 = PRESENTATION_STYLE_ASSIGNMENT (( #9104 ) ) ;
#916 =( NAMED_UNIT ( * ) SI_UNIT ( $, .STERADIAN. ) SOLID_ANGLE_UNIT ( ) );
#917 = ORIENTED_EDGE ( 'NONE', *, *, #4700, .T. ) ;
#918 = CIRCLE ( 'NONE', #6490, 17.99999999999999600 ) ;
#919 = EDGE_CURVE ( 'NONE', #9831, #6321, #9266, .T. ) ;
#920 = AXIS2_PLACEMENT_3D ( 'NONE', #8249, #9091, #1969 ) ;
#921 = CARTESIAN_POINT ( 'NONE',  ( -8.541180064162155800E-016, 16.00000000000000000, -2.999999999999996000 ) ) ;
#922 = DIRECTION ( 'NONE',  ( 0.5000000000000010000, 0.0000000000000000000, 0.8660254037844381500 ) ) ;
#923 =( LENGTH_UNIT ( ) NAMED_UNIT ( * ) SI_UNIT ( .MILLI., .METRE. ) );
#924 = VERTEX_POINT ( 'NONE', #6984 ) ;
#925 = ORIENTED_EDGE ( 'NONE', *, *, #2256, .F. ) ;
#926 = ORIENTED_EDGE ( 'NONE', *, *, #10010, .F. ) ;
#927 = VECTOR ( 'NONE', #2827, 1000.000000000000100 ) ;
#928 = ORIENTED_EDGE ( 'NONE', *, *, #6030, .T. ) ;
#929 = VECTOR ( 'NONE', #5034, 1000.000000000000000 ) ;
#930 = LINE ( 'NONE', #4968, #8035 ) ;
#931 = ORIENTED_EDGE ( 'NONE', *, *, #3251, .T. ) ;
#932 = CARTESIAN_POINT ( 'NONE',  ( 135.0000000000000300, 0.0000000000000000000, -30.00000000000000400 ) ) ;
#933 = VERTEX_POINT ( 'NONE', #3793 ) ;
#934 =( NAMED_UNIT ( * ) SI_UNIT ( $, .STERADIAN. ) SOLID_ANGLE_UNIT ( ) );
#935 = FILL_AREA_STYLE_COLOUR ( '', #1467 ) ;
#936 =( NAMED_UNIT ( * ) SI_UNIT ( $, .STERADIAN. ) SOLID_ANGLE_UNIT ( ) );
#937 =( LENGTH_UNIT ( ) NAMED_UNIT ( * ) SI_UNIT ( .MILLI., .METRE. ) );
#938 = FACE_BOUND ( 'NONE', #5026, .T. ) ;
#939 = FACE_OUTER_BOUND ( 'NONE', #1236, .T. ) ;
#940 = EDGE_LOOP ( 'NONE', ( #2948, #2459, #7057, #4758 ) ) ;
#941 = VERTEX_POINT ( 'NONE', #2197 ) ;
#942 = SURFACE_STYLE_FILL_AREA ( #6388 ) ;
#943 = ORIENTED_EDGE ( 'NONE', *, *, #3345, .T. ) ;
#944 = DIRECTION ( 'NONE',  ( 0.0000000000000000000, 1.000000000000000000, 0.0000000000000000000 ) ) ;
#945 = SURFACE_SIDE_STYLE ('',( #1754 ) ) ;
#946 = VECTOR ( 'NONE', #5780, 1000.000000000000000 ) ;
#947 = EDGE_CURVE ( 'NONE', #2893, #7670, #6208, .T. ) ;
#948 =( NAMED_UNIT ( * ) PLANE_ANGLE_UNIT ( ) SI_UNIT ( $, .RADIAN. ) );
#949 = ORIENTED_EDGE ( 'NONE', *, *, #3564, .F. ) ;
#950 = FILL_AREA_STYLE_COLOUR ( '', #9574 ) ;
#951 = UNCERTAINTY_MEASURE_WITH_UNIT (LENGTH_MEASURE( 1.000000000000000100E-005 ), #1978, 'distance_accuracy_value', 'NONE');
#952 =( GEOMETRIC_REPRESENTATION_CONTEXT ( 3 ) GLOBAL_UNCERTAINTY_ASSIGNED_CONTEXT ( ( #8416 ) ) GLOBAL_UNIT_ASSIGNED_CONTEXT ( ( #7774, #3056, #4670 ) ) REPRESENTATION_CONTEXT ( 'NONE', 'WORKASPACE' ) );
#953 = COLOUR_RGB ( '',0.9098039215686274400, 0.4431372549019607600, 0.03137254901960784300 ) ;
#954 = ORIENTED_EDGE ( 'NONE', *, *, #1817, .T. ) ;
#955 = ORIENTED_EDGE ( 'NONE', *, *, #9178, .T. ) ;
#956 = MECHANICAL_DESIGN_GEOMETRIC_PRESENTATION_REPRESENTATION (  '', ( #7784 ), #6207 ) ;
#957 =( LENGTH_UNIT ( ) NAMED_UNIT ( * ) SI_UNIT ( .MILLI., .METRE. ) );
#958 = CARTESIAN_POINT ( 'NONE',  ( -10.70000000000000500, -61.99999999999998600, 18.99999999999999600 ) ) ;
#959 = VECTOR ( 'NONE', #8318, 1000.000000000000000 ) ;
#960 = FILL_AREA_STYLE_COLOUR ( '', #64 ) ;
#961 = VECTOR ( 'NONE', #9912, 1000.000000000000000 ) ;
#962 = FACE_OUTER_BOUND ( 'NONE', #3362, .T. ) ;
#963 = EDGE_LOOP ( 'NONE', ( #3478, #1772, #9725, #8244 ) ) ;
#964 = ADVANCED_FACE ( 'NONE', ( #1050, #1288, #7308, #2990, #938, #7059, #8038, #4976, #4085 ), #6191, .T. ) ;
#965 = ORIENTED_EDGE ( 'NONE', *, *, #10077, .T. ) ;
#966 = AXIS2_PLACEMENT_3D ( 'NONE', #9906, #10092, #1267 ) ;
#967 = EDGE_CURVE ( 'NONE', #1446, #4091, #7445, .T. ) ;
#968 = DIRECTION ( 'NONE',  ( 0.0000000000000000000, 0.0000000000000000000, 1.000000000000000000 ) ) ;
#969 = DIRECTION ( 'NONE',  ( -0.0000000000000000000, -1.000000000000000000, -0.0000000000000000000 ) ) ;
#970 = EDGE_CURVE ( 'NONE', #3718, #59, #9507, .T. ) ;
#971 =( LENGTH_UNIT ( ) NAMED_UNIT ( * ) SI_UNIT ( .MILLI., .METRE. ) );
#972 = LINE ( 'NONE', #5143, #1449 ) ;
#973 = APPLICATION_CONTEXT ( 'automotive_design' ) ;
#974 = DIRECTION ( 'NONE',  ( 5.409414040636039400E-015, 0.0000000000000000000, 1.000000000000000000 ) ) ;
#975 = FILL_AREA_STYLE ('',( #9876 ) ) ;
#976 = ORIENTED_EDGE ( 'NONE', *, *, #238, .F. ) ;
#977 = SURFACE_SIDE_STYLE ('',( #4055 ) ) ;
#978 = VECTOR ( 'NONE', #10018, 1000.000000000000000 ) ;
#979 = CARTESIAN_POINT ( 'NONE',  ( -13.87042614893938700, 16.00000000000000000, 11.47219588600274600 ) ) ;
#980 =( LENGTH_UNIT ( ) NAMED_UNIT ( * ) SI_UNIT ( .MILLI., .METRE. ) );
#982 = ORIENTED_EDGE ( 'NONE', *, *, #7371, .F. ) ;
#981 = AXIS2_PLACEMENT_3D ( 'NONE', #6974, #1405, #3679 ) ;
#983 = EDGE_CURVE ( 'NONE', #9138, #9294, #444, .T. ) ;
#984 =( GEOMETRIC_REPRESENTATION_CONTEXT ( 3 ) GLOBAL_UNCERTAINTY_ASSIGNED_CONTEXT ( ( #5789 ) ) GLOBAL_UNIT_ASSIGNED_CONTEXT ( ( #3515, #9898, #9015 ) ) REPRESENTATION_CONTEXT ( 'NONE', 'WORKASPACE' ) );
#985 = DIRECTION ( 'NONE',  ( -1.000000000000000000, 0.0000000000000000000, -0.0000000000000000000 ) ) ;
#986 = LINE ( 'NONE', #2946, #6866 ) ;
#987 = COLOUR_RGB ( '',1.000000000000000000, 1.000000000000000000, 1.000000000000000000 ) ;
#988 = DIRECTION ( 'NONE',  ( 1.000000000000000000, 0.0000000000000000000, 0.0000000000000000000 ) ) ;
#989 = SURFACE_STYLE_USAGE ( .BOTH. , #5686 ) ;
#990 = CARTESIAN_POINT ( 'NONE',  ( -10.70000000000000500, -61.99999999999998600, 18.99999999999999600 ) ) ;
#991 =( NAMED_UNIT ( * ) PLANE_ANGLE_UNIT ( ) SI_UNIT ( $, .RADIAN. ) );
#992 = CIRCLE ( 'NONE', #2864, 17.99999999999999600 ) ;
#993 = SURFACE_STYLE_FILL_AREA ( #3455 ) ;
#994 = ORIENTED_EDGE ( 'NONE', *, *, #8893, .F. ) ;
#995 = PRESENTATION_LAYER_ASSIGNMENT (  '', '', ( #473 ) ) ;
#996 = PRESENTATION_LAYER_ASSIGNMENT (  '', '', ( #8012 ) ) ;
#997 = ORIENTED_EDGE ( 'NONE', *, *, #3061, .F. ) ;
#998 =( NAMED_UNIT ( * ) SI_UNIT ( $, .STERADIAN. ) SOLID_ANGLE_UNIT ( ) );
#999 = DIRECTION ( 'NONE',  ( 0.0000000000000000000, 1.000000000000000000, -0.0000000000000000000 ) ) ;
#1000 = DIRECTION ( 'NONE',  ( -0.7071067811865507900, 8.659560562354972300E-017, 0.7071067811865441300 ) ) ;
#1001 = VERTEX_POINT ( 'NONE', #8551 ) ;
#1002 = PRODUCT_CONTEXT ( 'NONE', #3332, 'mechanical' ) ;
#1003 = DIRECTION ( 'NONE',  ( -0.7071067811865475700, -0.4999999999999972800, 0.5000000000000028900 ) ) ;
#1004 = PRESENTATION_STYLE_ASSIGNMENT (( #4945 ) ) ;
#1005 = CARTESIAN_POINT ( 'NONE',  ( 0.0000000000000000000, 16.00000000000000000, 0.0000000000000000000 ) ) ;
#1006 = UNCERTAINTY_MEASURE_WITH_UNIT (LENGTH_MEASURE( 1.000000000000000100E-005 ), #6249, 'distance_accuracy_value', 'NONE');
#1007 = CARTESIAN_POINT ( 'NONE',  ( -1.500000000000011800, 16.00000000000000000, 2.598076211353333800 ) ) ;
#1008 = AXIS2_PLACEMENT_3D ( 'NONE', #2610, #4237, #8132 ) ;
#1009 =( GEOMETRIC_REPRESENTATION_CONTEXT ( 3 ) GLOBAL_UNCERTAINTY_ASSIGNED_CONTEXT ( ( #2996 ) ) GLOBAL_UNIT_ASSIGNED_CONTEXT ( ( #2609, #1812, #653 ) ) REPRESENTATION_CONTEXT ( 'NONE', 'WORKASPACE' ) );
#1010 = CARTESIAN_POINT ( 'NONE',  ( 0.0000000000000000000, 16.00000000000000000, 0.0000000000000000000 ) ) ;
#1011 =( GEOMETRIC_REPRESENTATION_CONTEXT ( 3 ) GLOBAL_UNCERTAINTY_ASSIGNED_CONTEXT ( ( #566 ) ) GLOBAL_UNIT_ASSIGNED_CONTEXT ( ( #5183, #7576, #2846 ) ) REPRESENTATION_CONTEXT ( 'NONE', 'WORKASPACE' ) );
#1012 = PLANE ( 'NONE',  #782 ) ;
#1013 = ORIENTED_EDGE ( 'NONE', *, *, #7778, .F. ) ;
#1014 = FILL_AREA_STYLE ('',( #6315 ) ) ;
#1015 = CARTESIAN_POINT ( 'NONE',  ( -12.00000000000008300, 30.99999999999998200, 14.99999999999999800 ) ) ;
#1016 = UNCERTAINTY_MEASURE_WITH_UNIT (LENGTH_MEASURE( 1.000000000000000100E-005 ), #2063, 'distance_accuracy_value', 'NONE');
#1017 = DIRECTION ( 'NONE',  ( 0.0000000000000000000, 0.7071067811865436900, -0.7071067811865513500 ) ) ;
#1018 = FACE_OUTER_BOUND ( 'NONE', #3394, .T. ) ;
#1019 = CARTESIAN_POINT ( 'NONE',  ( -45.70000000000000300, -49.99999999999998600, 22.00000000000000000 ) ) ;
#1020 =( LENGTH_UNIT ( ) NAMED_UNIT ( * ) SI_UNIT ( .MILLI., .METRE. ) );
#1021 = ADVANCED_FACE ( 'NONE', ( #2745 ), #1453, .F. ) ;
#1022 = PRESENTATION_LAYER_ASSIGNMENT (  '', '', ( #10118 ) ) ;
#1023 = EDGE_CURVE ( 'NONE', #8917, #6524, #200, .T. ) ;
#1024 = STYLED_ITEM ( 'NONE', ( #7964 ), #6521 ) ;
#1025 = EDGE_CURVE ( 'NONE', #7906, #3092, #2236, .T. ) ;
#1026 = CIRCLE ( 'NONE', #1008, 16.50000000000000000 ) ;
#1027 = VECTOR ( 'NONE', #8460, 1000.000000000000000 ) ;
#1028 = EDGE_LOOP ( 'NONE', ( #2227, #7941 ) ) ;
#1029 = CARTESIAN_POINT ( 'NONE',  ( 102.2889228379661500, 100.2889228379663100, -1.835404510503096900 ) ) ;
#1030 = ORIENTED_EDGE ( 'NONE', *, *, #4157, .T. ) ;
#1031 = VERTEX_POINT ( 'NONE', #4666 ) ;
#1032 = APPLICATION_PROTOCOL_DEFINITION ( 'draft international standard', 'automotive_design', 1998, #3332 ) ;
#1033 = CIRCLE ( 'NONE', #4219, 3.750000000000010200 ) ;
#1034 = CARTESIAN_POINT ( 'NONE',  ( -45.70000000000013100, -31.99999999999999300, 20.00000000000000000 ) ) ;
#1035 = AXIS2_PLACEMENT_3D ( 'NONE', #3532, #5246, #1252 ) ;
#1036 = EDGE_CURVE ( 'NONE', #6321, #4029, #9864, .T. ) ;
#1037 =( GEOMETRIC_REPRESENTATION_CONTEXT ( 3 ) GLOBAL_UNCERTAINTY_ASSIGNED_CONTEXT ( ( #764 ) ) GLOBAL_UNIT_ASSIGNED_CONTEXT ( ( #5783, #1123, #8077 ) ) REPRESENTATION_CONTEXT ( 'NONE', 'WORKASPACE' ) );
#1038 = ORIENTED_EDGE ( 'NONE', *, *, #894, .F. ) ;
#1039 = CARTESIAN_POINT ( 'NONE',  ( -10.70000000000000500, -74.00000000000000000, 18.99999999999999600 ) ) ;
#1040 =( LENGTH_UNIT ( ) NAMED_UNIT ( * ) SI_UNIT ( .MILLI., .METRE. ) );
#1041 = PLANE ( 'NONE',  #3703 ) ;
#1042 = VERTEX_POINT ( 'NONE', #5306 ) ;
#1044 = PRESENTATION_STYLE_ASSIGNMENT (( #1941 ) ) ;
#1043 = DIRECTION ( 'NONE',  ( -0.0000000000000000000, -0.0000000000000000000, -1.000000000000000000 ) ) ;
#1045 = DIRECTION ( 'NONE',  ( 1.000000000000000000, 0.0000000000000000000, 0.0000000000000000000 ) ) ;
#1046 = CARTESIAN_POINT ( 'NONE',  ( -45.70000000000000300, -67.99999999999998600, 22.00000000000000000 ) ) ;
#1047 = CARTESIAN_POINT ( 'NONE',  ( -48.00000000000008500, 14.99999999999998200, 19.99999999999999600 ) ) ;
#1048 = VERTEX_POINT ( 'NONE', #5521 ) ;
#1049 = PLANE ( 'NONE',  #6205 ) ;
#1050 = FACE_BOUND ( 'NONE', #8041, .T. ) ;
#1051 = AXIS2_PLACEMENT_3D ( 'NONE', #7407, #7724, #7393 ) ;
#1052 = ORIENTED_EDGE ( 'NONE', *, *, #9670, .T. ) ;
#1053 = CARTESIAN_POINT ( 'NONE',  ( 1.499999999999998700, 16.00000000000000000, 2.598076211353314200 ) ) ;
#1054 = FILL_AREA_STYLE ('',( #2447 ) ) ;
#1055 = ORIENTED_EDGE ( 'NONE', *, *, #8812, .T. ) ;
#1056 =( NAMED_UNIT ( * ) SI_UNIT ( $, .STERADIAN. ) SOLID_ANGLE_UNIT ( ) );
#1057 = LINE ( 'NONE', #7003, #3970 ) ;
#1058 = VERTEX_POINT ( 'NONE', #57 ) ;
#1059 = EDGE_CURVE ( 'NONE', #7684, #5979, #3843, .T. ) ;
#1060 = DIRECTION ( 'NONE',  ( 0.0000000000000000000, -1.000000000000000000, 0.0000000000000000000 ) ) ;
#1061 = FACE_OUTER_BOUND ( 'NONE', #4377, .T. ) ;
#1062 = LINE ( 'NONE', #3006, #4595 ) ;
#1063 = ORIENTED_EDGE ( 'NONE', *, *, #3061, .T. ) ;
#1064 = DIRECTION ( 'NONE',  ( -0.7071067811865463500, -0.7071067811865487900, 0.0000000000000000000 ) ) ;
#1065 = ORIENTED_EDGE ( 'NONE', *, *, #4418, .T. ) ;
#1066 = CARTESIAN_POINT ( 'NONE',  ( -50.70000000000000300, -31.99999999999999300, 22.00000000000000000 ) ) ;
#1067 = AXIS2_PLACEMENT_3D ( 'NONE', #4384, #8340, #3584 ) ;
#1068 = SURFACE_STYLE_USAGE ( .BOTH. , #8864 ) ;
#1069 = ADVANCED_BREP_SHAPE_REPRESENTATION ( '', ( #4927, #9592 ), #7379 ) ;
#1070 = VECTOR ( 'NONE', #4587, 1000.000000000000100 ) ;
#1071 = ADVANCED_FACE ( 'NONE', ( #4345 ), #1874, .F. ) ;
#1072 = EDGE_LOOP ( 'NONE', ( #9332, #4496, #3962, #5687, #9816, #5728, #4023, #6079, #5996, #2885, #9088, #4724, #2778, #5623, #683, #4328, #6607, #2238, #2630, #6198, #4874, #8201, #7170, #1671, #2637, #4099, #1648, #2683, #3102, #8562, #1094, #1290, #635, #1739, #9734, #4532, #806, #4548, #4068, #6239, #7702, #5103, #1321, #167, #2487, #9250, #7980, #6765, #5792 ) ) ;
#1073 = UNCERTAINTY_MEASURE_WITH_UNIT (LENGTH_MEASURE( 1.000000000000000100E-005 ), #7893, 'distance_accuracy_value', 'NONE');
#1074 = SURFACE_STYLE_FILL_AREA ( #2278 ) ;
#1075 = LINE ( 'NONE', #7244, #8425 ) ;
#1076 = LINE ( 'NONE', #8613, #2134 ) ;
#1077 = DIRECTION ( 'NONE',  ( 0.0000000000000000000, 1.000000000000000000, -0.0000000000000000000 ) ) ;
#1078 = ORIENTED_EDGE ( 'NONE', *, *, #10061, .T. ) ;
#1079 = ORIENTED_EDGE ( 'NONE', *, *, #8281, .T. ) ;
#1080 = CARTESIAN_POINT ( 'NONE',  ( -30.00000000000008200, 90.00000000000001400, 12.99999999999999800 ) ) ;
#1081 = ORIENTED_EDGE ( 'NONE', *, *, #6274, .T. ) ;
#1082 = CARTESIAN_POINT ( 'NONE',  ( -56.76516535585638900, -80.99219395702438400, 39.18684340202374000 ) ) ;
#1083 = CARTESIAN_POINT ( 'NONE',  ( 2.598076211353304900, 16.00000000000000000, -1.499999999999997300 ) ) ;
#1084 = EDGE_LOOP ( 'NONE', ( #9271, #677, #3150, #2036 ) ) ;
#1085 = EDGE_CURVE ( 'NONE', #1667, #6843, #9253, .T. ) ;
#1086 = CARTESIAN_POINT ( 'NONE',  ( -19.99999999999998900, -89.99999999999997200, -11.00000000000001100 ) ) ;
#1087 =( NAMED_UNIT ( * ) SI_UNIT ( $, .STERADIAN. ) SOLID_ANGLE_UNIT ( ) );
#1088 = LINE ( 'NONE', #181, #3147 ) ;
#1089 = PRESENTATION_LAYER_ASSIGNMENT (  '', '', ( #1144 ) ) ;
#1090 = VERTEX_POINT ( 'NONE', #1613 ) ;
#1091 = EDGE_CURVE ( 'NONE', #5171, #1854, #5350, .T. ) ;
#1093 = VERTEX_POINT ( 'NONE', #3863 ) ;
#1092 = DIRECTION ( 'NONE',  ( 0.0000000000000000000, -1.000000000000000000, 0.0000000000000000000 ) ) ;
#1094 = ORIENTED_EDGE ( 'NONE', *, *, #5514, .F. ) ;
#1095 = CARTESIAN_POINT ( 'NONE',  ( 99.99999999999994300, -164.8038475772933700, -2.000000000000001800 ) ) ;
#1096 =( NAMED_UNIT ( * ) SI_UNIT ( $, .STERADIAN. ) SOLID_ANGLE_UNIT ( ) );
#1097 = FACE_OUTER_BOUND ( 'NONE', #1573, .T. ) ;
#1098 = VERTEX_POINT ( 'NONE', #5548 ) ;
#1099 = MECHANICAL_DESIGN_GEOMETRIC_PRESENTATION_REPRESENTATION (  '', ( #7070 ), #9174 ) ;
#1100 = CIRCLE ( 'NONE', #2811, 3.750000000000010200 ) ;
#1101 = CARTESIAN_POINT ( 'NONE',  ( 5.514414158440663600, 0.0000000000000000000, 15.55124549639639600 ) ) ;
#1102 = EDGE_CURVE ( 'NONE', #4924, #4319, #7176, .T. ) ;
#1103 = MECHANICAL_DESIGN_GEOMETRIC_PRESENTATION_REPRESENTATION (  '', ( #904 ), #4427 ) ;
#1104 = CARTESIAN_POINT ( 'NONE',  ( -52.00000000000004300, -89.99999999999997200, 18.00000000000000000 ) ) ;
#1105 = DIRECTION ( 'NONE',  ( 1.000000000000000000, 0.0000000000000000000, 0.0000000000000000000 ) ) ;
#1106 = VECTOR ( 'NONE', #4374, 1000.000000000000000 ) ;
#1107 = EDGE_CURVE ( 'NONE', #1626, #7693, #8401, .T. ) ;
#1108 = DIRECTION ( 'NONE',  ( 0.0000000000000000000, 0.0000000000000000000, 1.000000000000000000 ) ) ;
#1109 = CARTESIAN_POINT ( 'NONE',  ( -70.29696727866951300, 101.2605347207481400, 211.5000000000001700 ) ) ;
#1110 = DIRECTION ( 'NONE',  ( 0.0000000000000000000, 1.000000000000000000, 0.0000000000000000000 ) ) ;
#1111 = PRESENTATION_STYLE_ASSIGNMENT (( #7377 ) ) ;
#1112 =( NAMED_UNIT ( * ) PLANE_ANGLE_UNIT ( ) SI_UNIT ( $, .RADIAN. ) );
#1113 = VECTOR ( 'NONE', #9668, 1000.000000000000000 ) ;
#1114 = DIRECTION ( 'NONE',  ( 0.0000000000000000000, 0.0000000000000000000, -1.000000000000000000 ) ) ;
#1115 = PRESENTATION_LAYER_ASSIGNMENT (  '', '', ( #3185 ) ) ;
#1116 = FILL_AREA_STYLE_COLOUR ( '', #1552 ) ;
#1117 = DIRECTION ( 'NONE',  ( -0.0000000000000000000, 0.0000000000000000000, 1.000000000000000000 ) ) ;
#1118 = EDGE_CURVE ( 'NONE', #2998, #1854, #2976, .T. ) ;
#1119 = CARTESIAN_POINT ( 'NONE',  ( -54.00000000000003600, -5.999999999999992900, 18.00000000000000000 ) ) ;
#1120 = CARTESIAN_POINT ( 'NONE',  ( -57.00000000000005000, -80.75735931288072300, 29.47005068143029400 ) ) ;
#1121 = PRESENTATION_STYLE_ASSIGNMENT (( #8092 ) ) ;
#1122 =( NAMED_UNIT ( * ) PLANE_ANGLE_UNIT ( ) SI_UNIT ( $, .RADIAN. ) );
#1123 =( NAMED_UNIT ( * ) PLANE_ANGLE_UNIT ( ) SI_UNIT ( $, .RADIAN. ) );
#1124 = FACE_OUTER_BOUND ( 'NONE', #4103, .T. ) ;
#1125 = ORIENTED_EDGE ( 'NONE', *, *, #6333, .F. ) ;
#1126 = FILL_AREA_STYLE_COLOUR ( '', #2539 ) ;
#1127 = ADVANCED_FACE ( 'NONE', ( #7673 ), #9173, .F. ) ;
#1128 =( LENGTH_UNIT ( ) NAMED_UNIT ( * ) SI_UNIT ( .MILLI., .METRE. ) );
#1129 = ORIENTED_EDGE ( 'NONE', *, *, #1800, .F. ) ;
#1130 = CARTESIAN_POINT ( 'NONE',  ( -60.00000000000005700, -72.00000000000000000, -14.99999999999997900 ) ) ;
#1131 = PRESENTATION_LAYER_ASSIGNMENT (  '', '', ( #8997 ) ) ;
#1132 = STYLED_ITEM ( 'NONE', ( #4195 ), #2088 ) ;
#1133 = ORIENTED_EDGE ( 'NONE', *, *, #6942, .F. ) ;
#1134 = VECTOR ( 'NONE', #4749, 1000.000000000000000 ) ;
#1136 = DIRECTION ( 'NONE',  ( 0.7071067811865514600, -1.103971260012023200E-016, -0.7071067811865435800 ) ) ;
#1135 = UNCERTAINTY_MEASURE_WITH_UNIT (LENGTH_MEASURE( 1.000000000000000100E-005 ), #9066, 'distance_accuracy_value', 'NONE');
#1137 = DIRECTION ( 'NONE',  ( -0.0000000000000000000, -0.0000000000000000000, -1.000000000000000000 ) ) ;
#1138 = DIRECTION ( 'NONE',  ( -0.7071067811865430200, -1.795075219531743700E-016, 0.7071067811865521200 ) ) ;
#1139 = CARTESIAN_POINT ( 'NONE',  ( 16.87042614893940100, 16.00000000000000000, 6.276043463296106900 ) ) ;
#1140 = FACE_BOUND ( 'NONE', #4027, .T. ) ;
#1141 = VECTOR ( 'NONE', #6062, 999.9999999999998900 ) ;
#1142 = CARTESIAN_POINT ( 'NONE',  ( 8.541180064162178500E-016, 16.00000000000000000, 3.000000000000004000 ) ) ;
#1143 = MECHANICAL_DESIGN_GEOMETRIC_PRESENTATION_REPRESENTATION (  '', ( #626 ), #7842 ) ;
#1144 = STYLED_ITEM ( 'NONE', ( #5318 ), #5882 ) ;
#1145 = DIRECTION ( 'NONE',  ( 9.337170298773826700E-017, 0.9924997185854459400, -0.1222469165574757400 ) ) ;
#1146 = ORIENTED_EDGE ( 'NONE', *, *, #3564, .T. ) ;
#1147 = FILL_AREA_STYLE ('',( #269 ) ) ;
#1148 = VECTOR ( 'NONE', #1138, 1000.000000000000000 ) ;
#1149 = SURFACE_STYLE_USAGE ( .BOTH. , #7398 ) ;
#1150 = DIRECTION ( 'NONE',  ( -1.000000000000000000, -2.312964634635743000E-016, 0.0000000000000000000 ) ) ;
#1151 = VECTOR ( 'NONE', #4452, 1000.000000000000000 ) ;
#1152 =( NAMED_UNIT ( * ) PLANE_ANGLE_UNIT ( ) SI_UNIT ( $, .RADIAN. ) );
#1153 = SURFACE_SIDE_STYLE ('',( #4908 ) ) ;
#1154 = SURFACE_SIDE_STYLE ('',( #6063 ) ) ;
#1155 = AXIS2_PLACEMENT_3D ( 'NONE', #6406, #7988, #4934 ) ;
#1156 = ORIENTED_EDGE ( 'NONE', *, *, #228, .F. ) ;
#1157 = EDGE_CURVE ( 'NONE', #1481, #2107, #1195, .T. ) ;
#1158 = PRESENTATION_LAYER_ASSIGNMENT (  '', '', ( #6092 ) ) ;
#1159 = CARTESIAN_POINT ( 'NONE',  ( -49.92893218813453200, -84.99999999999997200, 29.78048780487804600 ) ) ;
#1160 = DIRECTION ( 'NONE',  ( 0.0000000000000000000, -1.000000000000000000, 1.561251128379126400E-016 ) ) ;
#1161 = EDGE_CURVE ( 'NONE', #7219, #4995, #6347, .T. ) ;
#1162 = ORIENTED_EDGE ( 'NONE', *, *, #7735, .F. ) ;
#1163 = PRESENTATION_STYLE_ASSIGNMENT (( #9046 ) ) ;
#1164 = ORIENTED_EDGE ( 'NONE', *, *, #7885, .F. ) ;
#1165 = CARTESIAN_POINT ( 'NONE',  ( -50.75735931288078000, -86.99999999999995700, 43.00000000000000000 ) ) ;
#1166 = DIRECTION ( 'NONE',  ( -0.0000000000000000000, -1.000000000000000000, -0.0000000000000000000 ) ) ;
#1167 = PRESENTATION_LAYER_ASSIGNMENT (  '', '', ( #8518 ) ) ;
#1168 = VERTEX_POINT ( 'NONE', #9840 ) ;
#1169 = COLOUR_RGB ( '',1.000000000000000000, 1.000000000000000000, 1.000000000000000000 ) ;
#1170 = ORIENTED_EDGE ( 'NONE', *, *, #8267, .F. ) ;
#1171 = ADVANCED_FACE ( 'NONE', ( #4868 ), #8258, .F. ) ;
#1172 = EDGE_CURVE ( 'NONE', #1804, #9501, #9286, .T. ) ;
#1173 = PRESENTATION_LAYER_ASSIGNMENT (  '', '', ( #1685 ) ) ;
#1174 = LINE ( 'NONE', #1576, #4983 ) ;
#1175 = ORIENTED_EDGE ( 'NONE', *, *, #7267, .T. ) ;
#1176 = CARTESIAN_POINT ( 'NONE',  ( -1.500000000000012400, 16.00000000000000000, -2.598076211353328400 ) ) ;
#1177 = ORIENTED_EDGE ( 'NONE', *, *, #5790, .F. ) ;
#1178 = PLANE ( 'NONE',  #2271 ) ;
#1179 =( NAMED_UNIT ( * ) SI_UNIT ( $, .STERADIAN. ) SOLID_ANGLE_UNIT ( ) );
#1180 =( NAMED_UNIT ( * ) SI_UNIT ( $, .STERADIAN. ) SOLID_ANGLE_UNIT ( ) );
#1181 = VERTEX_POINT ( 'NONE', #9029 ) ;
#1182 = CARTESIAN_POINT ( 'NONE',  ( -30.00000000000008200, 30.99999999999998200, 15.00000000000000000 ) ) ;
#1183 = ORIENTED_EDGE ( 'NONE', *, *, #903, .T. ) ;
#1184 = VERTEX_POINT ( 'NONE', #1348 ) ;
#1185 =( GEOMETRIC_REPRESENTATION_CONTEXT ( 3 ) GLOBAL_UNCERTAINTY_ASSIGNED_CONTEXT ( ( #143 ) ) GLOBAL_UNIT_ASSIGNED_CONTEXT ( ( #4514, #5331, #8497 ) ) REPRESENTATION_CONTEXT ( 'NONE', 'WORKASPACE' ) );
#1186 = DIRECTION ( 'NONE',  ( -0.0000000000000000000, -1.000000000000000000, -0.0000000000000000000 ) ) ;
#1187 = CARTESIAN_POINT ( 'NONE',  ( -54.00000000000003600, -3.964464754898614500E-015, 18.00000000000000000 ) ) ;
#1188 = LINE ( 'NONE', #3758, #1789 ) ;
#1189 = ORIENTED_EDGE ( 'NONE', *, *, #643, .T. ) ;
#1190 = COLOUR_RGB ( '',1.000000000000000000, 1.000000000000000000, 1.000000000000000000 ) ;
#1191 = ORIENTED_EDGE ( 'NONE', *, *, #1172, .F. ) ;
#1192 =( LENGTH_UNIT ( ) NAMED_UNIT ( * ) SI_UNIT ( .MILLI., .METRE. ) );
#1193 = PLANE ( 'NONE',  #732 ) ;
#1194 = ORIENTED_EDGE ( 'NONE', *, *, #7371, .T. ) ;
#1195 = LINE ( 'NONE', #6027, #8057 ) ;
#1196 = CARTESIAN_POINT ( 'NONE',  ( -32.16924708000149000, 108.3375307840661900, -3.662469215933808800 ) ) ;
#1197 = DIRECTION ( 'NONE',  ( -1.067522139062650400E-016, 1.000000000000000000, 0.0000000000000000000 ) ) ;
#1198 = UNCERTAINTY_MEASURE_WITH_UNIT (LENGTH_MEASURE( 1.000000000000000100E-005 ), #8719, 'distance_accuracy_value', 'NONE');
#1199 = CARTESIAN_POINT ( 'NONE',  ( 15.55124549639639900, 16.00000000000000000, 5.514414158440658300 ) ) ;
#1200 = PRESENTATION_STYLE_ASSIGNMENT (( #877 ) ) ;
#1201 = VECTOR ( 'NONE', #2196, 1000.000000000000000 ) ;
#1202 = PRESENTATION_LAYER_ASSIGNMENT (  '', '', ( #2399 ) ) ;
#1203 =( GEOMETRIC_REPRESENTATION_CONTEXT ( 3 ) GLOBAL_UNCERTAINTY_ASSIGNED_CONTEXT ( ( #7429 ) ) GLOBAL_UNIT_ASSIGNED_CONTEXT ( ( #5859, #8225, #9685 ) ) REPRESENTATION_CONTEXT ( 'NONE', 'WORKASPACE' ) );
#1204 = ORIENTED_EDGE ( 'NONE', *, *, #9292, .T. ) ;
#1205 = ORIENTED_EDGE ( 'NONE', *, *, #1347, .T. ) ;
#1206 = VECTOR ( 'NONE', #4806, 1000.000000000000000 ) ;
#1207 = VERTEX_POINT ( 'NONE', #1278 ) ;
#1208 =( LENGTH_UNIT ( ) NAMED_UNIT ( * ) SI_UNIT ( .MILLI., .METRE. ) );
#1209 = SURFACE_SIDE_STYLE ('',( #6372 ) ) ;
#1210 = FILL_AREA_STYLE ('',( #4390 ) ) ;
#1211 = AXIS2_PLACEMENT_3D ( 'NONE', #3617, #1273, #2043 ) ;
#1212 = CIRCLE ( 'NONE', #9708, 3.000000000000002700 ) ;
#1213 = PRESENTATION_LAYER_ASSIGNMENT (  '', '', ( #3816 ) ) ;
#1214 = CARTESIAN_POINT ( 'NONE',  ( -10.70000000000000500, -74.00000000000000000, 18.99999999999999600 ) ) ;
#1215 = EDGE_CURVE ( 'NONE', #4820, #9996, #10009, .T. ) ;
#1216 = ORIENTED_EDGE ( 'NONE', *, *, #2105, .T. ) ;
#1217 = DIRECTION ( 'NONE',  ( -0.0000000000000000000, -0.0000000000000000000, -1.000000000000000000 ) ) ;
#1218 = CARTESIAN_POINT ( 'NONE',  ( -6.276043463296116600, 16.00000000000000000, -16.87042614893939800 ) ) ;
#1219 = ADVANCED_FACE ( 'NONE', ( #8194 ), #3593, .F. ) ;
#1220 = LINE ( 'NONE', #2029, #1336 ) ;
#1221 = CARTESIAN_POINT ( 'NONE',  ( -38.70000000000019500, -7.999999999999992900, 18.99999999999999600 ) ) ;
#1222 = FILL_AREA_STYLE ('',( #2057 ) ) ;
#1223 = AXIS2_PLACEMENT_3D ( 'NONE', #7220, #8813, #8071 ) ;
#1224 = EDGE_CURVE ( 'NONE', #2893, #9893, #4370, .T. ) ;
#1225 = AXIS2_PLACEMENT_3D ( 'NONE', #9335, #10065, #7867 ) ;
#1227 = EDGE_LOOP ( 'NONE', ( #1081, #3526, #7678, #9067 ) ) ;
#1226 = DIRECTION ( 'NONE',  ( -1.000000000000000000, -1.067522139062650400E-016, 0.0000000000000000000 ) ) ;
#1228 = CARTESIAN_POINT ( 'NONE',  ( -38.70000000000019500, -19.99999999999997500, 18.99999999999999600 ) ) ;
#1229 = FACE_OUTER_BOUND ( 'NONE', #3994, .T. ) ;
#1230 = SURFACE_SIDE_STYLE ('',( #1930 ) ) ;
#1231 = VECTOR ( 'NONE', #7221, 999.9999999999998900 ) ;
#1232 = ORIENTED_EDGE ( 'NONE', *, *, #8328, .F. ) ;
#1233 = ORIENTED_EDGE ( 'NONE', *, *, #8844, .T. ) ;
#1234 = SURFACE_STYLE_USAGE ( .BOTH. , #8241 ) ;
#1235 = FILL_AREA_STYLE ('',( #461 ) ) ;
#1236 = EDGE_LOOP ( 'NONE', ( #1233, #4970, #7837, #9394 ) ) ;
#1237 = SURFACE_SIDE_STYLE ('',( #6846 ) ) ;
#1238 = SURFACE_STYLE_USAGE ( .BOTH. , #1209 ) ;
#1239 = CARTESIAN_POINT ( 'NONE',  ( -38.70000000000013100, -37.99999999999997900, 18.99999999999999600 ) ) ;
#1240 = AXIS2_PLACEMENT_3D ( 'NONE', #442, #7474, #8959 ) ;
#1241 = PRESENTATION_LAYER_ASSIGNMENT (  '', '', ( #1439 ) ) ;
#1242 = ADVANCED_FACE ( 'NONE', ( #3985 ), #4196, .T. ) ;
#1243 = DIRECTION ( 'NONE',  ( -1.000000000000000000, 0.0000000000000000000, 0.0000000000000000000 ) ) ;
#1244 = EDGE_CURVE ( 'NONE', #6408, #6153, #3017, .T. ) ;
#1245 = CARTESIAN_POINT ( 'NONE',  ( 0.0000000000000000000, 16.00000000000000000, -18.00000000000000000 ) ) ;
#1246 = CIRCLE ( 'NONE', #8221, 16.50000000000000000 ) ;
#1247 = CARTESIAN_POINT ( 'NONE',  ( 1.499999999999998700, 0.0000000000000000000, 2.598076211353314200 ) ) ;
#1248 = FILL_AREA_STYLE_COLOUR ( '', #4614 ) ;
#1249 = ORIENTED_EDGE ( 'NONE', *, *, #5188, .T. ) ;
#1250 = UNCERTAINTY_MEASURE_WITH_UNIT (LENGTH_MEASURE( 1.000000000000000100E-005 ), #4553, 'distance_accuracy_value', 'NONE');
#1251 = CARTESIAN_POINT ( 'NONE',  ( 0.0000000000000000000, 16.00000000000000000, 0.0000000000000000000 ) ) ;
#1252 = DIRECTION ( 'NONE',  ( -1.000000000000000000, 0.0000000000000000000, 0.0000000000000000000 ) ) ;
#1253 = STYLED_ITEM ( 'NONE', ( #4955 ), #1962 ) ;
#1254 =( GEOMETRIC_REPRESENTATION_CONTEXT ( 3 ) GLOBAL_UNCERTAINTY_ASSIGNED_CONTEXT ( ( #9544 ) ) GLOBAL_UNIT_ASSIGNED_CONTEXT ( ( #923, #991, #8083 ) ) REPRESENTATION_CONTEXT ( 'NONE', 'WORKASPACE' ) );
#1255 = VECTOR ( 'NONE', #9275, 1000.000000000000000 ) ;
#1256 =( NAMED_UNIT ( * ) PLANE_ANGLE_UNIT ( ) SI_UNIT ( $, .RADIAN. ) );
#1257 = VECTOR ( 'NONE', #1293, 999.9999999999998900 ) ;
#1258 = DIRECTION ( 'NONE',  ( 1.000000000000000000, 0.0000000000000000000, 0.0000000000000000000 ) ) ;
#1259 = AXIS2_PLACEMENT_3D ( 'NONE', #9674, #5648, #5781 ) ;
#1260 = EDGE_LOOP ( 'NONE', ( #4163, #6807, #440, #8993 ) ) ;
#1261 = ADVANCED_FACE ( 'NONE', ( #4107 ), #5161, .F. ) ;
#1262 = ORIENTED_EDGE ( 'NONE', *, *, #2643, .F. ) ;
#1263 = EDGE_CURVE ( 'NONE', #2350, #941, #6716, .T. ) ;
#1264 = DIRECTION ( 'NONE',  ( 0.0000000000000000000, 1.000000000000000000, -0.0000000000000000000 ) ) ;
#1265 = AXIS2_PLACEMENT_3D ( 'NONE', #1908, #8881, #2623 ) ;
#1266 = ORIENTED_EDGE ( 'NONE', *, *, #5899, .F. ) ;
#1267 = DIRECTION ( 'NONE',  ( -1.000000000000000000, 0.0000000000000000000, 0.0000000000000000000 ) ) ;
#1268 = ORIENTED_EDGE ( 'NONE', *, *, #7413, .T. ) ;
#1269 = EDGE_CURVE ( 'NONE', #7939, #2186, #4102, .T. ) ;
#1271 = LINE ( 'NONE', #2963, #1151 ) ;
#1270 = DIRECTION ( 'NONE',  ( 1.239088197126290800E-016, 0.0000000000000000000, 1.000000000000000000 ) ) ;
#1272 = LINE ( 'NONE', #4875, #9370 ) ;
#1273 = DIRECTION ( 'NONE',  ( -0.7071067811865475700, 0.7071067811865475700, 0.0000000000000000000 ) ) ;
#1274 = ORIENTED_EDGE ( 'NONE', *, *, #4302, .F. ) ;
#1275 = DIRECTION ( 'NONE',  ( -0.7071067811865489100, 0.7071067811865462400, 0.0000000000000000000 ) ) ;
#1276 = CIRCLE ( 'NONE', #3042, 4.549999999999998900 ) ;
#1277 = DIRECTION ( 'NONE',  ( -0.7071067811865507900, 8.659560562354972300E-017, 0.7071067811865441300 ) ) ;
#1278 = CARTESIAN_POINT ( 'NONE',  ( -42.00000000000007100, 119.9999999999999700, -9.999999999999989300 ) ) ;
#1279 = ORIENTED_EDGE ( 'NONE', *, *, #6403, .T. ) ;
#1280 = SURFACE_STYLE_FILL_AREA ( #5234 ) ;
#1281 = PRESENTATION_LAYER_ASSIGNMENT (  '', '', ( #6938 ) ) ;
#1282 = PRESENTATION_STYLE_ASSIGNMENT (( #3470 ) ) ;
#1283 = EDGE_CURVE ( 'NONE', #8791, #2677, #4365, .T. ) ;
#1284 =( GEOMETRIC_REPRESENTATION_CONTEXT ( 3 ) GLOBAL_UNCERTAINTY_ASSIGNED_CONTEXT ( ( #451 ) ) GLOBAL_UNIT_ASSIGNED_CONTEXT ( ( #9665, #5741, #9627 ) ) REPRESENTATION_CONTEXT ( 'NONE', 'WORKASPACE' ) );
#1285 = ORIENTED_EDGE ( 'NONE', *, *, #8126, .T. ) ;
#1286 = FILL_AREA_STYLE ('',( #6033 ) ) ;
#1287 = EDGE_CURVE ( 'NONE', #2989, #8890, #6827, .T. ) ;
#1288 = FACE_BOUND ( 'NONE', #6864, .T. ) ;
#1289 = ADVANCED_FACE ( 'NONE', ( #4609 ), #6461, .T. ) ;
#1290 = ORIENTED_EDGE ( 'NONE', *, *, #5134, .T. ) ;
#1291 = FACE_OUTER_BOUND ( 'NONE', #1646, .T. ) ;
#1292 =( NAMED_UNIT ( * ) PLANE_ANGLE_UNIT ( ) SI_UNIT ( $, .RADIAN. ) );
#1293 = DIRECTION ( 'NONE',  ( -0.4999999999999999400, 0.0000000000000000000, 0.8660254037844387100 ) ) ;
#1294 = ORIENTED_EDGE ( 'NONE', *, *, #1607, .T. ) ;
#1295 = CARTESIAN_POINT ( 'NONE',  ( -2.999999999999994700, 18.00000000000000400, -14.00000000000000000 ) ) ;
#1296 = PRESENTATION_LAYER_ASSIGNMENT (  '', '', ( #9892 ) ) ;
#1297 = LINE ( 'NONE', #1513, #8653 ) ;
#1298 = EDGE_CURVE ( 'NONE', #6918, #8545, #8660, .T. ) ;
#1299 = MECHANICAL_DESIGN_GEOMETRIC_PRESENTATION_REPRESENTATION (  '', ( #3709 ), #6761 ) ;
#1300 = CARTESIAN_POINT ( 'NONE',  ( -38.70000000000006700, -55.99999999999997900, 18.99999999999999600 ) ) ;
#1301 = EDGE_LOOP ( 'NONE', ( #9399, #5021, #8295, #7093, #7344, #6423 ) ) ;
#1302 = SURFACE_STYLE_FILL_AREA ( #3413 ) ;
#1303 = ORIENTED_EDGE ( 'NONE', *, *, #4181, .F. ) ;
#1304 = CARTESIAN_POINT ( 'NONE',  ( 8.000000000000003600, 68.00000000000002800, 15.99999999999999600 ) ) ;
#1305 = DIRECTION ( 'NONE',  ( -0.8660254037844380400, 0.0000000000000000000, 0.5000000000000008900 ) ) ;
#1306 = PLANE ( 'NONE',  #3265 ) ;
#1307 = UNCERTAINTY_MEASURE_WITH_UNIT (LENGTH_MEASURE( 1.000000000000000100E-005 ), #9587, 'distance_accuracy_value', 'NONE');
#1308 = DIRECTION ( 'NONE',  ( 0.0000000000000000000, 0.0000000000000000000, 1.000000000000000000 ) ) ;
#1309 = UNCERTAINTY_MEASURE_WITH_UNIT (LENGTH_MEASURE( 1.000000000000000100E-005 ), #1394, 'distance_accuracy_value', 'NONE');
#1310 = ORIENTED_EDGE ( 'NONE', *, *, #4143, .T. ) ;
#1311 = DIRECTION ( 'NONE',  ( 0.0000000000000000000, 0.0000000000000000000, -1.000000000000000000 ) ) ;
#1312 = ORIENTED_EDGE ( 'NONE', *, *, #6805, .T. ) ;
#1313 = ORIENTED_EDGE ( 'NONE', *, *, #2060, .F. ) ;
#1314 = DIRECTION ( 'NONE',  ( -1.000000000000000000, -1.067522139062650400E-016, 0.0000000000000000000 ) ) ;
#1315 =( GEOMETRIC_REPRESENTATION_CONTEXT ( 3 ) GLOBAL_UNCERTAINTY_ASSIGNED_CONTEXT ( ( #1250 ) ) GLOBAL_UNIT_ASSIGNED_CONTEXT ( ( #4553, #7666, #10101 ) ) REPRESENTATION_CONTEXT ( 'NONE', 'WORKASPACE' ) );
#1316 = STYLED_ITEM ( 'NONE', ( #2668 ), #9749 ) ;
#1317 = ORIENTED_EDGE ( 'NONE', *, *, #250, .F. ) ;
#1318 =( LENGTH_UNIT ( ) NAMED_UNIT ( * ) SI_UNIT ( .MILLI., .METRE. ) );
#1319 = ADVANCED_FACE ( 'NONE', ( #459 ), #1178, .T. ) ;
#1320 = DIRECTION ( 'NONE',  ( 0.8660254037844370400, 0.0000000000000000000, -0.5000000000000027800 ) ) ;
#1321 = ORIENTED_EDGE ( 'NONE', *, *, #4903, .F. ) ;
#1322 = FACE_OUTER_BOUND ( 'NONE', #3050, .T. ) ;
#1323 =( LENGTH_UNIT ( ) NAMED_UNIT ( * ) SI_UNIT ( .MILLI., .METRE. ) );
#1324 = UNCERTAINTY_MEASURE_WITH_UNIT (LENGTH_MEASURE( 1.000000000000000100E-005 ), #7969, 'distance_accuracy_value', 'NONE');
#1325 = VECTOR ( 'NONE', #9098, 1000.000000000000000 ) ;
#1326 = ORIENTED_EDGE ( 'NONE', *, *, #8829, .F. ) ;
#1327 = ORIENTED_EDGE ( 'NONE', *, *, #4991, .F. ) ;
#1328 = EDGE_LOOP ( 'NONE', ( #5824, #2387, #2558, #9405 ) ) ;
#1329 = DIRECTION ( 'NONE',  ( -0.0000000000000000000, -1.000000000000000000, -0.0000000000000000000 ) ) ;
#1330 = DIRECTION ( 'NONE',  ( 0.0000000000000000000, -1.000000000000000000, 0.0000000000000000000 ) ) ;
#1331 = CARTESIAN_POINT ( 'NONE',  ( -3.000000000000005800, 16.00000000000000000, 16.22498073958795200 ) ) ;
#1332 = AXIS2_PLACEMENT_3D ( 'NONE', #2794, #3582, #9087 ) ;
#1333 = ORIENTED_EDGE ( 'NONE', *, *, #1786, .F. ) ;
#1334 = PRESENTATION_LAYER_ASSIGNMENT (  '', '', ( #5431 ) ) ;
#1335 = CARTESIAN_POINT ( 'NONE',  ( -60.00000000000005000, 111.9999999999999900, -35.00000000000000000 ) ) ;
#1336 = VECTOR ( 'NONE', #9888, 1000.000000000000000 ) ;
#1337 = VECTOR ( 'NONE', #5937, 1000.000000000000000 ) ;
#1338 = FILL_AREA_STYLE_COLOUR ( '', #3243 ) ;
#1339 = CARTESIAN_POINT ( 'NONE',  ( -19.99999999999998900, -164.8038475772933700, -5.000000000000004400 ) ) ;
#1340 = VECTOR ( 'NONE', #8580, 1000.000000000000000 ) ;
#1341 = DIRECTION ( 'NONE',  ( 1.000000000000000000, 0.0000000000000000000, -0.0000000000000000000 ) ) ;
#1342 =( GEOMETRIC_REPRESENTATION_CONTEXT ( 3 ) GLOBAL_UNCERTAINTY_ASSIGNED_CONTEXT ( ( #3497 ) ) GLOBAL_UNIT_ASSIGNED_CONTEXT ( ( #3018, #8514, #6911 ) ) REPRESENTATION_CONTEXT ( 'NONE', 'WORKASPACE' ) );
#1343 = EDGE_CURVE ( 'NONE', #9650, #9760, #9154, .T. ) ;
#1344 = STYLED_ITEM ( 'NONE', ( #5802 ), #6958 ) ;
#1345 =( LENGTH_UNIT ( ) NAMED_UNIT ( * ) SI_UNIT ( .MILLI., .METRE. ) );
#1346 = VECTOR ( 'NONE', #8004, 1000.000000000000000 ) ;
#1347 = EDGE_CURVE ( 'NONE', #10006, #2842, #3368, .T. ) ;
#1348 = CARTESIAN_POINT ( 'NONE',  ( -49.45000000000002400, -13.99999999999999800, 21.20000000000002100 ) ) ;
#1349 = SURFACE_STYLE_FILL_AREA ( #4153 ) ;
#1350 = CARTESIAN_POINT ( 'NONE',  ( 5.999999999999995600, 20.00000000000000000, -14.00000000000000400 ) ) ;
#1351 = LINE ( 'NONE', #3089, #9700 ) ;
#1352 = VECTOR ( 'NONE', #7186, 1000.000000000000000 ) ;
#1353 = SURFACE_STYLE_USAGE ( .BOTH. , #5284 ) ;
#1354 = PRESENTATION_LAYER_ASSIGNMENT (  '', '', ( #316 ) ) ;
#1355 = ORIENTED_EDGE ( 'NONE', *, *, #6222, .T. ) ;
#1356 = EDGE_LOOP ( 'NONE', ( #2239, #885, #1886, #6680 ) ) ;
#1357 = EDGE_CURVE ( 'NONE', #5407, #8274, #4224, .T. ) ;
#1358 = AXIS2_PLACEMENT_3D ( 'NONE', #1019, #1875, #6608 ) ;
#1359 = CARTESIAN_POINT ( 'NONE',  ( -5.514414158440654700, 16.00000000000000000, 15.55124549639639800 ) ) ;
#1360 = CARTESIAN_POINT ( 'NONE',  ( -12.00000000000008700, 14.99999999999998200, 27.99097345859914300 ) ) ;
#1361 = VERTEX_POINT ( 'NONE', #5221 ) ;
#1362 = FACE_OUTER_BOUND ( 'NONE', #5661, .T. ) ;
#1363 = LINE ( 'NONE', #4640, #4925 ) ;
#1364 = ADVANCED_FACE ( 'NONE', ( #2870 ), #7196, .F. ) ;
#1365 = DIRECTION ( 'NONE',  ( 0.0000000000000000000, 1.000000000000000000, -0.0000000000000000000 ) ) ;
#1366 = DIRECTION ( 'NONE',  ( 0.0000000000000000000, 0.0000000000000000000, 1.000000000000000000 ) ) ;
#1367 =( LENGTH_UNIT ( ) NAMED_UNIT ( * ) SI_UNIT ( .MILLI., .METRE. ) );
#1368 = FILL_AREA_STYLE ('',( #7626 ) ) ;
#1369 = AXIS2_PLACEMENT_3D ( 'NONE', #1525, #7809, #4489 ) ;
#1370 = MECHANICAL_DESIGN_GEOMETRIC_PRESENTATION_REPRESENTATION (  '', ( #7755 ), #9511 ) ;
#1371 = DIRECTION ( 'NONE',  ( 1.000000000000000000, 0.0000000000000000000, 0.0000000000000000000 ) ) ;
#1372 = PRESENTATION_STYLE_ASSIGNMENT (( #5464 ) ) ;
#1373 = VECTOR ( 'NONE', #5178, 1000.000000000000000 ) ;
#1374 = UNCERTAINTY_MEASURE_WITH_UNIT (LENGTH_MEASURE( 1.000000000000000100E-005 ), #159, 'distance_accuracy_value', 'NONE');
#1375 = EDGE_CURVE ( 'NONE', #432, #8321, #701, .T. ) ;
#1376 = DIRECTION ( 'NONE',  ( -0.0000000000000000000, -0.0000000000000000000, -1.000000000000000000 ) ) ;
#1377 = PRESENTATION_STYLE_ASSIGNMENT (( #3988 ) ) ;
#1378 = VECTOR ( 'NONE', #515, 1000.000000000000000 ) ;
#1379 = DIRECTION ( 'NONE',  ( -1.224646799147353200E-016, 0.0000000000000000000, -1.000000000000000000 ) ) ;
#1380 = SURFACE_STYLE_USAGE ( .BOTH. , #716 ) ;
#1381 = ORIENTED_EDGE ( 'NONE', *, *, #8654, .F. ) ;
#1382 = FILL_AREA_STYLE ('',( #3769 ) ) ;
#1383 = DIRECTION ( 'NONE',  ( -0.0000000000000000000, 1.000000000000000000, 0.0000000000000000000 ) ) ;
#1384 = COLOUR_RGB ( '',0.09803921568627450800, 0.09803921568627450800, 0.09803921568627450800 ) ;
#1385 = CARTESIAN_POINT ( 'NONE',  ( -61.73421823745707100, -67.71833671406952200, -21.73421823745698900 ) ) ;
#1386 = AXIS2_PLACEMENT_3D ( 'NONE', #897, #5502, #7981 ) ;
#1388 = VERTEX_POINT ( 'NONE', #2068 ) ;
#1387 = STYLED_ITEM ( 'NONE', ( #53 ), #1069 ) ;
#1389 = DIRECTION ( 'NONE',  ( -1.982541115402065400E-016, -1.000000000000000000, -0.0000000000000000000 ) ) ;
#1390 = CYLINDRICAL_SURFACE ( 'NONE', #9379, 18.00000000000000000 ) ;
#1391 = VECTOR ( 'NONE', #4273, 1000.000000000000000 ) ;
#1392 = ORIENTED_EDGE ( 'NONE', *, *, #6400, .F. ) ;
#1393 = CARTESIAN_POINT ( 'NONE',  ( -35.48760716949099200, 113.4876071694908600, -7.302478566101831900 ) ) ;
#1394 =( LENGTH_UNIT ( ) NAMED_UNIT ( * ) SI_UNIT ( .MILLI., .METRE. ) );
#1395 = DIRECTION ( 'NONE',  ( -1.000000000000000000, 0.0000000000000000000, 0.0000000000000000000 ) ) ;
#1396 = VECTOR ( 'NONE', #1558, 1000.000000000000000 ) ;
#1397 = SURFACE_STYLE_FILL_AREA ( #1755 ) ;
#1398 = ORIENTED_EDGE ( 'NONE', *, *, #8431, .F. ) ;
#1399 = SURFACE_STYLE_FILL_AREA ( #8266 ) ;
#1400 = CARTESIAN_POINT ( 'NONE',  ( -2.000000000000001800, 62.00000000000002800, 16.00000000000000000 ) ) ;
#1401 = DIRECTION ( 'NONE',  ( 0.0000000000000000000, 0.0000000000000000000, 1.000000000000000000 ) ) ;
#1402 = VERTEX_POINT ( 'NONE', #8371 ) ;
#1403 = AXIS2_PLACEMENT_3D ( 'NONE', #10043, #6203, #5360 ) ;
#1404 = DIRECTION ( 'NONE',  ( -0.0000000000000000000, -0.0000000000000000000, -1.000000000000000000 ) ) ;
#1405 = DIRECTION ( 'NONE',  ( 0.0000000000000000000, -1.000000000000000000, 0.0000000000000000000 ) ) ;
#1406 = PRESENTATION_STYLE_ASSIGNMENT (( #28 ) ) ;
#1407 = SURFACE_STYLE_FILL_AREA ( #4900 ) ;
#1408 = VECTOR ( 'NONE', #5465, 1000.000000000000000 ) ;
#1409 = EDGE_CURVE ( 'NONE', #3179, #3001, #5611, .T. ) ;
#1410 = DIRECTION ( 'NONE',  ( 0.0000000000000000000, 0.0000000000000000000, -1.000000000000000000 ) ) ;
#1411 = VERTEX_POINT ( 'NONE', #6018 ) ;
#1412 = ORIENTED_EDGE ( 'NONE', *, *, #9366, .T. ) ;
#1413 = FACE_OUTER_BOUND ( 'NONE', #6151, .T. ) ;
#1414 = VECTOR ( 'NONE', #9389, 1000.000000000000000 ) ;
#1415 = EDGE_LOOP ( 'NONE', ( #359, #7168, #6792, #4038 ) ) ;
#1416 = CARTESIAN_POINT ( 'NONE',  ( 117.0000000000000000, 115.0000000000000000, -7.928932188134649700 ) ) ;
#1417 = VERTEX_POINT ( 'NONE', #1304 ) ;
#1418 = CARTESIAN_POINT ( 'NONE',  ( -49.45000000000001700, -13.99999999999999800, 21.20000000000002100 ) ) ;
#1419 = DIRECTION ( 'NONE',  ( 0.0000000000000000000, 0.0000000000000000000, 1.000000000000000000 ) ) ;
#1420 = DIRECTION ( 'NONE',  ( -8.439503530232458900E-017, -0.9973337235915658000, 0.07297563831157799500 ) ) ;
#1421 = VECTOR ( 'NONE', #5420, 1000.000000000000000 ) ;
#1422 = ADVANCED_FACE ( 'NONE', ( #5116 ), #5727, .F. ) ;
#1423 =( GEOMETRIC_REPRESENTATION_CONTEXT ( 3 ) GLOBAL_UNCERTAINTY_ASSIGNED_CONTEXT ( ( #4958 ) ) GLOBAL_UNIT_ASSIGNED_CONTEXT ( ( #1323, #9882, #4399 ) ) REPRESENTATION_CONTEXT ( 'NONE', 'WORKASPACE' ) );
#1424 = ORIENTED_EDGE ( 'NONE', *, *, #5049, .T. ) ;
#1425 = VERTEX_POINT ( 'NONE', #3648 ) ;
#1426 = FACE_OUTER_BOUND ( 'NONE', #913, .T. ) ;
#1427 = EDGE_CURVE ( 'NONE', #6908, #8773, #3488, .T. ) ;
#1428 = AXIS2_PLACEMENT_3D ( 'NONE', #6257, #1586, #3107 ) ;
#1429 = FACE_OUTER_BOUND ( 'NONE', #4731, .T. ) ;
#1430 = DIRECTION ( 'NONE',  ( 0.0000000000000000000, -1.000000000000000000, 0.0000000000000000000 ) ) ;
#1431 = VERTEX_POINT ( 'NONE', #2923 ) ;
#1432 = DIRECTION ( 'NONE',  ( 0.0000000000000000000, 1.000000000000000000, -0.0000000000000000000 ) ) ;
#1433 =( NAMED_UNIT ( * ) SI_UNIT ( $, .STERADIAN. ) SOLID_ANGLE_UNIT ( ) );
#1434 = ORIENTED_EDGE ( 'NONE', *, *, #3763, .T. ) ;
#1435 = FILL_AREA_STYLE ('',( #7686 ) ) ;
#1436 = ORIENTED_EDGE ( 'NONE', *, *, #5250, .T. ) ;
#1437 = ORIENTED_EDGE ( 'NONE', *, *, #7801, .T. ) ;
#1438 = MECHANICAL_DESIGN_GEOMETRIC_PRESENTATION_REPRESENTATION (  '', ( #2993 ), #7945 ) ;
#1439 = STYLED_ITEM ( 'NONE', ( #893 ), #9084 ) ;
#1440 =( LENGTH_UNIT ( ) NAMED_UNIT ( * ) SI_UNIT ( .MILLI., .METRE. ) );
#1441 = UNCERTAINTY_MEASURE_WITH_UNIT (LENGTH_MEASURE( 1.000000000000000100E-005 ), #5330, 'distance_accuracy_value', 'NONE');
#1442 = CARTESIAN_POINT ( 'NONE',  ( -41.94999999999999600, -67.99999999999998600, 21.20000000000002100 ) ) ;
#1443 = ORIENTED_EDGE ( 'NONE', *, *, #4818, .T. ) ;
#1444 = DIRECTION ( 'NONE',  ( 1.000000000000000000, 0.0000000000000000000, -3.226857717675297300E-018 ) ) ;
#1445 = ADVANCED_FACE ( 'NONE', ( #1429 ), #3713, .T. ) ;
#1446 = VERTEX_POINT ( 'NONE', #7653 ) ;
#1447 = DIRECTION ( 'NONE',  ( -0.0000000000000000000, -1.000000000000000000, -0.0000000000000000000 ) ) ;
#1448 = FACE_OUTER_BOUND ( 'NONE', #7897, .T. ) ;
#1449 = VECTOR ( 'NONE', #4322, 1000.000000000000100 ) ;
#1450 = AXIS2_PLACEMENT_3D ( 'NONE', #8595, #1575, #3912 ) ;
#1452 = ORIENTED_EDGE ( 'NONE', *, *, #1036, .T. ) ;
#1451 = CARTESIAN_POINT ( 'NONE',  ( -52.00000000000009200, 119.9999999999999700, -24.99999999999999600 ) ) ;
#1453 = PLANE ( 'NONE',  #1635 ) ;
#1454 = COLOUR_RGB ( '',1.000000000000000000, 1.000000000000000000, 1.000000000000000000 ) ;
#1455 = LINE ( 'NONE', #5297, #3397 ) ;
#1456 = DIRECTION ( 'NONE',  ( 1.000000000000000000, 0.0000000000000000000, 0.0000000000000000000 ) ) ;
#1457 = FILL_AREA_STYLE_COLOUR ( '', #7851 ) ;
#1458 = DIRECTION ( 'NONE',  ( 0.0000000000000000000, 0.0000000000000000000, 1.000000000000000000 ) ) ;
#1459 = ORIENTED_EDGE ( 'NONE', *, *, #9612, .T. ) ;
#1460 = DIRECTION ( 'NONE',  ( -1.000000000000000000, 4.410038880822904900E-017, -0.0000000000000000000 ) ) ;
#1461 = EDGE_CURVE ( 'NONE', #2842, #9299, #8771, .T. ) ;
#1462 = CARTESIAN_POINT ( 'NONE',  ( -8.700000000000214200, -75.99999999999998600, 18.00000000000000000 ) ) ;
#1463 = CARTESIAN_POINT ( 'NONE',  ( -45.70000000000019500, -13.99999999999999800, 23.00000000000000000 ) ) ;
#1464 = FACE_OUTER_BOUND ( 'NONE', #2853, .T. ) ;
#1465 = CARTESIAN_POINT ( 'NONE',  ( 11.47219588600273500, 16.00000000000000000, -13.87042614893939800 ) ) ;
#1466 = MECHANICAL_DESIGN_GEOMETRIC_PRESENTATION_REPRESENTATION (  '', ( #1837 ), #557 ) ;
#1467 = COLOUR_RGB ( '',0.9098039215686274400, 0.4431372549019607600, 0.03137254901960784300 ) ;
#1468 = MECHANICAL_DESIGN_GEOMETRIC_PRESENTATION_REPRESENTATION (  '', ( #1600 ), #7588 ) ;
#1469 = ADVANCED_FACE ( 'NONE', ( #7313 ), #9269, .F. ) ;
#1470 = FILL_AREA_STYLE_COLOUR ( '', #325 ) ;
#1471 = ORIENTED_EDGE ( 'NONE', *, *, #43, .F. ) ;
#1472 = DIRECTION ( 'NONE',  ( 0.0000000000000000000, 1.000000000000000000, -0.0000000000000000000 ) ) ;
#1473 = CARTESIAN_POINT ( 'NONE',  ( -10.70000000000012900, -25.99999999999999600, 19.99999999999999600 ) ) ;
#1474 = LINE ( 'NONE', #8886, #1346 ) ;
#1475 = LINE ( 'NONE', #9756, #504 ) ;
#1476 = DIRECTION ( 'NONE',  ( 0.0000000000000000000, -1.000000000000000000, 0.0000000000000000000 ) ) ;
#1477 = ORIENTED_EDGE ( 'NONE', *, *, #1497, .F. ) ;
#1478 = PRODUCT_DEFINITION_CONTEXT ( 'detailed design', #5046, 'design' ) ;
#1479 = CARTESIAN_POINT ( 'NONE',  ( -6.000000000000006200, 10.00000000000000000, -13.99999999999999800 ) ) ;
#1480 = AXIS2_PLACEMENT_3D ( 'NONE', #2647, #1110, #1860 ) ;
#1481 = VERTEX_POINT ( 'NONE', #739 ) ;
#1482 = EDGE_CURVE ( 'NONE', #2035, #5370, #3603, .T. ) ;
#1483 = AXIS2_PLACEMENT_3D ( 'NONE', #5100, #433, #5927 ) ;
#1484 = CONICAL_SURFACE ( 'NONE', #2525, 3.750000000000010200, 0.7853981633974529400 ) ;
#1485 = EDGE_CURVE ( 'NONE', #590, #1361, #4351, .T. ) ;
#1486 = ORIENTED_EDGE ( 'NONE', *, *, #376, .T. ) ;
#1487 = CARTESIAN_POINT ( 'NONE',  ( -49.92893218813452400, -84.99999999999997200, 43.00000000000000000 ) ) ;
#1488 = ORIENTED_EDGE ( 'NONE', *, *, #9754, .T. ) ;
#1489 = VECTOR ( 'NONE', #5756, 1000.000000000000000 ) ;
#1490 = PLANE ( 'NONE',  #9751 ) ;
#1491 = CARTESIAN_POINT ( 'NONE',  ( -45.70000000000006700, -49.99999999999998600, 23.00000000000000000 ) ) ;
#1492 = CARTESIAN_POINT ( 'NONE',  ( -11.47219588600274600, 16.00000000000000000, -13.87042614893938700 ) ) ;
#1493 = DIRECTION ( 'NONE',  ( 0.0000000000000000000, 1.000000000000000000, 0.0000000000000000000 ) ) ;
#1494 = ADVANCED_FACE ( 'NONE', ( #1291 ), #7064, .F. ) ;
#1495 = ORIENTED_EDGE ( 'NONE', *, *, #2496, .F. ) ;
#1496 = LINE ( 'NONE', #9815, #8260 ) ;
#1497 = EDGE_CURVE ( 'NONE', #8415, #4281, #4852, .T. ) ;
#1498 = PRESENTATION_LAYER_ASSIGNMENT (  '', '', ( #3709 ) ) ;
#1499 = DIRECTION ( 'NONE',  ( 0.7071067811865475700, -4.906538933386797200E-017, -0.7071067811865475700 ) ) ;
#1500 =( NAMED_UNIT ( * ) SI_UNIT ( $, .STERADIAN. ) SOLID_ANGLE_UNIT ( ) );
#1501 =( LENGTH_UNIT ( ) NAMED_UNIT ( * ) SI_UNIT ( .MILLI., .METRE. ) );
#1502 = SURFACE_STYLE_FILL_AREA ( #4788 ) ;
#1503 = VERTEX_POINT ( 'NONE', #6146 ) ;
#1504 = CARTESIAN_POINT ( 'NONE',  ( 257.0000000000000600, -6.999999999999995600, 24.07317073170731800 ) ) ;
#1505 = SURFACE_STYLE_FILL_AREA ( #4174 ) ;
#1506 = UNCERTAINTY_MEASURE_WITH_UNIT (LENGTH_MEASURE( 1.000000000000000100E-005 ), #4815, 'distance_accuracy_value', 'NONE');
#1507 =( NAMED_UNIT ( * ) PLANE_ANGLE_UNIT ( ) SI_UNIT ( $, .RADIAN. ) );
#1508 = EDGE_LOOP ( 'NONE', ( #547, #6639, #6211, #3257 ) ) ;
#1510 = VECTOR ( 'NONE', #3045, 1000.000000000000000 ) ;
#1509 = CARTESIAN_POINT ( 'NONE',  ( -44.95000000000005300, -49.99999999999998600, 20.00000000000000000 ) ) ;
#1511 = STYLED_ITEM ( 'NONE', ( #5500 ), #554 ) ;
#1512 = PRESENTATION_LAYER_ASSIGNMENT (  '', '', ( #5730 ) ) ;
#1513 = CARTESIAN_POINT ( 'NONE',  ( 10.71056658114729200, 16.00000000000000000, -12.55124549639640100 ) ) ;
#1514 = FACE_OUTER_BOUND ( 'NONE', #4664, .T. ) ;
#1515 = ORIENTED_EDGE ( 'NONE', *, *, #5250, .F. ) ;
#1516 = CARTESIAN_POINT ( 'NONE',  ( -45.70000000000000300, -31.99999999999999300, 21.20000000000002100 ) ) ;
#1517 = ORIENTED_EDGE ( 'NONE', *, *, #8893, .T. ) ;
#1518 =( LENGTH_UNIT ( ) NAMED_UNIT ( * ) SI_UNIT ( .MILLI., .METRE. ) );
#1520 = CARTESIAN_POINT ( 'NONE',  ( 5.514414158440663600, 16.00000000000000000, 15.55124549639639600 ) ) ;
#1519 = FACE_OUTER_BOUND ( 'NONE', #2219, .T. ) ;
#1521 = LINE ( 'NONE', #714, #3937 ) ;
#1522 = EDGE_LOOP ( 'NONE', ( #1216, #4063, #7242, #2084 ) ) ;
#1523 = CARTESIAN_POINT ( 'NONE',  ( -49.92893218813451700, -84.99999999999997200, 39.68048780487805500 ) ) ;
#1524 = DIRECTION ( 'NONE',  ( 0.0000000000000000000, -0.7071067811865436900, 0.7071067811865513500 ) ) ;
#1525 = CARTESIAN_POINT ( 'NONE',  ( -45.70000000000000300, -31.99999999999999300, 22.00000000000000000 ) ) ;
#1526 = STYLED_ITEM ( 'NONE', ( #2095 ), #2017 ) ;
#1527 = SPHERICAL_SURFACE ( 'NONE', #437, 6.000000000000001800 ) ;
#1528 = CARTESIAN_POINT ( 'NONE',  ( -67.02314107542372300, 55.01985190423459900, -17.97685892457627700 ) ) ;
#1529 = STYLED_ITEM ( 'NONE', ( #6173 ), #5857 ) ;
#1530 = ORIENTED_EDGE ( 'NONE', *, *, #9318, .T. ) ;
#1531 = LINE ( 'NONE', #8182, #1649 ) ;
#1532 = SURFACE_STYLE_USAGE ( .BOTH. , #5561 ) ;
#1533 = VERTEX_POINT ( 'NONE', #2953 ) ;
#1534 = VECTOR ( 'NONE', #6258, 1000.000000000000000 ) ;
#1535 = VECTOR ( 'NONE', #7271, 1000.000000000000000 ) ;
#1536 = FILL_AREA_STYLE ('',( #4653 ) ) ;
#1537 = ORIENTED_EDGE ( 'NONE', *, *, #2291, .F. ) ;
#1538 = MECHANICAL_DESIGN_GEOMETRIC_PRESENTATION_REPRESENTATION (  '', ( #700 ), #4887 ) ;
#1539 = ORIENTED_EDGE ( 'NONE', *, *, #9042, .T. ) ;
#1540 = EDGE_CURVE ( 'NONE', #8713, #9501, #3115, .T. ) ;
#1541 = PRESENTATION_LAYER_ASSIGNMENT (  '', '', ( #1024 ) ) ;
#1542 = FILL_AREA_STYLE_COLOUR ( '', #479 ) ;
#1543 = EDGE_CURVE ( 'NONE', #6318, #6431, #1057, .T. ) ;
#1544 = DIRECTION ( 'NONE',  ( 0.0000000000000000000, 0.0000000000000000000, 1.000000000000000000 ) ) ;
#1545 = ADVANCED_FACE ( 'NONE', ( #9995 ), #7682, .T. ) ;
#1546 = SURFACE_SIDE_STYLE ('',( #6580 ) ) ;
#1547 = LINE ( 'NONE', #5410, #88 ) ;
#1548 = VECTOR ( 'NONE', #3556, 1000.000000000000000 ) ;
#1549 = SURFACE_SIDE_STYLE ('',( #10001 ) ) ;
#1550 = EDGE_LOOP ( 'NONE', ( #3310, #7007, #3195, #5122 ) ) ;
#1551 = FACE_OUTER_BOUND ( 'NONE', #2603, .T. ) ;
#1552 = COLOUR_RGB ( '',0.2941176470588235400, 0.2941176470588235400, 0.2941176470588235400 ) ;
#1553 = ORIENTED_EDGE ( 'NONE', *, *, #4603, .T. ) ;
#1554 = DIRECTION ( 'NONE',  ( 0.0000000000000000000, 1.000000000000000000, -0.0000000000000000000 ) ) ;
#1555 = CARTESIAN_POINT ( 'NONE',  ( 5.999999999999995600, 20.00000000000000000, -14.00000000000000400 ) ) ;
#1556 = EDGE_CURVE ( 'NONE', #7315, #7500, #7439, .T. ) ;
#1557 = STYLED_ITEM ( 'NONE', ( #3242 ), #7775 ) ;
#1558 = DIRECTION ( 'NONE',  ( 0.0000000000000000000, 0.0000000000000000000, 1.000000000000000000 ) ) ;
#1559 = CARTESIAN_POINT ( 'NONE',  ( 127.5722307094916600, -76.85224940982755000, -42.42776929050840100 ) ) ;
#1560 = FACE_OUTER_BOUND ( 'NONE', #9978, .T. ) ;
#1561 = CIRCLE ( 'NONE', #4017, 16.50000000000000000 ) ;
#1562 = VECTOR ( 'NONE', #6323, 1000.000000000000000 ) ;
#1563 = EDGE_LOOP ( 'NONE', ( #2882, #5911, #9785, #4985 ) ) ;
#1564 = DIRECTION ( 'NONE',  ( -0.0000000000000000000, -0.0000000000000000000, -1.000000000000000000 ) ) ;
#1565 = ORIENTED_EDGE ( 'NONE', *, *, #8047, .T. ) ;
#1566 = CARTESIAN_POINT ( 'NONE',  ( 62.46446609406665800, 114.9999999999999900, -62.46446609406738300 ) ) ;
#1567 = ORIENTED_EDGE ( 'NONE', *, *, #3305, .F. ) ;
#1568 = DIRECTION ( 'NONE',  ( 1.000000000000000000, 0.0000000000000000000, 0.0000000000000000000 ) ) ;
#1569 = UNCERTAINTY_MEASURE_WITH_UNIT (LENGTH_MEASURE( 1.000000000000000100E-005 ), #937, 'distance_accuracy_value', 'NONE');
#1570 = CARTESIAN_POINT ( 'NONE',  ( 135.0000000000000300, 59.99999999999997900, -30.00000000000000400 ) ) ;
#1571 =( GEOMETRIC_REPRESENTATION_CONTEXT ( 3 ) GLOBAL_UNCERTAINTY_ASSIGNED_CONTEXT ( ( #1307 ) ) GLOBAL_UNIT_ASSIGNED_CONTEXT ( ( #9587, #4867, #5574 ) ) REPRESENTATION_CONTEXT ( 'NONE', 'WORKASPACE' ) );
#1572 = AXIS2_PLACEMENT_3D ( 'NONE', #9597, #1611, #9669 ) ;
#1573 = EDGE_LOOP ( 'NONE', ( #7987, #10057, #5596, #9175 ) ) ;
#1574 = ORIENTED_EDGE ( 'NONE', *, *, #8833, .F. ) ;
#1575 = DIRECTION ( 'NONE',  ( -0.0000000000000000000, -1.000000000000000000, -0.0000000000000000000 ) ) ;
#1576 = CARTESIAN_POINT ( 'NONE',  ( -55.00000000000005700, -66.99999999999998600, 0.0000000000000000000 ) ) ;
#1577 = EDGE_CURVE ( 'NONE', #7100, #6675, #1174, .T. ) ;
#1578 = CARTESIAN_POINT ( 'NONE',  ( 0.0000000000000000000, 0.0000000000000000000, 0.0000000000000000000 ) ) ;
#1579 = SURFACE_SIDE_STYLE ('',( #9340 ) ) ;
#1580 = ORIENTED_EDGE ( 'NONE', *, *, #533, .T. ) ;
#1581 = CARTESIAN_POINT ( 'NONE',  ( 8.584475536725632700E-015, 54.99999999999999300, -35.00000000000000000 ) ) ;
#1582 = SURFACE_STYLE_FILL_AREA ( #2642 ) ;
#1583 = SURFACE_STYLE_FILL_AREA ( #9215 ) ;
#1584 = MECHANICAL_DESIGN_GEOMETRIC_PRESENTATION_REPRESENTATION (  '', ( #6003 ), #8421 ) ;
#1585 = PRODUCT_DEFINITION_FORMATION_WITH_SPECIFIED_SOURCE ( 'ANY', '', #746, .NOT_KNOWN. ) ;
#1586 = DIRECTION ( 'NONE',  ( -0.8660254037844381500, 0.0000000000000000000, 0.5000000000000010000 ) ) ;
#1587 = FILL_AREA_STYLE ('',( #854 ) ) ;
#1588 = LINE ( 'NONE', #3082, #1340 ) ;
#1589 = CARTESIAN_POINT ( 'NONE',  ( 6.511410602372867300E-015, -83.99999999999995700, 38.00000000000000000 ) ) ;
#1590 = DIRECTION ( 'NONE',  ( 0.0000000000000000000, -1.000000000000000000, 0.0000000000000000000 ) ) ;
#1591 = LINE ( 'NONE', #7277, #3531 ) ;
#1592 = CARTESIAN_POINT ( 'NONE',  ( 135.0000000000000300, -81.99999999999998600, -35.00000000000000000 ) ) ;
#1593 = ADVANCED_FACE ( 'NONE', ( #6201 ), #4812, .T. ) ;
#1594 = SURFACE_STYLE_USAGE ( .BOTH. , #8687 ) ;
#1595 = EDGE_CURVE ( 'NONE', #5666, #5583, #2606, .T. ) ;
#1596 = DIRECTION ( 'NONE',  ( 1.000000000000000000, 0.0000000000000000000, -0.0000000000000000000 ) ) ;
#1597 = FILL_AREA_STYLE ('',( #3877 ) ) ;
#1598 = FILL_AREA_STYLE ('',( #7849 ) ) ;
#1599 = PRESENTATION_LAYER_ASSIGNMENT (  '', '', ( #7056 ) ) ;
#1600 = STYLED_ITEM ( 'NONE', ( #1372 ), #5910 ) ;
#1601 = VERTEX_POINT ( 'NONE', #5538 ) ;
#1602 = CARTESIAN_POINT ( 'NONE',  ( 135.7996710828811300, 21.26016679610141600, -15.79967108288105100 ) ) ;
#1603 = CARTESIAN_POINT ( 'NONE',  ( 0.0000000000000000000, -5.999999999999992900, 38.00000000000000000 ) ) ;
#1604 = PLANE ( 'NONE',  #4683 ) ;
#1605 = EDGE_LOOP ( 'NONE', ( #9190, #8140 ) ) ;
#1606 = AXIS2_PLACEMENT_3D ( 'NONE', #6603, #9167, #9931 ) ;
#1607 = EDGE_CURVE ( 'NONE', #673, #3887, #5603, .T. ) ;
#1608 = MECHANICAL_DESIGN_GEOMETRIC_PRESENTATION_REPRESENTATION (  '', ( #9492 ), #7213 ) ;
#1609 = DIRECTION ( 'NONE',  ( 0.0000000000000000000, 0.0000000000000000000, -1.000000000000000000 ) ) ;
#1610 = EDGE_CURVE ( 'NONE', #7191, #9980, #8757, .T. ) ;
#1611 = DIRECTION ( 'NONE',  ( 0.0000000000000000000, 1.000000000000000000, -0.0000000000000000000 ) ) ;
#1612 = SURFACE_SIDE_STYLE ('',( #2383 ) ) ;
#1613 = CARTESIAN_POINT ( 'NONE',  ( -3.000000000000000000, 16.00000000000000000, -17.74823934929884600 ) ) ;
#1614 = VECTOR ( 'NONE', #2614, 1000.000000000000100 ) ;
#1615 = LINE ( 'NONE', #10080, #3193 ) ;
#1616 = UNCERTAINTY_MEASURE_WITH_UNIT (LENGTH_MEASURE( 1.000000000000000100E-005 ), #4203, 'distance_accuracy_value', 'NONE');
#1617 = CARTESIAN_POINT ( 'NONE',  ( -41.15000000000000600, -13.99999999999999800, 22.00000000000000000 ) ) ;
#1618 = ORIENTED_EDGE ( 'NONE', *, *, #6182, .F. ) ;
#1619 = SURFACE_STYLE_USAGE ( .BOTH. , #7874 ) ;
#1620 = LINE ( 'NONE', #3446, #9478 ) ;
#1621 = PRESENTATION_LAYER_ASSIGNMENT (  '', '', ( #4988 ) ) ;
#1622 = FILL_AREA_STYLE_COLOUR ( '', #4982 ) ;
#1623 = LINE ( 'NONE', #7020, #1736 ) ;
#1624 = EDGE_CURVE ( 'NONE', #10006, #1031, #9261, .T. ) ;
#1625 = AXIS2_PLACEMENT_3D ( 'NONE', #1516, #5545, #5516 ) ;
#1626 = VERTEX_POINT ( 'NONE', #2456 ) ;
#1627 = DIRECTION ( 'NONE',  ( 1.000000000000000000, 0.0000000000000000000, 0.0000000000000000000 ) ) ;
#1628 = UNCERTAINTY_MEASURE_WITH_UNIT (LENGTH_MEASURE( 1.000000000000000100E-005 ), #4297, 'distance_accuracy_value', 'NONE');
#1629 = ORIENTED_EDGE ( 'NONE', *, *, #9292, .F. ) ;
#1630 = PRESENTATION_STYLE_ASSIGNMENT (( #322 ) ) ;
#1631 = ORIENTED_EDGE ( 'NONE', *, *, #7982, .F. ) ;
#1632 = CARTESIAN_POINT ( 'NONE',  ( -50.70000000000000300, -49.99999999999998600, 22.00000000000000000 ) ) ;
#1633 = SURFACE_SIDE_STYLE ('',( #6917 ) ) ;
#1634 = PLANE ( 'NONE',  #3281 ) ;
#1635 = AXIS2_PLACEMENT_3D ( 'NONE', #6844, #7636, #9199 ) ;
#1636 = PRESENTATION_LAYER_ASSIGNMENT (  '', '', ( #1132 ) ) ;
#1637 = ADVANCED_FACE ( 'NONE', ( #6089 ), #7183, .T. ) ;
#1638 = CARTESIAN_POINT ( 'NONE',  ( -46.45000000000001000, -67.99999999999998600, 20.00000000000000000 ) ) ;
#1639 = EDGE_LOOP ( 'NONE', ( #8730, #5624 ) ) ;
#1640 = SURFACE_SIDE_STYLE ('',( #5988 ) ) ;
#1641 = VERTEX_POINT ( 'NONE', #5564 ) ;
#1642 = CARTESIAN_POINT ( 'NONE',  ( 135.0000000000000000, 20.92893218813443600, 2.999999999999939200 ) ) ;
#1643 = CARTESIAN_POINT ( 'NONE',  ( 11.47219588600273500, 0.0000000000000000000, -13.87042614893939800 ) ) ;
#1644 = PRESENTATION_STYLE_ASSIGNMENT (( #5994 ) ) ;
#1645 = DIRECTION ( 'NONE',  ( 0.0000000000000000000, 0.0000000000000000000, 1.000000000000000000 ) ) ;
#1646 = EDGE_LOOP ( 'NONE', ( #3969, #9825, #4407, #9636 ) ) ;
#1647 = VECTOR ( 'NONE', #3866, 1000.000000000000000 ) ;
#1648 = ORIENTED_EDGE ( 'NONE', *, *, #7199, .F. ) ;
#1649 = VECTOR ( 'NONE', #9638, 1000.000000000000000 ) ;
#1650 = VERTEX_POINT ( 'NONE', #9480 ) ;
#1651 = PLANE ( 'NONE',  #7127 ) ;
#1652 = CARTESIAN_POINT ( 'NONE',  ( 3.449228994783101500E-015, 20.00000000000000000, 14.00000000000000000 ) ) ;
#1653 = PRESENTATION_LAYER_ASSIGNMENT (  '', '', ( #7116 ) ) ;
#1654 = CARTESIAN_POINT ( 'NONE',  ( -12.00000000000008300, 30.99999999999998200, 19.99999999999999600 ) ) ;
#1655 =( GEOMETRIC_REPRESENTATION_CONTEXT ( 3 ) GLOBAL_UNCERTAINTY_ASSIGNED_CONTEXT ( ( #3241 ) ) GLOBAL_UNIT_ASSIGNED_CONTEXT ( ( #1722, #7192, #9576 ) ) REPRESENTATION_CONTEXT ( 'NONE', 'WORKASPACE' ) );
#1656 = SURFACE_STYLE_FILL_AREA ( #1536 ) ;
#1657 = CARTESIAN_POINT ( 'NONE',  ( -2.930695433398215200E-014, 114.9999999999999700, -10.00000000000004800 ) ) ;
#1659 = ORIENTED_EDGE ( 'NONE', *, *, #7280, .F. ) ;
#1658 = SURFACE_STYLE_USAGE ( .BOTH. , #3158 ) ;
#1660 = FILL_AREA_STYLE ('',( #7121 ) ) ;
#1661 = ORIENTED_EDGE ( 'NONE', *, *, #3578, .F. ) ;
#1662 = CARTESIAN_POINT ( 'NONE',  ( -60.00000000000005000, 57.92893218813461700, -24.99999999999999600 ) ) ;
#1663 = VECTOR ( 'NONE', #6738, 1000.000000000000000 ) ;
#1664 = VERTEX_POINT ( 'NONE', #18 ) ;
#1665 = COLOUR_RGB ( '',0.4941176470588235500, 0.4941176470588235500, 0.4941176470588235500 ) ;
#1666 = PRESENTATION_LAYER_ASSIGNMENT (  '', '', ( #2695 ) ) ;
#1667 = VERTEX_POINT ( 'NONE', #3941 ) ;
#1668 = DIRECTION ( 'NONE',  ( 0.0000000000000000000, -1.000000000000000000, 0.0000000000000000000 ) ) ;
#1669 = EDGE_CURVE ( 'NONE', #6462, #161, #567, .T. ) ;
#1670 = SURFACE_STYLE_FILL_AREA ( #884 ) ;
#1671 = ORIENTED_EDGE ( 'NONE', *, *, #1107, .F. ) ;
#1672 = DIRECTION ( 'NONE',  ( 0.0000000000000000000, 1.000000000000000000, -0.0000000000000000000 ) ) ;
#1673 = EDGE_CURVE ( 'NONE', #7406, #5666, #9752, .T. ) ;
#1674 = CARTESIAN_POINT ( 'NONE',  ( -49.45000000000001700, -49.99999999999998600, 22.00000000000000000 ) ) ;
#1675 = CARTESIAN_POINT ( 'NONE',  ( -5.514414158440654700, 16.00000000000000000, 15.55124549639639800 ) ) ;
#1676 = COLOUR_RGB ( '',0.6392156862745097500, 0.6117647058823529900, 0.5999999999999999800 ) ;
#1677 = CIRCLE ( 'NONE', #6528, 3.000000000000002700 ) ;
#1678 = LINE ( 'NONE', #2425, #4753 ) ;
#1679 = PRESENTATION_STYLE_ASSIGNMENT (( #748 ) ) ;
#1680 =( NAMED_UNIT ( * ) SI_UNIT ( $, .STERADIAN. ) SOLID_ANGLE_UNIT ( ) );
#1681 = VERTEX_POINT ( 'NONE', #4787 ) ;
#1682 = AXIS2_PLACEMENT_3D ( 'NONE', #7285, #4060, #6527 ) ;
#1683 = VERTEX_POINT ( 'NONE', #6305 ) ;
#1684 = EDGE_CURVE ( 'NONE', #7746, #2890, #6696, .T. ) ;
#1685 = STYLED_ITEM ( 'NONE', ( #3343 ), #7826 ) ;
#1686 = LINE ( 'NONE', #9512, #3878 ) ;
#1687 = FILL_AREA_STYLE_COLOUR ( '', #4676 ) ;
#1688 = UNCERTAINTY_MEASURE_WITH_UNIT (LENGTH_MEASURE( 1.000000000000000100E-005 ), #7839, 'distance_accuracy_value', 'NONE');
#1689 = DIRECTION ( 'NONE',  ( -0.0000000000000000000, -0.0000000000000000000, -1.000000000000000000 ) ) ;
#1690 = VERTEX_POINT ( 'NONE', #2417 ) ;
#1691 = SURFACE_STYLE_USAGE ( .BOTH. , #4563 ) ;
#1692 = CARTESIAN_POINT ( 'NONE',  ( 0.0000000000000000000, 0.0000000000000000000, -20.00000000000000000 ) ) ;
#1693 = SURFACE_STYLE_USAGE ( .BOTH. , #299 ) ;
#1694 =( LENGTH_UNIT ( ) NAMED_UNIT ( * ) SI_UNIT ( .MILLI., .METRE. ) );
#1695 = ORIENTED_EDGE ( 'NONE', *, *, #8192, .F. ) ;
#1696 = AXIS2_PLACEMENT_3D ( 'NONE', #9339, #3054, #751 ) ;
#1697 = MECHANICAL_DESIGN_GEOMETRIC_PRESENTATION_REPRESENTATION (  '', ( #6434 ), #2192 ) ;
#1698 = CARTESIAN_POINT ( 'NONE',  ( -45.70000000000019500, -13.99999999999999800, 23.00000000000000000 ) ) ;
#1699 = DIRECTION ( 'NONE',  ( 1.000000000000000000, 0.0000000000000000000, 0.0000000000000000000 ) ) ;
#1700 = DIRECTION ( 'NONE',  ( -1.000000000000000000, -2.854379062896599700E-016, 0.0000000000000000000 ) ) ;
#1701 = LINE ( 'NONE', #4150, #9074 ) ;
#1702 = FACE_OUTER_BOUND ( 'NONE', #940, .T. ) ;
#1703 = PLANE ( 'NONE',  #4112 ) ;
#1704 = DIRECTION ( 'NONE',  ( -0.6785983445458431100, 0.6785983445458506600, -0.2810846377148209500 ) ) ;
#1705 = VERTEX_POINT ( 'NONE', #4760 ) ;
#1706 = VECTOR ( 'NONE', #2421, 1000.000000000000100 ) ;
#1707 = STYLED_ITEM ( 'NONE', ( #6966 ), #1364 ) ;
#1708 = MECHANICAL_DESIGN_GEOMETRIC_PRESENTATION_REPRESENTATION (  '', ( #9080 ), #7896 ) ;
#1709 = DIRECTION ( 'NONE',  ( 0.0000000000000000000, 1.000000000000000000, 0.0000000000000000000 ) ) ;
#1710 = ADVANCED_FACE ( 'NONE', ( #3477 ), #7129, .T. ) ;
#1711 = ORIENTED_EDGE ( 'NONE', *, *, #367, .T. ) ;
#1712 = AXIS2_PLACEMENT_3D ( 'NONE', #4404, #7481, #4464 ) ;
#1713 = ORIENTED_EDGE ( 'NONE', *, *, #6752, .T. ) ;
#1714 =( NAMED_UNIT ( * ) SI_UNIT ( $, .STERADIAN. ) SOLID_ANGLE_UNIT ( ) );
#1715 = PRESENTATION_STYLE_ASSIGNMENT (( #2226 ) ) ;
#1716 = CARTESIAN_POINT ( 'NONE',  ( 129.9289321881344100, 115.0000000000000300, -30.00000000000000400 ) ) ;
#1717 = ORIENTED_EDGE ( 'NONE', *, *, #1343, .T. ) ;
#1718 = DIRECTION ( 'NONE',  ( 0.7071067811865475700, -0.7071067811865475700, 0.0000000000000000000 ) ) ;
#1719 = ORIENTED_EDGE ( 'NONE', *, *, #3189, .T. ) ;
#1720 = VECTOR ( 'NONE', #2285, 1000.000000000000000 ) ;
#1721 = DIRECTION ( 'NONE',  ( 1.000000000000000000, 0.0000000000000000000, -2.847060021387389100E-016 ) ) ;
#1722 =( LENGTH_UNIT ( ) NAMED_UNIT ( * ) SI_UNIT ( .MILLI., .METRE. ) );
#1723 = DIRECTION ( 'NONE',  ( 0.0000000000000000000, 0.0000000000000000000, 1.000000000000000000 ) ) ;
#1724 =( GEOMETRIC_REPRESENTATION_CONTEXT ( 3 ) GLOBAL_UNCERTAINTY_ASSIGNED_CONTEXT ( ( #510 ) ) GLOBAL_UNIT_ASSIGNED_CONTEXT ( ( #10127, #4791, #2360 ) ) REPRESENTATION_CONTEXT ( 'NONE', 'WORKASPACE' ) );
#1725 = PRESENTATION_LAYER_ASSIGNMENT (  '', '', ( #7002 ) ) ;
#1726 = LINE ( 'NONE', #2190, #7758 ) ;
#1727 = EDGE_CURVE ( 'NONE', #317, #3258, #9012, .T. ) ;
#1728 = ORIENTED_EDGE ( 'NONE', *, *, #1911, .F. ) ;
#1729 = DIRECTION ( 'NONE',  ( -0.0000000000000000000, 1.000000000000000000, -0.0000000000000000000 ) ) ;
#1730 = CARTESIAN_POINT ( 'NONE',  ( -19.99999999999998900, -89.99999999999997200, 1.000000000000000900 ) ) ;
#1731 = CARTESIAN_POINT ( 'NONE',  ( -10.71056658114729700, 16.00000000000000000, -12.55124549639639000 ) ) ;
#1732 =( LENGTH_UNIT ( ) NAMED_UNIT ( * ) SI_UNIT ( .MILLI., .METRE. ) );
#1733 = DIRECTION ( 'NONE',  ( 0.0000000000000000000, 1.000000000000000000, 0.0000000000000000000 ) ) ;
#1734 = DIRECTION ( 'NONE',  ( 1.000000000000000000, 0.0000000000000000000, 0.0000000000000000000 ) ) ;
#1735 = DIRECTION ( 'NONE',  ( -0.0000000000000000000, -0.0000000000000000000, -1.000000000000000000 ) ) ;
#1736 = VECTOR ( 'NONE', #9086, 1000.000000000000000 ) ;
#1737 = SURFACE_STYLE_USAGE ( .BOTH. , #1640 ) ;
#1738 =( GEOMETRIC_REPRESENTATION_CONTEXT ( 3 ) GLOBAL_UNCERTAINTY_ASSIGNED_CONTEXT ( ( #8242 ) ) GLOBAL_UNIT_ASSIGNED_CONTEXT ( ( #4166, #229, #2437 ) ) REPRESENTATION_CONTEXT ( 'NONE', 'WORKASPACE' ) );
#1739 = ORIENTED_EDGE ( 'NONE', *, *, #9820, .F. ) ;
#1740 = SURFACE_STYLE_FILL_AREA ( #9606 ) ;
#1741 = LINE ( 'NONE', #282, #6291 ) ;
#1742 = UNCERTAINTY_MEASURE_WITH_UNIT (LENGTH_MEASURE( 1.000000000000000100E-005 ), #5348, 'distance_accuracy_value', 'NONE');
#1743 = EDGE_CURVE ( 'NONE', #8917, #6357, #5961, .T. ) ;
#1744 = STYLED_ITEM ( 'NONE', ( #6582 ), #7628 ) ;
#1745 = ORIENTED_EDGE ( 'NONE', *, *, #7583, .F. ) ;
#1746 = CARTESIAN_POINT ( 'NONE',  ( -57.00000000000004300, -6.999999999999995600, 43.00000000000000000 ) ) ;
#1747 = ORIENTED_EDGE ( 'NONE', *, *, #2912, .T. ) ;
#1748 = SURFACE_STYLE_USAGE ( .BOTH. , #2514 ) ;
#1749 = CARTESIAN_POINT ( 'NONE',  ( 128.0000000000000000, 62.00000000000004300, 16.00000000000000000 ) ) ;
#1750 = SURFACE_STYLE_USAGE ( .BOTH. , #5683 ) ;
#1751 = VERTEX_POINT ( 'NONE', #7262 ) ;
#1752 = CARTESIAN_POINT ( 'NONE',  ( 134.0000000000000600, -1.050887573964497200, 23.63786982248520700 ) ) ;
#1753 = MECHANICAL_DESIGN_GEOMETRIC_PRESENTATION_REPRESENTATION (  '', ( #5325 ), #8593 ) ;
#1754 = SURFACE_STYLE_FILL_AREA ( #7245 ) ;
#1755 = FILL_AREA_STYLE ('',( #960 ) ) ;
#1756 = VERTEX_POINT ( 'NONE', #8828 ) ;
#1757 = EDGE_CURVE ( 'NONE', #1667, #8177, #4075, .T. ) ;
#1758 = LINE ( 'NONE', #647, #8628 ) ;
#1759 = LINE ( 'NONE', #4878, #5216 ) ;
#1760 = ORIENTED_EDGE ( 'NONE', *, *, #7583, .T. ) ;
#1761 = LINE ( 'NONE', #4708, #3476 ) ;
#1762 = FACE_OUTER_BOUND ( 'NONE', #3628, .T. ) ;
#1763 = DIRECTION ( 'NONE',  ( -0.0000000000000000000, -0.0000000000000000000, -1.000000000000000000 ) ) ;
#1764 = ORIENTED_EDGE ( 'NONE', *, *, #3444, .T. ) ;
#1765 = CARTESIAN_POINT ( 'NONE',  ( -45.70000000000013100, -31.99999999999999300, 23.00000000000000000 ) ) ;
#1766 = CARTESIAN_POINT ( 'NONE',  ( -48.00000000000008500, 30.99999999999998200, 15.00000000000000000 ) ) ;
#1767 = AXIS2_PLACEMENT_3D ( 'NONE', #9761, #9533, #8775 ) ;
#1768 = MECHANICAL_DESIGN_GEOMETRIC_PRESENTATION_REPRESENTATION (  '', ( #4261 ), #6377 ) ;
#1769 = DIRECTION ( 'NONE',  ( 0.0000000000000000000, 0.0000000000000000000, 1.000000000000000000 ) ) ;
#1770 = VECTOR ( 'NONE', #3321, 1000.000000000000000 ) ;
#1771 = VECTOR ( 'NONE', #7960, 1000.000000000000000 ) ;
#1772 = ORIENTED_EDGE ( 'NONE', *, *, #8310, .T. ) ;
#1773 = VECTOR ( 'NONE', #3801, 1000.000000000000000 ) ;
#1774 = DIRECTION ( 'NONE',  ( 0.8660254037844383700, 0.0000000000000000000, 0.5000000000000004400 ) ) ;
#1775 = EDGE_LOOP ( 'NONE', ( #949, #5217, #4233, #2362 ) ) ;
#1776 = DIRECTION ( 'NONE',  ( -0.4999999999999997200, 0.7071067811865510100, -0.4999999999999953400 ) ) ;
#1777 =( NAMED_UNIT ( * ) SI_UNIT ( $, .STERADIAN. ) SOLID_ANGLE_UNIT ( ) );
#1778 = SURFACE_STYLE_FILL_AREA ( #9803 ) ;
#1779 = EDGE_CURVE ( 'NONE', #5817, #5096, #930, .T. ) ;
#1780 = FILL_AREA_STYLE ('',( #195 ) ) ;
#1781 = EDGE_LOOP ( 'NONE', ( #8009, #8531, #3240, #9858 ) ) ;
#1782 =( LENGTH_UNIT ( ) NAMED_UNIT ( * ) SI_UNIT ( .MILLI., .METRE. ) );
#1783 = ORIENTED_EDGE ( 'NONE', *, *, #172, .T. ) ;
#1784 = AXIS2_PLACEMENT_3D ( 'NONE', #8822, #7256, #4106 ) ;
#1785 = CARTESIAN_POINT ( 'NONE',  ( -10.70000000000000500, -74.00000000000000000, 18.99999999999999600 ) ) ;
#1786 = EDGE_CURVE ( 'NONE', #448, #9361, #8165, .T. ) ;
#1787 = FILL_AREA_STYLE_COLOUR ( '', #777 ) ;
#1788 =( NAMED_UNIT ( * ) SI_UNIT ( $, .STERADIAN. ) SOLID_ANGLE_UNIT ( ) );
#1789 = VECTOR ( 'NONE', #10060, 1000.000000000000000 ) ;
#1790 = FILL_AREA_STYLE ('',( #9607 ) ) ;
#1791 = FACE_OUTER_BOUND ( 'NONE', #1260, .T. ) ;
#1792 = VECTOR ( 'NONE', #2375, 1000.000000000000000 ) ;
#1793 = VERTEX_POINT ( 'NONE', #246 ) ;
#1794 = ORIENTED_EDGE ( 'NONE', *, *, #116, .T. ) ;
#1795 =( GEOMETRIC_REPRESENTATION_CONTEXT ( 3 ) GLOBAL_UNCERTAINTY_ASSIGNED_CONTEXT ( ( #4258 ) ) GLOBAL_UNIT_ASSIGNED_CONTEXT ( ( #284, #6589, #6551 ) ) REPRESENTATION_CONTEXT ( 'NONE', 'WORKASPACE' ) );
#1796 = EDGE_LOOP ( 'NONE', ( #3212, #9206, #7931, #6251 ) ) ;
#1797 = LINE ( 'NONE', #4762, #5635 ) ;
#1798 = SURFACE_STYLE_FILL_AREA ( #6567 ) ;
#1799 = DIRECTION ( 'NONE',  ( -0.0000000000000000000, -0.0000000000000000000, 1.000000000000000000 ) ) ;
#1800 = EDGE_CURVE ( 'NONE', #7737, #3152, #10096, .T. ) ;
#1801 = DIRECTION ( 'NONE',  ( 1.000000000000000000, 0.0000000000000000000, -0.0000000000000000000 ) ) ;
#1802 = CARTESIAN_POINT ( 'NONE',  ( 0.0000000000000000000, 16.00000000000000000, 0.0000000000000000000 ) ) ;
#1803 = EDGE_CURVE ( 'NONE', #2857, #9377, #6939, .T. ) ;
#1804 = VERTEX_POINT ( 'NONE', #8015 ) ;
#1805 = SURFACE_STYLE_FILL_AREA ( #5890 ) ;
#1806 = CARTESIAN_POINT ( 'NONE',  ( 0.0000000000000000000, 0.0000000000000000000, 0.0000000000000000000 ) ) ;
#1807 = DIRECTION ( 'NONE',  ( 0.0000000000000000000, 0.0000000000000000000, 1.000000000000000000 ) ) ;
#1808 = ORIENTED_EDGE ( 'NONE', *, *, #1085, .T. ) ;
#1809 = EDGE_LOOP ( 'NONE', ( #6381, #94, #7744, #2635, #9950 ) ) ;
#1810 = CARTESIAN_POINT ( 'NONE',  ( -55.00000000000002800, -79.92893218813443900, 39.05588067195314700 ) ) ;
#1811 = UNCERTAINTY_MEASURE_WITH_UNIT (LENGTH_MEASURE( 1.000000000000000100E-005 ), #2879, 'distance_accuracy_value', 'NONE');
#1812 =( NAMED_UNIT ( * ) PLANE_ANGLE_UNIT ( ) SI_UNIT ( $, .RADIAN. ) );
#1814 = ORIENTED_EDGE ( 'NONE', *, *, #4644, .T. ) ;
#1813 =( GEOMETRIC_REPRESENTATION_CONTEXT ( 3 ) GLOBAL_UNCERTAINTY_ASSIGNED_CONTEXT ( ( #8305 ) ) GLOBAL_UNIT_ASSIGNED_CONTEXT ( ( #1968, #526, #1179 ) ) REPRESENTATION_CONTEXT ( 'NONE', 'WORKASPACE' ) );
#1815 = CARTESIAN_POINT ( 'NONE',  ( 128.0000000000000000, 62.00000000000004300, 16.00000000000000000 ) ) ;
#1816 = SURFACE_STYLE_USAGE ( .BOTH. , #2544 ) ;
#1817 = EDGE_CURVE ( 'NONE', #4114, #4091, #6820, .T. ) ;
#1818 =( GEOMETRIC_REPRESENTATION_CONTEXT ( 3 ) GLOBAL_UNCERTAINTY_ASSIGNED_CONTEXT ( ( #6536 ) ) GLOBAL_UNIT_ASSIGNED_CONTEXT ( ( #5022, #2650, #4232 ) ) REPRESENTATION_CONTEXT ( 'NONE', 'WORKASPACE' ) );
#1819 = DIRECTION ( 'NONE',  ( -0.0000000000000000000, -0.0000000000000000000, -1.000000000000000000 ) ) ;
#1820 = CARTESIAN_POINT ( 'NONE',  ( -1.708236012832437100E-015, 16.00000000000000000, -3.000000000000006700 ) ) ;
#1821 = CARTESIAN_POINT ( 'NONE',  ( -10.70000000000000500, -74.00000000000000000, 18.99999999999999600 ) ) ;
#1822 = FILL_AREA_STYLE_COLOUR ( '', #4750 ) ;
#1823 = CARTESIAN_POINT ( 'NONE',  ( -49.45000000000001700, -13.99999999999999800, 22.00000000000000000 ) ) ;
#1824 = DIRECTION ( 'NONE',  ( 0.0000000000000000000, 0.0000000000000000000, 1.000000000000000000 ) ) ;
#1825 = DIRECTION ( 'NONE',  ( 0.0000000000000000000, 0.0000000000000000000, -1.000000000000000000 ) ) ;
#1826 = ADVANCED_FACE ( 'NONE', ( #8889 ), #4894, .T. ) ;
#1827 = FACE_OUTER_BOUND ( 'NONE', #7917, .T. ) ;
#1828 = DIRECTION ( 'NONE',  ( 1.000000000000000000, 0.0000000000000000000, 0.0000000000000000000 ) ) ;
#1829 = AXIS2_PLACEMENT_3D ( 'NONE', #775, #2273, #9368 ) ;
#1830 = PRESENTATION_LAYER_ASSIGNMENT (  '', '', ( #1316 ) ) ;
#1831 = SURFACE_STYLE_USAGE ( .BOTH. , #4042 ) ;
#1832 =( LENGTH_UNIT ( ) NAMED_UNIT ( * ) SI_UNIT ( .MILLI., .METRE. ) );
#1833 =( REPRESENTATION_RELATIONSHIP ('NONE','NONE', #4564, #9467 ) REPRESENTATION_RELATIONSHIP_WITH_TRANSFORMATION ( #2333 )SHAPE_REPRESENTATION_RELATIONSHIP( ) );
#1834 = DIRECTION ( 'NONE',  ( -1.000000000000000000, 0.0000000000000000000, 0.0000000000000000000 ) ) ;
#1835 = VECTOR ( 'NONE', #241, 1000.000000000000000 ) ;
#1836 =( NAMED_UNIT ( * ) PLANE_ANGLE_UNIT ( ) SI_UNIT ( $, .RADIAN. ) );
#1837 = STYLED_ITEM ( 'NONE', ( #41 ), #2328 ) ;
#1838 = SURFACE_SIDE_STYLE ('',( #1302 ) ) ;
#1839 = FACE_OUTER_BOUND ( 'NONE', #3453, .T. ) ;
#1840 =( NAMED_UNIT ( * ) SI_UNIT ( $, .STERADIAN. ) SOLID_ANGLE_UNIT ( ) );
#1841 = MECHANICAL_DESIGN_GEOMETRIC_PRESENTATION_REPRESENTATION (  '', ( #5431 ), #688 ) ;
#1842 = VERTEX_POINT ( 'NONE', #281 ) ;
#1843 = CARTESIAN_POINT ( 'NONE',  ( 3.449228994783101500E-015, 10.00000000000000000, 14.00000000000000000 ) ) ;
#1844 =( LENGTH_UNIT ( ) NAMED_UNIT ( * ) SI_UNIT ( .MILLI., .METRE. ) );
#1845 = CYLINDRICAL_SURFACE ( 'NONE', #7554, 4.999999999999997300 ) ;
#1846 = LINE ( 'NONE', #1221, #1373 ) ;
#1847 =( LENGTH_UNIT ( ) NAMED_UNIT ( * ) SI_UNIT ( .MILLI., .METRE. ) );
#1848 = PRESENTATION_LAYER_ASSIGNMENT (  '', '', ( #9360 ) ) ;
#1849 = EDGE_CURVE ( 'NONE', #1168, #8984, #5827, .T. ) ;
#1850 = PRESENTATION_LAYER_ASSIGNMENT (  '', '', ( #6617 ) ) ;
#1851 = EDGE_CURVE ( 'NONE', #5343, #3583, #5592, .T. ) ;
#1852 = FACE_OUTER_BOUND ( 'NONE', #6610, .T. ) ;
#1853 = COLOUR_RGB ( '',1.000000000000000000, 1.000000000000000000, 1.000000000000000000 ) ;
#1854 = VERTEX_POINT ( 'NONE', #1101 ) ;
#1855 = UNCERTAINTY_MEASURE_WITH_UNIT (LENGTH_MEASURE( 1.000000000000000100E-005 ), #4295, 'distance_accuracy_value', 'NONE');
#1856 = CARTESIAN_POINT ( 'NONE',  ( -30.00000000000008200, 90.00000000000001400, 18.00000000000000000 ) ) ;
#1857 = CARTESIAN_POINT ( 'NONE',  ( 0.0000000000000000000, 0.0000000000000000000, 0.0000000000000000000 ) ) ;
#1858 = ORIENTED_EDGE ( 'NONE', *, *, #8769, .T. ) ;
#1859 = APPLICATION_CONTEXT ( 'automotive_design' ) ;
#1860 = DIRECTION ( 'NONE',  ( 0.0000000000000000000, 0.0000000000000000000, 1.000000000000000000 ) ) ;
#1861 = AXIS2_PLACEMENT_3D ( 'NONE', #6294, #3963, #9373 ) ;
#1862 = SURFACE_STYLE_FILL_AREA ( #5579 ) ;
#1863 = ADVANCED_FACE ( 'NONE', ( #308 ), #9490, .T. ) ;
#1864 = EDGE_CURVE ( 'NONE', #7311, #797, #9380, .T. ) ;
#1865 = EDGE_LOOP ( 'NONE', ( #2468, #6708, #5813, #7877 ) ) ;
#1866 = DIRECTION ( 'NONE',  ( -1.000000000000000000, -0.0000000000000000000, -0.0000000000000000000 ) ) ;
#1867 = CARTESIAN_POINT ( 'NONE',  ( 135.0000000000000000, -64.92893218813452400, -14.99999999999992500 ) ) ;
#1868 = CIRCLE ( 'NONE', #183, 18.00000000000000000 ) ;
#1869 = ORIENTED_EDGE ( 'NONE', *, *, #9436, .F. ) ;
#1870 = DIRECTION ( 'NONE',  ( 0.0000000000000000000, 0.0000000000000000000, 1.000000000000000000 ) ) ;
#1871 = CARTESIAN_POINT ( 'NONE',  ( -45.70000000000000300, -31.99999999999999300, 22.00000000000000000 ) ) ;
#1872 = CARTESIAN_POINT ( 'NONE',  ( -17.74823934929884600, 16.00000000000000000, -2.999999999999996400 ) ) ;
#1873 = ORIENTED_EDGE ( 'NONE', *, *, #5231, .F. ) ;
#1874 = CYLINDRICAL_SURFACE ( 'NONE', #8473, 3.750000000000010200 ) ;
#1875 = DIRECTION ( 'NONE',  ( -0.0000000000000000000, -0.0000000000000000000, -1.000000000000000000 ) ) ;
#1876 = LINE ( 'NONE', #9528, #315 ) ;
#1877 = MECHANICAL_DESIGN_GEOMETRIC_PRESENTATION_REPRESENTATION (  '', ( #3787 ), #9068 ) ;
#1879 = EDGE_LOOP ( 'NONE', ( #3980, #9328, #6694, #6729 ) ) ;
#1878 = AXIS2_PLACEMENT_3D ( 'NONE', #84, #4507, #44 ) ;
#1880 = CARTESIAN_POINT ( 'NONE',  ( 0.0000000000000000000, 16.00000000000000000, -18.00000000000000000 ) ) ;
#1881 = DIRECTION ( 'NONE',  ( -1.000000000000000000, 0.0000000000000000000, 0.0000000000000000000 ) ) ;
#1882 = COLOUR_RGB ( '',0.9098039215686274400, 0.4431372549019607600, 0.03137254901960784300 ) ;
#1883 = ORIENTED_EDGE ( 'NONE', *, *, #5038, .T. ) ;
#1884 =( NAMED_UNIT ( * ) PLANE_ANGLE_UNIT ( ) SI_UNIT ( $, .RADIAN. ) );
#1885 = LINE ( 'NONE', #3313, #7918 ) ;
#1886 = ORIENTED_EDGE ( 'NONE', *, *, #1283, .F. ) ;
#1887 = EDGE_CURVE ( 'NONE', #5583, #4476, #7668, .T. ) ;
#1888 = CARTESIAN_POINT ( 'NONE',  ( -36.32164926067871100, 118.3623164450843200, -13.36231644508443000 ) ) ;
#1889 = CARTESIAN_POINT ( 'NONE',  ( -38.70000000000019500, -19.99999999999997500, 18.99999999999999600 ) ) ;
#1890 = LINE ( 'NONE', #661, #9986 ) ;
#1891 = PRESENTATION_STYLE_ASSIGNMENT (( #3919 ) ) ;
#1892 = ORIENTED_EDGE ( 'NONE', *, *, #5820, .F. ) ;
#1893 = ORIENTED_EDGE ( 'NONE', *, *, #1607, .F. ) ;
#1894 = SURFACE_STYLE_USAGE ( .BOTH. , #3614 ) ;
#1895 = CIRCLE ( 'NONE', #2970, 4.549999999999998900 ) ;
#1896 = PRESENTATION_STYLE_ASSIGNMENT (( #9099 ) ) ;
#1897 =( LENGTH_UNIT ( ) NAMED_UNIT ( * ) SI_UNIT ( .MILLI., .METRE. ) );
#1898 = ORIENTED_EDGE ( 'NONE', *, *, #6629, .F. ) ;
#1899 = ORIENTED_EDGE ( 'NONE', *, *, #8486, .F. ) ;
#1900 = LINE ( 'NONE', #4707, #6594 ) ;
#1901 = VERTEX_POINT ( 'NONE', #1957 ) ;
#1902 = CARTESIAN_POINT ( 'NONE',  ( -38.70000000000000300, -74.00000000000000000, 18.99999999999999600 ) ) ;
#1903 = CARTESIAN_POINT ( 'NONE',  ( -19.99999999999998900, -89.99999999999997200, -5.000000000000004400 ) ) ;
#1904 = DIRECTION ( 'NONE',  ( 0.0000000000000000000, 1.000000000000000000, -0.0000000000000000000 ) ) ;
#1905 = DIRECTION ( 'NONE',  ( 0.0000000000000000000, 0.0000000000000000000, 1.000000000000000000 ) ) ;
#1906 = FILL_AREA_STYLE_COLOUR ( '', #8059 ) ;
#1907 = AXIS2_PLACEMENT_3D ( 'NONE', #4135, #9633, #2583 ) ;
#1908 = CARTESIAN_POINT ( 'NONE',  ( -45.70000000000000300, -67.99999999999998600, 22.00000000000000000 ) ) ;
#1909 = LINE ( 'NONE', #9431, #6351 ) ;
#1910 = VERTEX_POINT ( 'NONE', #8153 ) ;
#1911 = EDGE_CURVE ( 'NONE', #2729, #2989, #6077, .T. ) ;
#1912 = UNCERTAINTY_MEASURE_WITH_UNIT (LENGTH_MEASURE( 1.000000000000000100E-005 ), #3950, 'distance_accuracy_value', 'NONE');
#1913 = SURFACE_STYLE_USAGE ( .BOTH. , #7503 ) ;
#1914 = ORIENTED_EDGE ( 'NONE', *, *, #4372, .F. ) ;
#1915 = SURFACE_STYLE_USAGE ( .BOTH. , #335 ) ;
#1916 = ADVANCED_FACE ( 'NONE', ( #808 ), #375, .T. ) ;
#1917 = VECTOR ( 'NONE', #842, 1000.000000000000000 ) ;
#1918 = DIRECTION ( 'NONE',  ( 0.0000000000000000000, 0.0000000000000000000, 1.000000000000000000 ) ) ;
#1919 = DIRECTION ( 'NONE',  ( 2.336447111136558000E-017, 0.7071067811865435800, -0.7071067811865514600 ) ) ;
#1920 = ORIENTED_EDGE ( 'NONE', *, *, #1986, .T. ) ;
#1921 = DIRECTION ( 'NONE',  ( 0.0000000000000000000, 0.0000000000000000000, 1.000000000000000000 ) ) ;
#1922 = EDGE_CURVE ( 'NONE', #6592, #448, #7907, .T. ) ;
#1923 = PRESENTATION_LAYER_ASSIGNMENT (  '', '', ( #7736 ) ) ;
#1924 = DIRECTION ( 'NONE',  ( 0.0000000000000000000, 0.0000000000000000000, -1.000000000000000000 ) ) ;
#1925 = CARTESIAN_POINT ( 'NONE',  ( 140.0000000000000000, 22.99999999999995400, 7.999999999999998200 ) ) ;
#1926 = UNCERTAINTY_MEASURE_WITH_UNIT (LENGTH_MEASURE( 1.000000000000000100E-005 ), #8586, 'distance_accuracy_value', 'NONE');
#1927 = PRESENTATION_STYLE_ASSIGNMENT (( #1238 ) ) ;
#1928 =( LENGTH_UNIT ( ) NAMED_UNIT ( * ) SI_UNIT ( .MILLI., .METRE. ) );
#1929 = ORIENTED_EDGE ( 'NONE', *, *, #19, .F. ) ;
#1930 = SURFACE_STYLE_FILL_AREA ( #9188 ) ;
#1931 = VECTOR ( 'NONE', #8796, 1000.000000000000000 ) ;
#1932 = FILL_AREA_STYLE ('',( #261 ) ) ;
#1933 = PRESENTATION_LAYER_ASSIGNMENT (  '', '', ( #2848 ) ) ;
#1934 = SURFACE_STYLE_USAGE ( .BOTH. , #6657 ) ;
#1935 = DIRECTION ( 'NONE',  ( -0.0000000000000000000, -1.000000000000000000, -0.0000000000000000000 ) ) ;
#1936 = AXIS2_PLACEMENT_3D ( 'NONE', #6776, #541, #1320 ) ;
#1937 =( GEOMETRIC_REPRESENTATION_CONTEXT ( 3 ) GLOBAL_UNCERTAINTY_ASSIGNED_CONTEXT ( ( #4391 ) ) GLOBAL_UNIT_ASSIGNED_CONTEXT ( ( #390, #9123, #8277 ) ) REPRESENTATION_CONTEXT ( 'NONE', 'WORKASPACE' ) );
#1938 = ADVANCED_FACE ( 'NONE', ( #1762 ), #4264, .F. ) ;
#1939 = CARTESIAN_POINT ( 'NONE',  ( -11.47219588600274600, 16.00000000000000000, -13.87042614893938700 ) ) ;
#1940 = DIRECTION ( 'NONE',  ( 0.0000000000000000000, 0.0000000000000000000, -1.000000000000000000 ) ) ;
#1941 = SURFACE_STYLE_USAGE ( .BOTH. , #5991 ) ;
#1942 = ORIENTED_EDGE ( 'NONE', *, *, #9226, .T. ) ;
#1943 = PRODUCT_DEFINITION_SHAPE ( 'NONE', 'NONE',  #5283 ) ;
#1944 = FILL_AREA_STYLE_COLOUR ( '', #6002 ) ;
#1945 = DIRECTION ( 'NONE',  ( 1.000000000000000000, 0.0000000000000000000, 0.0000000000000000000 ) ) ;
#1946 = DIRECTION ( 'NONE',  ( 0.0000000000000000000, 0.0000000000000000000, 1.000000000000000000 ) ) ;
#1947 = ORIENTED_EDGE ( 'NONE', *, *, #10061, .F. ) ;
#1948 =( NAMED_UNIT ( * ) SI_UNIT ( $, .STERADIAN. ) SOLID_ANGLE_UNIT ( ) );
#1949 = FACE_OUTER_BOUND ( 'NONE', #3645, .T. ) ;
#1950 = CARTESIAN_POINT ( 'NONE',  ( -16.22498073958795200, 0.0000000000000000000, 3.000000000000003100 ) ) ;
#1951 = ORIENTED_EDGE ( 'NONE', *, *, #3844, .F. ) ;
#1952 = MECHANICAL_DESIGN_GEOMETRIC_PRESENTATION_REPRESENTATION (  '', ( #2669 ), #6578 ) ;
#1953 = STYLED_ITEM ( 'NONE', ( #3411 ), #9798 ) ;
#1954 = ORIENTED_EDGE ( 'NONE', *, *, #5790, .T. ) ;
#1955 = CIRCLE ( 'NONE', #2058, 18.00000000000000000 ) ;
#1956 = DIRECTION ( 'NONE',  ( 0.0000000000000000000, 0.0000000000000000000, 1.000000000000000000 ) ) ;
#1957 = CARTESIAN_POINT ( 'NONE',  ( -49.45000000000002400, -49.99999999999998600, 21.20000000000002100 ) ) ;
#1958 = CARTESIAN_POINT ( 'NONE',  ( -57.00000000000005000, -80.75735931288072300, 39.15791864707433900 ) ) ;
#1959 =( LENGTH_UNIT ( ) NAMED_UNIT ( * ) SI_UNIT ( .MILLI., .METRE. ) );
#1960 = CYLINDRICAL_SURFACE ( 'NONE', #7882, 6.000000000000000000 ) ;
#1961 = ORIENTED_EDGE ( 'NONE', *, *, #9178, .F. ) ;
#1962 = ADVANCED_FACE ( 'NONE', ( #7289, #8025 ), #9563, .T. ) ;
#1963 = EDGE_CURVE ( 'NONE', #4262, #8522, #3938, .T. ) ;
#1964 = CARTESIAN_POINT ( 'NONE',  ( 135.0000000000000600, -7.000000000000004400, 43.00000000000000000 ) ) ;
#1965 = PRESENTATION_LAYER_ASSIGNMENT (  '', '', ( #2288 ) ) ;
#1966 = AXIS2_PLACEMENT_3D ( 'NONE', #889, #3910, #4782 ) ;
#1967 =( NAMED_UNIT ( * ) PLANE_ANGLE_UNIT ( ) SI_UNIT ( $, .RADIAN. ) );
#1968 =( LENGTH_UNIT ( ) NAMED_UNIT ( * ) SI_UNIT ( .MILLI., .METRE. ) );
#1969 = DIRECTION ( 'NONE',  ( 1.000000000000000000, 0.0000000000000000000, -0.0000000000000000000 ) ) ;
#1970 = VERTEX_POINT ( 'NONE', #4798 ) ;
#1971 = DIRECTION ( 'NONE',  ( -0.0000000000000000000, -1.000000000000000000, -0.0000000000000000000 ) ) ;
#1972 = FACE_OUTER_BOUND ( 'NONE', #2264, .T. ) ;
#1973 = VECTOR ( 'NONE', #9793, 1000.000000000000100 ) ;
#1974 = CARTESIAN_POINT ( 'NONE',  ( 137.4181839432200100, 21.93057677372902200, 5.418183943219948300 ) ) ;
#1975 = CONTEXT_DEPENDENT_SHAPE_REPRESENTATION ( #2602, #4918 ) ;
#1976 = FILL_AREA_STYLE_COLOUR ( '', #3958 ) ;
#1977 = PLANE ( 'NONE',  #7264 ) ;
#1978 =( LENGTH_UNIT ( ) NAMED_UNIT ( * ) SI_UNIT ( .MILLI., .METRE. ) );
#1979 =( GEOMETRIC_REPRESENTATION_CONTEXT ( 3 ) GLOBAL_UNCERTAINTY_ASSIGNED_CONTEXT ( ( #6733 ) ) GLOBAL_UNIT_ASSIGNED_CONTEXT ( ( #9235, #2201, #9270 ) ) REPRESENTATION_CONTEXT ( 'NONE', 'WORKASPACE' ) );
#1980 = VERTEX_POINT ( 'NONE', #881 ) ;
#1981 = UNCERTAINTY_MEASURE_WITH_UNIT (LENGTH_MEASURE( 1.000000000000000100E-005 ), #10097, 'distance_accuracy_value', 'NONE');
#1982 = EDGE_CURVE ( 'NONE', #8331, #6462, #3587, .T. ) ;
#1983 = MECHANICAL_DESIGN_GEOMETRIC_PRESENTATION_REPRESENTATION (  '', ( #6092 ), #9363 ) ;
#1984 = DIRECTION ( 'NONE',  ( 1.000000000000000000, 1.261617073437677300E-016, 0.0000000000000000000 ) ) ;
#1985 = SHAPE_REPRESENTATION_RELATIONSHIP ( 'NONE' , 'NONE' ,  #9949, #1069 ) ;
#1986 = EDGE_CURVE ( 'NONE', #5889, #1417, #298, .T. ) ;
#1987 = ORIENTED_EDGE ( 'NONE', *, *, #1497, .T. ) ;
#1988 =( LENGTH_UNIT ( ) NAMED_UNIT ( * ) SI_UNIT ( .MILLI., .METRE. ) );
#1989 = EDGE_LOOP ( 'NONE', ( #2377, #9143, #3955, #5111 ) ) ;
#1990 = CARTESIAN_POINT ( 'NONE',  ( -16.87042614893940500, 0.0000000000000000000, -6.276043463296096200 ) ) ;
#1991 = PLANE ( 'NONE',  #2207 ) ;
#1992 = DIRECTION ( 'NONE',  ( 1.000000000000000000, 0.0000000000000000000, -0.0000000000000000000 ) ) ;
#1993 = AXIS2_PLACEMENT_3D ( 'NONE', #2699, #7475, #4182 ) ;
#1994 = ORIENTED_EDGE ( 'NONE', *, *, #2837, .T. ) ;
#1995 = ORIENTED_EDGE ( 'NONE', *, *, #9109, .T. ) ;
#1996 = EDGE_CURVE ( 'NONE', #6927, #1425, #9126, .T. ) ;
#1997 =( GEOMETRIC_REPRESENTATION_CONTEXT ( 3 ) GLOBAL_UNCERTAINTY_ASSIGNED_CONTEXT ( ( #9236 ) ) GLOBAL_UNIT_ASSIGNED_CONTEXT ( ( #3276, #8732, #3244 ) ) REPRESENTATION_CONTEXT ( 'NONE', 'WORKASPACE' ) );
#1998 = VECTOR ( 'NONE', #2561, 1000.000000000000000 ) ;
#1999 = DIRECTION ( 'NONE',  ( -0.2810846377148180100, -0.6785983445458435600, 0.6785983445458514400 ) ) ;
#2000 = ORIENTED_EDGE ( 'NONE', *, *, #6489, .F. ) ;
#2001 =( NAMED_UNIT ( * ) SI_UNIT ( $, .STERADIAN. ) SOLID_ANGLE_UNIT ( ) );
#2002 = DIRECTION ( 'NONE',  ( 0.0000000000000000000, -0.9973337235915658000, 0.07297563831157799500 ) ) ;
#2003 = DIRECTION ( 'NONE',  ( -0.0000000000000000000, -0.0000000000000000000, -1.000000000000000000 ) ) ;
#2004 = VECTOR ( 'NONE', #7707, 1000.000000000000000 ) ;
#2005 = FACE_OUTER_BOUND ( 'NONE', #5656, .T. ) ;
#2006 = DIRECTION ( 'NONE',  ( 1.734723475976807100E-016, -1.000000000000000000, 0.0000000000000000000 ) ) ;
#2007 = DIRECTION ( 'NONE',  ( 0.0000000000000000000, 1.000000000000000000, 0.0000000000000000000 ) ) ;
#2008 = ORIENTED_EDGE ( 'NONE', *, *, #7145, .F. ) ;
#2009 = VECTOR ( 'NONE', #704, 1000.000000000000100 ) ;
#2010 = VERTEX_POINT ( 'NONE', #9594 ) ;
#2011 = CARTESIAN_POINT ( 'NONE',  ( 118.0000000000000600, 114.0000000000000000, 18.00000000000000000 ) ) ;
#2012 = DIRECTION ( 'NONE',  ( 0.0000000000000000000, 0.0000000000000000000, 1.000000000000000000 ) ) ;
#2013 =( GEOMETRIC_REPRESENTATION_CONTEXT ( 3 ) GLOBAL_UNCERTAINTY_ASSIGNED_CONTEXT ( ( #1981 ) ) GLOBAL_UNIT_ASSIGNED_CONTEXT ( ( #10097, #2164, #5446 ) ) REPRESENTATION_CONTEXT ( 'NONE', 'WORKASPACE' ) );
#2014 = MECHANICAL_DESIGN_GEOMETRIC_PRESENTATION_REPRESENTATION (  '', ( #1316 ), #6004 ) ;
#2015 =( NAMED_UNIT ( * ) SI_UNIT ( $, .STERADIAN. ) SOLID_ANGLE_UNIT ( ) );
#2016 = DIRECTION ( 'NONE',  ( 1.000000000000000000, 7.715974976096476800E-017, 0.0000000000000000000 ) ) ;
#2017 = ADVANCED_FACE ( 'NONE', ( #4191 ), #907, .T. ) ;
#2018 = DIRECTION ( 'NONE',  ( -9.382647317177011600E-017, -0.9973337235915658000, 0.07297563831157799500 ) ) ;
#2019 = VERTEX_POINT ( 'NONE', #7218 ) ;
#2020 = CYLINDRICAL_SURFACE ( 'NONE', #186, 16.50000000000000000 ) ;
#2021 = SURFACE_STYLE_USAGE ( .BOTH. , #9139 ) ;
#2022 = ORIENTED_EDGE ( 'NONE', *, *, #762, .F. ) ;
#2023 =( NAMED_UNIT ( * ) PLANE_ANGLE_UNIT ( ) SI_UNIT ( $, .RADIAN. ) );
#2024 = DIRECTION ( 'NONE',  ( -0.0000000000000000000, -0.0000000000000000000, -1.000000000000000000 ) ) ;
#2025 = COLOUR_RGB ( '',0.4941176470588235500, 0.4941176470588235500, 0.4941176470588235500 ) ;
#2026 = VECTOR ( 'NONE', #9834, 1000.000000000000000 ) ;
#2027 = DIRECTION ( 'NONE',  ( -1.000000000000000000, 0.0000000000000000000, 2.847060021387389100E-016 ) ) ;
#2028 = SURFACE_STYLE_USAGE ( .BOTH. , #6754 ) ;
#2029 = CARTESIAN_POINT ( 'NONE',  ( -1.499999999999982500, 0.0000000000000000000, -2.598076211353267200 ) ) ;
#2030 = LINE ( 'NONE', #7209, #3135 ) ;
#2031 = COLOUR_RGB ( '',0.6392156862745097500, 0.6117647058823529900, 0.5999999999999999800 ) ;
#2032 = STYLED_ITEM ( 'NONE', ( #2466 ), #2066 ) ;
#2033 = ORIENTED_EDGE ( 'NONE', *, *, #2391, .F. ) ;
#2034 = PRESENTATION_LAYER_ASSIGNMENT (  '', '', ( #1529 ) ) ;
#2035 = VERTEX_POINT ( 'NONE', #2433 ) ;
#2036 = ORIENTED_EDGE ( 'NONE', *, *, #6542, .T. ) ;
#2037 = DIRECTION ( 'NONE',  ( 0.0000000000000000000, 0.0000000000000000000, 1.000000000000000000 ) ) ;
#2038 = CIRCLE ( 'NONE', #4467, 18.00000000000000000 ) ;
#2039 = SURFACE_STYLE_FILL_AREA ( #2482 ) ;
#2040 = FACE_OUTER_BOUND ( 'NONE', #4702, .T. ) ;
#2041 = CARTESIAN_POINT ( 'NONE',  ( 1.499999999999998700, 16.00000000000000000, 2.598076211353307100 ) ) ;
#2042 = ORIENTED_EDGE ( 'NONE', *, *, #3372, .F. ) ;
#2043 = DIRECTION ( 'NONE',  ( -0.7071067811865474600, -0.7071067811865474600, 0.0000000000000000000 ) ) ;
#2044 = UNCERTAINTY_MEASURE_WITH_UNIT (LENGTH_MEASURE( 1.000000000000000100E-005 ), #4484, 'distance_accuracy_value', 'NONE');
#2045 =( GEOMETRIC_REPRESENTATION_CONTEXT ( 3 ) GLOBAL_UNCERTAINTY_ASSIGNED_CONTEXT ( ( #8546 ) ) GLOBAL_UNIT_ASSIGNED_CONTEXT ( ( #497, #9024, #2799 ) ) REPRESENTATION_CONTEXT ( 'NONE', 'WORKASPACE' ) );
#2046 = FACE_BOUND ( 'NONE', #3331, .T. ) ;
#2047 = EDGE_CURVE ( 'NONE', #5903, #9812, #9958, .T. ) ;
#2048 = MECHANICAL_DESIGN_GEOMETRIC_PRESENTATION_REPRESENTATION (  '', ( #1024 ), #2556 ) ;
#2049 = DIRECTION ( 'NONE',  ( 0.0000000000000000000, 1.000000000000000000, 0.0000000000000000000 ) ) ;
#2050 = CARTESIAN_POINT ( 'NONE',  ( 134.0000000000000600, 0.0000000000000000000, 38.00000000000000000 ) ) ;
#2051 = EDGE_CURVE ( 'NONE', #3992, #69, #1272, .T. ) ;
#2052 = ORIENTED_EDGE ( 'NONE', *, *, #6470, .T. ) ;
#2053 = CARTESIAN_POINT ( 'NONE',  ( 8.541180064162162700E-016, 16.00000000000000000, 2.999999999999998200 ) ) ;
#2054 = SURFACE_STYLE_USAGE ( .BOTH. , #2834 ) ;
#2055 = UNCERTAINTY_MEASURE_WITH_UNIT (LENGTH_MEASURE( 1.000000000000000100E-005 ), #1897, 'distance_accuracy_value', 'NONE');
#2056 = LINE ( 'NONE', #8452, #8090 ) ;
#2057 = FILL_AREA_STYLE_COLOUR ( '', #537 ) ;
#2059 = CIRCLE ( 'NONE', #5198, 16.50000000000000000 ) ;
#2058 = AXIS2_PLACEMENT_3D ( 'NONE', #5585, #3867, #5555 ) ;
#2060 = EDGE_CURVE ( 'NONE', #7690, #5479, #184, .T. ) ;
#2061 = PRESENTATION_LAYER_ASSIGNMENT (  '', '', ( #8638 ) ) ;
#2062 = SURFACE_SIDE_STYLE ('',( #3642 ) ) ;
#2063 =( LENGTH_UNIT ( ) NAMED_UNIT ( * ) SI_UNIT ( .MILLI., .METRE. ) );
#2064 = DIRECTION ( 'NONE',  ( 0.0000000000000000000, 0.0000000000000000000, 1.000000000000000000 ) ) ;
#2065 = VECTOR ( 'NONE', #3427, 1000.000000000000000 ) ;
#2066 = ADVANCED_FACE ( 'NONE', ( #6553 ), #2208, .F. ) ;
#2067 = CARTESIAN_POINT ( 'NONE',  ( -54.00000000000003600, -5.999999999999992900, 38.00000000000000000 ) ) ;
#2068 = CARTESIAN_POINT ( 'NONE',  ( -54.00000000000002800, -79.51471862576134700, 18.00000000000000000 ) ) ;
#2069 = DIRECTION ( 'NONE',  ( 0.7071067811865475700, -0.7071067811865475700, 0.0000000000000000000 ) ) ;
#2070 = LINE ( 'NONE', #8116, #1835 ) ;
#2071 = AXIS2_PLACEMENT_3D ( 'NONE', #1964, #7489, #2758 ) ;
#2072 = CARTESIAN_POINT ( 'NONE',  ( -45.70000000000000300, -49.99999999999998600, 22.00000000000000000 ) ) ;
#2073 = EDGE_CURVE ( 'NONE', #9980, #593, #4574, .T. ) ;
#2074 = DIRECTION ( 'NONE',  ( 1.000000000000000000, -0.0000000000000000000, -0.0000000000000000000 ) ) ;
#2075 = CARTESIAN_POINT ( 'NONE',  ( 140.0000000000000000, 28.00000000000001400, -19.99999999999998900 ) ) ;
#2076 = FILL_AREA_STYLE ('',( #1248 ) ) ;
#2077 = ORIENTED_EDGE ( 'NONE', *, *, #9491, .F. ) ;
#2078 = CARTESIAN_POINT ( 'NONE',  ( -2.999999999999997800, 16.00000000000000000, 17.74823934929884600 ) ) ;
#2079 = DIRECTION ( 'NONE',  ( -0.0000000000000000000, -0.0000000000000000000, -1.000000000000000000 ) ) ;
#2080 = AXIS2_PLACEMENT_3D ( 'NONE', #4617, #1472, #10024 ) ;
#2081 = DIRECTION ( 'NONE',  ( -0.0000000000000000000, 1.000000000000000000, -0.0000000000000000000 ) ) ;
#2082 = DIRECTION ( 'NONE',  ( 1.067522139062650400E-016, -1.000000000000000000, 0.0000000000000000000 ) ) ;
#2083 = DIRECTION ( 'NONE',  ( -0.0000000000000000000, -0.0000000000000000000, 1.000000000000000000 ) ) ;
#2084 = ORIENTED_EDGE ( 'NONE', *, *, #6547, .T. ) ;
#2085 = EDGE_CURVE ( 'NONE', #2971, #8834, #5942, .T. ) ;
#2086 = CARTESIAN_POINT ( 'NONE',  ( 105.8485611952599500, 93.07804519762272800, 11.92195480237749200 ) ) ;
#2087 = MECHANICAL_DESIGN_GEOMETRIC_PRESENTATION_REPRESENTATION (  '', ( #7056 ), #3160 ) ;
#2088 = ADVANCED_FACE ( 'NONE', ( #4324, #3216 ), #6392, .T. ) ;
#2089 = ORIENTED_EDGE ( 'NONE', *, *, #6149, .T. ) ;
#2090 = MECHANICAL_DESIGN_GEOMETRIC_PRESENTATION_REPRESENTATION (  '', ( #6926 ), #5160 ) ;
#2091 = CARTESIAN_POINT ( 'NONE',  ( -51.00794076169388800, 19.27536710983128300, -11.00794076169381700 ) ) ;
#2092 = SURFACE_STYLE_USAGE ( .BOTH. , #10053 ) ;
#2093 = EDGE_CURVE ( 'NONE', #9869, #7356, #3822, .T. ) ;
#2094 = SURFACE_SIDE_STYLE ('',( #8366 ) ) ;
#2095 = PRESENTATION_STYLE_ASSIGNMENT (( #224 ) ) ;
#2096 = CARTESIAN_POINT ( 'NONE',  ( 16.87042614893940100, 16.00000000000000000, 6.276043463296106900 ) ) ;
#2097 = ORIENTED_EDGE ( 'NONE', *, *, #4143, .F. ) ;
#2098 = CARTESIAN_POINT ( 'NONE',  ( -56.46446609406734000, -78.46446609406726200, -35.00000000000000000 ) ) ;
#2099 = CIRCLE ( 'NONE', #3939, 17.99999999999999600 ) ;
#2100 = CARTESIAN_POINT ( 'NONE',  ( -19.99999999999998900, -169.9999999999999700, -5.000000000000004400 ) ) ;
#2101 = ORIENTED_EDGE ( 'NONE', *, *, #1727, .T. ) ;
#2102 = ADVANCED_FACE ( 'NONE', ( #7528 ), #4987, .T. ) ;
#2103 = VECTOR ( 'NONE', #366, 1000.000000000000000 ) ;
#2104 =( GEOMETRIC_REPRESENTATION_CONTEXT ( 3 ) GLOBAL_UNCERTAINTY_ASSIGNED_CONTEXT ( ( #4179 ) ) GLOBAL_UNIT_ASSIGNED_CONTEXT ( ( #5233, #7631, #5030 ) ) REPRESENTATION_CONTEXT ( 'NONE', 'WORKASPACE' ) );
#2105 = EDGE_CURVE ( 'NONE', #1503, #1910, #5200, .T. ) ;
#2106 =( GEOMETRIC_REPRESENTATION_CONTEXT ( 3 ) GLOBAL_UNCERTAINTY_ASSIGNED_CONTEXT ( ( #4187 ) ) GLOBAL_UNIT_ASSIGNED_CONTEXT ( ( #2311, #7812, #7 ) ) REPRESENTATION_CONTEXT ( 'NONE', 'WORKASPACE' ) );
#2107 = VERTEX_POINT ( 'NONE', #1867 ) ;
#2108 = CARTESIAN_POINT ( 'NONE',  ( -45.70000000000000300, -49.99999999999998600, 22.00000000000000000 ) ) ;
#2109 = PLANE ( 'NONE',  #8264 ) ;
#2110 = EDGE_CURVE ( 'NONE', #3142, #8284, #7033, .T. ) ;
#2111 = DIRECTION ( 'NONE',  ( 0.0000000000000000000, 0.0000000000000000000, 1.000000000000000000 ) ) ;
#2112 = SURFACE_STYLE_FILL_AREA ( #8763 ) ;
#2113 =( NAMED_UNIT ( * ) PLANE_ANGLE_UNIT ( ) SI_UNIT ( $, .RADIAN. ) );
#2114 = SURFACE_STYLE_FILL_AREA ( #1790 ) ;
#2115 = ORIENTED_EDGE ( 'NONE', *, *, #2851, .T. ) ;
#2116 = ORIENTED_EDGE ( 'NONE', *, *, #3506, .T. ) ;
#2117 = ORIENTED_EDGE ( 'NONE', *, *, #6748, .F. ) ;
#2118 = PRESENTATION_LAYER_ASSIGNMENT (  '', '', ( #5842 ) ) ;
#2119 = LINE ( 'NONE', #9258, #8414 ) ;
#2120 = EDGE_CURVE ( 'NONE', #8545, #9411, #1026, .T. ) ;
#2121 = AXIS2_PLACEMENT_3D ( 'NONE', #2819, #1264, #2037 ) ;
#2122 = DIRECTION ( 'NONE',  ( 0.0000000000000000000, 0.0000000000000000000, -1.000000000000000000 ) ) ;
#2123 = VERTEX_POINT ( 'NONE', #383 ) ;
#2124 = SURFACE_STYLE_FILL_AREA ( #3085 ) ;
#2125 = ORIENTED_EDGE ( 'NONE', *, *, #2369, .T. ) ;
#2126 = DIRECTION ( 'NONE',  ( 0.0000000000000000000, 0.0000000000000000000, 1.000000000000000000 ) ) ;
#2127 = SURFACE_STYLE_USAGE ( .BOTH. , #632 ) ;
#2128 = CARTESIAN_POINT ( 'NONE',  ( 0.0000000000000000000, 16.00000000000000000, 0.0000000000000000000 ) ) ;
#2129 = SURFACE_STYLE_FILL_AREA ( #6123 ) ;
#2130 = PRESENTATION_STYLE_ASSIGNMENT (( #465 ) ) ;
#2131 = SURFACE_STYLE_USAGE ( .BOTH. , #1549 ) ;
#2132 = VERTEX_POINT ( 'NONE', #8101 ) ;
#2133 = DIRECTION ( 'NONE',  ( 1.000000000000000000, 0.0000000000000000000, 0.0000000000000000000 ) ) ;
#2134 = VECTOR ( 'NONE', #1564, 1000.000000000000000 ) ;
#2135 = ORIENTED_EDGE ( 'NONE', *, *, #8699, .T. ) ;
#2136 = DIRECTION ( 'NONE',  ( 0.4999999999999999400, 0.0000000000000000000, -0.8660254037844387100 ) ) ;
#2137 = PRESENTATION_LAYER_ASSIGNMENT (  '', '', ( #4590 ) ) ;
#2138 = MECHANICAL_DESIGN_GEOMETRIC_PRESENTATION_REPRESENTATION (  '', ( #4046 ), #8474 ) ;
#2139 = PLANE ( 'NONE',  #9223 ) ;
#2140 = ORIENTED_EDGE ( 'NONE', *, *, #4942, .T. ) ;
#2141 = DIRECTION ( 'NONE',  ( 0.7071067811865496800, -2.336447111136578000E-017, 0.7071067811865453500 ) ) ;
#2142 = DIRECTION ( 'NONE',  ( -0.0000000000000000000, -0.0000000000000000000, 1.000000000000000000 ) ) ;
#2143 = COLOUR_RGB ( '',0.7921568627450980000, 0.8196078431372548800, 0.9333333333333333500 ) ;
#2144 = PRESENTATION_STYLE_ASSIGNMENT (( #3246 ) ) ;
#2145 = VERTEX_POINT ( 'NONE', #7388 ) ;
#2146 = ORIENTED_EDGE ( 'NONE', *, *, #8256, .F. ) ;
#2147 = ORIENTED_EDGE ( 'NONE', *, *, #2073, .T. ) ;
#2148 = CARTESIAN_POINT ( 'NONE',  ( -2.598076211353316500, 16.00000000000000000, -1.500000000000000000 ) ) ;
#2149 = PRESENTATION_STYLE_ASSIGNMENT (( #3235 ) ) ;
#2150 = FILL_AREA_STYLE ('',( #5406 ) ) ;
#2151 =( GEOMETRIC_REPRESENTATION_CONTEXT ( 3 ) GLOBAL_UNCERTAINTY_ASSIGNED_CONTEXT ( ( #8847 ) ) GLOBAL_UNIT_ASSIGNED_CONTEXT ( ( #9826, #9056, #4342 ) ) REPRESENTATION_CONTEXT ( 'NONE', 'WORKASPACE' ) );
#2152 = ORIENTED_EDGE ( 'NONE', *, *, #4228, .F. ) ;
#2153 = PRESENTATION_LAYER_ASSIGNMENT (  '', '', ( #9540 ) ) ;
#2154 = ORIENTED_EDGE ( 'NONE', *, *, #4889, .F. ) ;
#2155 = ADVANCED_FACE ( 'NONE', ( #667 ), #3577, .T. ) ;
#2156 = CARTESIAN_POINT ( 'NONE',  ( 134.7589286186882900, -80.17000356944618000, 39.08557361038300800 ) ) ;
#2157 = DIRECTION ( 'NONE',  ( 0.0000000000000000000, 1.000000000000000000, -0.0000000000000000000 ) ) ;
#2158 = UNCERTAINTY_MEASURE_WITH_UNIT (LENGTH_MEASURE( 1.000000000000000100E-005 ), #1844, 'distance_accuracy_value', 'NONE');
#2159 =( LENGTH_UNIT ( ) NAMED_UNIT ( * ) SI_UNIT ( .MILLI., .METRE. ) );
#2160 = CARTESIAN_POINT ( 'NONE',  ( 140.0000000000000000, -82.00000000000001400, 18.00000000000000000 ) ) ;
#2161 = SURFACE_SIDE_STYLE ('',( #9933 ) ) ;
#2162 = FACE_OUTER_BOUND ( 'NONE', #2871, .T. ) ;
#2163 = AXIS2_PLACEMENT_3D ( 'NONE', #5347, #5392, #6130 ) ;
#2164 =( NAMED_UNIT ( * ) PLANE_ANGLE_UNIT ( ) SI_UNIT ( $, .RADIAN. ) );
#2165 = EDGE_CURVE ( 'NONE', #2622, #506, #3210, .T. ) ;
#2166 =( GEOMETRIC_REPRESENTATION_CONTEXT ( 3 ) GLOBAL_UNCERTAINTY_ASSIGNED_CONTEXT ( ( #8718 ) ) GLOBAL_UNIT_ASSIGNED_CONTEXT ( ( #3493, #1152, #2015 ) ) REPRESENTATION_CONTEXT ( 'NONE', 'WORKASPACE' ) );
#2167 = DIRECTION ( 'NONE',  ( -0.6785983445458473300, 0.6785983445458473300, 0.2810846377148184000 ) ) ;
#2168 = SURFACE_SIDE_STYLE ('',( #3336 ) ) ;
#2169 = SURFACE_STYLE_FILL_AREA ( #8830 ) ;
#2170 = EDGE_CURVE ( 'NONE', #8321, #2622, #4939, .T. ) ;
#2171 = CARTESIAN_POINT ( 'NONE',  ( 140.0000000000000000, -72.00000000000000000, -19.99999999999998200 ) ) ;
#2172 = DIRECTION ( 'NONE',  ( -0.0000000000000000000, -0.0000000000000000000, -1.000000000000000000 ) ) ;
#2173 = VECTOR ( 'NONE', #9584, 1000.000000000000000 ) ;
#2174 = DIRECTION ( 'NONE',  ( 0.0000000000000000000, -1.000000000000000000, 6.938893903907228400E-017 ) ) ;
#2175 = CYLINDRICAL_SURFACE ( 'NONE', #1993, 16.50000000000000000 ) ;
#2176 = DIRECTION ( 'NONE',  ( -1.000000000000000000, 0.0000000000000000000, -2.670659718465574800E-016 ) ) ;
#2177 = ORIENTED_EDGE ( 'NONE', *, *, #4576, .T. ) ;
#2178 = ADVANCED_FACE ( 'NONE', ( #4562 ), #5944, .T. ) ;
#2179 = CARTESIAN_POINT ( 'NONE',  ( 135.0000000000000000, 22.99999999999995400, -12.92893218813447800 ) ) ;
#2180 = EDGE_LOOP ( 'NONE', ( #3764, #4764, #7892, #1204 ) ) ;
#2181 = EDGE_CURVE ( 'NONE', #1431, #9909, #5078, .T. ) ;
#2182 = PRESENTATION_LAYER_ASSIGNMENT (  '', '', ( #656 ) ) ;
#2183 = SURFACE_SIDE_STYLE ('',( #6980 ) ) ;
#2184 = CARTESIAN_POINT ( 'NONE',  ( -3.000000000000000000, 16.00000000000000000, -16.22498073958795200 ) ) ;
#2185 = CARTESIAN_POINT ( 'NONE',  ( 128.0000000000000600, -77.99999999999997200, 16.00000000000000000 ) ) ;
#2186 = VERTEX_POINT ( 'NONE', #9118 ) ;
#2187 = CIRCLE ( 'NONE', #9766, 2.999999999999999100 ) ;
#2188 =( NAMED_UNIT ( * ) SI_UNIT ( $, .STERADIAN. ) SOLID_ANGLE_UNIT ( ) );
#2189 = FACE_OUTER_BOUND ( 'NONE', #5523, .T. ) ;
#2190 = CARTESIAN_POINT ( 'NONE',  ( -12.00000000000008300, 14.99999999999998200, 19.99999999999999600 ) ) ;
#2191 = PRESENTATION_LAYER_ASSIGNMENT (  '', '', ( #5267 ) ) ;
#2192 =( GEOMETRIC_REPRESENTATION_CONTEXT ( 3 ) GLOBAL_UNCERTAINTY_ASSIGNED_CONTEXT ( ( #582 ) ) GLOBAL_UNIT_ASSIGNED_CONTEXT ( ( #6250, #3039, #5540 ) ) REPRESENTATION_CONTEXT ( 'NONE', 'WORKASPACE' ) );
#2193 = ORIENTED_EDGE ( 'NONE', *, *, #7856, .F. ) ;
#2194 = CIRCLE ( 'NONE', #1712, 3.750000000000010200 ) ;
#2195 = DIRECTION ( 'NONE',  ( 1.000000000000000000, 0.0000000000000000000, 0.0000000000000000000 ) ) ;
#2196 = DIRECTION ( 'NONE',  ( 0.0000000000000000000, 0.0000000000000000000, 1.000000000000000000 ) ) ;
#2197 = CARTESIAN_POINT ( 'NONE',  ( -50.70000000000000300, -13.99999999999999800, 19.99999999999999600 ) ) ;
#2198 = ADVANCED_FACE ( 'NONE', ( #9241 ), #3549, .F. ) ;
#2199 = ORIENTED_EDGE ( 'NONE', *, *, #6532, .T. ) ;
#2200 = VECTOR ( 'NONE', #8115, 1000.000000000000000 ) ;
#2201 =( NAMED_UNIT ( * ) PLANE_ANGLE_UNIT ( ) SI_UNIT ( $, .RADIAN. ) );
#2202 = FILL_AREA_STYLE ('',( #4461 ) ) ;
#2203 = SURFACE_STYLE_USAGE ( .BOTH. , #3694 ) ;
#2204 = AXIS2_PLACEMENT_3D ( 'NONE', #8067, #1776, #5618 ) ;
#2205 = PRODUCT_DEFINITION_FORMATION_WITH_SPECIFIED_SOURCE ( 'ANY', '', #4589, .NOT_KNOWN. ) ;
#2206 = CARTESIAN_POINT ( 'NONE',  ( -10.70000000000006700, -44.00000000000000000, 19.99999999999999600 ) ) ;
#2207 = AXIS2_PLACEMENT_3D ( 'NONE', #6726, #3540, #5287 ) ;
#2208 = CYLINDRICAL_SURFACE ( 'NONE', #3607, 18.00000000000000400 ) ;
#2209 = SURFACE_SIDE_STYLE ('',( #6460 ) ) ;
#2210 = DIRECTION ( 'NONE',  ( 1.000000000000000000, 0.0000000000000000000, 0.0000000000000000000 ) ) ;
#2211 = ORIENTED_EDGE ( 'NONE', *, *, #4096, .F. ) ;
#2212 = CARTESIAN_POINT ( 'NONE',  ( 132.0000000000000000, -89.99999999999997200, -30.00000000000000000 ) ) ;
#2213 = CARTESIAN_POINT ( 'NONE',  ( 134.0000000000000600, -79.51471862576130400, 29.37912575310448900 ) ) ;
#2214 = ORIENTED_EDGE ( 'NONE', *, *, #5402, .F. ) ;
#2215 = VECTOR ( 'NONE', #1376, 1000.000000000000000 ) ;
#2216 = VECTOR ( 'NONE', #5808, 1000.000000000000000 ) ;
#2217 = DIRECTION ( 'NONE',  ( 0.7044400585826616800, 0.7044400585826616800, -0.08676639745957180600 ) ) ;
#2218 = AXIS2_PLACEMENT_3D ( 'NONE', #1871, #9717, #9741 ) ;
#2219 = EDGE_LOOP ( 'NONE', ( #1711, #7452, #7959, #8513, #7350, #2253, #9183, #5826, #1717, #7595, #2966, #1310, #833, #7950, #9057, #7063, #9063, #4260, #4606, #3931, #1268, #8535, #2042, #1055, #9119, #10047, #6395, #3957, #2415, #5462, #1539, #6540, #4748, #5718, #713, #9416, #9355, #3689, #5361, #1899, #6822, #1355, #80, #3205, #1987, #6953, #428, #3971, #6065 ) ) ;
#2220 = UNCERTAINTY_MEASURE_WITH_UNIT (LENGTH_MEASURE( 1.000000000000000100E-005 ), #5388, 'distance_accuracy_value', 'NONE');
#2221 = PRESENTATION_LAYER_ASSIGNMENT (  '', '', ( #5095 ) ) ;
#2222 = DIRECTION ( 'NONE',  ( 0.7071067811865489100, -0.7071067811865462400, -0.0000000000000000000 ) ) ;
#2223 =( NAMED_UNIT ( * ) PLANE_ANGLE_UNIT ( ) SI_UNIT ( $, .RADIAN. ) );
#2224 = LINE ( 'NONE', #6268, #1408 ) ;
#2225 = EDGE_CURVE ( 'NONE', #8558, #1681, #7889, .T. ) ;
#2226 = SURFACE_STYLE_USAGE ( .BOTH. , #1579 ) ;
#2227 = ORIENTED_EDGE ( 'NONE', *, *, #8982, .F. ) ;
#2228 = ADVANCED_FACE ( 'NONE', ( #9228 ), #6005, .F. ) ;
#2229 = CYLINDRICAL_SURFACE ( 'NONE', #5309, 3.750000000000010200 ) ;
#2230 = ORIENTED_EDGE ( 'NONE', *, *, #2391, .T. ) ;
#2231 = CARTESIAN_POINT ( 'NONE',  ( -11.47219588600273200, 16.00000000000000000, 13.87042614893940000 ) ) ;
#2232 = VERTEX_POINT ( 'NONE', #5967 ) ;
#2233 = DIRECTION ( 'NONE',  ( 1.635512977795604000E-016, -0.7071067811865494600, 0.7071067811865456900 ) ) ;
#2234 =( LENGTH_UNIT ( ) NAMED_UNIT ( * ) SI_UNIT ( .MILLI., .METRE. ) );
#2235 = DIRECTION ( 'NONE',  ( 0.0000000000000000000, 1.000000000000000000, -0.0000000000000000000 ) ) ;
#2236 = LINE ( 'NONE', #9230, #2004 ) ;
#2237 = AXIS2_PLACEMENT_3D ( 'NONE', #6777, #5244, #2777 ) ;
#2238 = ORIENTED_EDGE ( 'NONE', *, *, #7663, .F. ) ;
#2239 = ORIENTED_EDGE ( 'NONE', *, *, #5231, .T. ) ;
#2240 = FACE_OUTER_BOUND ( 'NONE', #7526, .T. ) ;
#2241 = EDGE_CURVE ( 'NONE', #6992, #1090, #9827, .T. ) ;
#2242 = PRESENTATION_LAYER_ASSIGNMENT (  '', '', ( #8447 ) ) ;
#2243 = PRESENTATION_STYLE_ASSIGNMENT (( #9324 ) ) ;
#2244 = DIRECTION ( 'NONE',  ( -1.000000000000000000, 0.0000000000000000000, 1.239088197126291100E-016 ) ) ;
#2245 = EDGE_LOOP ( 'NONE', ( #9172, #3382, #8501, #476 ) ) ;
#2246 = FILL_AREA_STYLE_COLOUR ( '', #389 ) ;
#2247 = SURFACE_SIDE_STYLE ('',( #1074 ) ) ;
#2248 = SURFACE_STYLE_USAGE ( .BOTH. , #2279 ) ;
#2249 = FACE_OUTER_BOUND ( 'NONE', #4811, .T. ) ;
#2250 = FILL_AREA_STYLE_COLOUR ( '', #5242 ) ;
#2251 = CARTESIAN_POINT ( 'NONE',  ( -10.70000000000012900, -37.99999999999997900, 18.99999999999999600 ) ) ;
#2252 = PLANE ( 'NONE',  #5879 ) ;
#2253 = ORIENTED_EDGE ( 'NONE', *, *, #2120, .T. ) ;
#2254 = ORIENTED_EDGE ( 'NONE', *, *, #4630, .F. ) ;
#2255 = ADVANCED_FACE ( 'NONE', ( #5685 ), #5323, .T. ) ;
#2256 = EDGE_CURVE ( 'NONE', #3133, #7040, #5069, .T. ) ;
#2257 = AXIS2_PLACEMENT_3D ( 'NONE', #7234, #8760, #4008 ) ;
#2258 = CARTESIAN_POINT ( 'NONE',  ( 8.000000000000003600, 68.00000000000002800, 15.99999999999999600 ) ) ;
#2259 = EDGE_CURVE ( 'NONE', #1681, #8434, #7149, .T. ) ;
#2260 = LINE ( 'NONE', #218, #2508 ) ;
#2261 = ORIENTED_EDGE ( 'NONE', *, *, #50, .T. ) ;
#2262 = CARTESIAN_POINT ( 'NONE',  ( -5.123298599248370700E-015, 20.00000000000000000, -14.00000000000000000 ) ) ;
#2263 = CARTESIAN_POINT ( 'NONE',  ( 11.47219588600274400, 16.00000000000000000, 13.87042614893939100 ) ) ;
#2264 = EDGE_LOOP ( 'NONE', ( #5429, #5839, #6331, #7151 ) ) ;
#2265 = FILL_AREA_STYLE_COLOUR ( '', #6590 ) ;
#2266 = COLOUR_RGB ( '',0.9098039215686274400, 0.4431372549019607600, 0.03137254901960784300 ) ;
#2267 = SURFACE_STYLE_FILL_AREA ( #5440 ) ;
#2268 = SURFACE_SIDE_STYLE ('',( #536 ) ) ;
#2269 = LINE ( 'NONE', #4289, #4882 ) ;
#2270 = LINE ( 'NONE', #2053, #2779 ) ;
#2271 = AXIS2_PLACEMENT_3D ( 'NONE', #600, #9157, #9089 ) ;
#2272 = PLANE ( 'NONE',  #5643 ) ;
#2273 = DIRECTION ( 'NONE',  ( 0.0000000000000000000, 1.000000000000000000, -0.0000000000000000000 ) ) ;
#2274 = ORIENTED_EDGE ( 'NONE', *, *, #3099, .T. ) ;
#2275 = CARTESIAN_POINT ( 'NONE',  ( 6.276043463296106900, 16.00000000000000000, -16.87042614893940100 ) ) ;
#2276 = LINE ( 'NONE', #9381, #2896 ) ;
#2277 = FACE_OUTER_BOUND ( 'NONE', #7021, .T. ) ;
#2278 = FILL_AREA_STYLE ('',( #7019 ) ) ;
#2279 = SURFACE_SIDE_STYLE ('',( #1670 ) ) ;
#2280 = ORIENTED_EDGE ( 'NONE', *, *, #4302, .T. ) ;
#2281 = ADVANCED_FACE ( 'NONE', ( #3569 ), #7647, .T. ) ;
#2282 = DIRECTION ( 'NONE',  ( -0.5000000000000004400, 0.0000000000000000000, 0.8660254037844383700 ) ) ;
#2283 = EDGE_CURVE ( 'NONE', #5945, #7531, #4552, .T. ) ;
#2284 = DIRECTION ( 'NONE',  ( 1.000000000000000000, 0.0000000000000000000, 0.0000000000000000000 ) ) ;
#2285 = DIRECTION ( 'NONE',  ( 1.982541115402065400E-016, 1.000000000000000000, 0.0000000000000000000 ) ) ;
#2286 = UNCERTAINTY_MEASURE_WITH_UNIT (LENGTH_MEASURE( 1.000000000000000100E-005 ), #4943, 'distance_accuracy_value', 'NONE');
#2287 =( NAMED_UNIT ( * ) SI_UNIT ( $, .STERADIAN. ) SOLID_ANGLE_UNIT ( ) );
#2288 = STYLED_ITEM ( 'NONE', ( #7026 ), #2376 ) ;
#2289 = SURFACE_STYLE_FILL_AREA ( #5162 ) ;
#2290 = STYLED_ITEM ( 'NONE', ( #3292 ), #6209 ) ;
#2291 = EDGE_CURVE ( 'NONE', #2471, #3377, #8727, .T. ) ;
#2292 =( LENGTH_UNIT ( ) NAMED_UNIT ( * ) SI_UNIT ( .MILLI., .METRE. ) );
#2293 = VECTOR ( 'NONE', #1828, 1000.000000000000000 ) ;
#2294 = DIRECTION ( 'NONE',  ( 0.0000000000000000000, -0.0000000000000000000, 1.000000000000000000 ) ) ;
#2295 = ORIENTED_EDGE ( 'NONE', *, *, #967, .F. ) ;
#2296 = DIRECTION ( 'NONE',  ( 1.000000000000000000, 0.0000000000000000000, -0.0000000000000000000 ) ) ;
#2297 = STYLED_ITEM ( 'NONE', ( #6569 ), #3562 ) ;
#2298 = ORIENTED_EDGE ( 'NONE', *, *, #3901, .F. ) ;
#2299 = EDGE_CURVE ( 'NONE', #5479, #9299, #6055, .T. ) ;
#2300 = MECHANICAL_DESIGN_GEOMETRIC_PRESENTATION_REPRESENTATION (  '', ( #6686 ), #7933 ) ;
#2301 = DIRECTION ( 'NONE',  ( -1.000000000000000000, -2.312964634635743400E-016, 0.0000000000000000000 ) ) ;
#2302 = EDGE_CURVE ( 'NONE', #521, #1533, #164, .T. ) ;
#2303 =( NAMED_UNIT ( * ) SI_UNIT ( $, .STERADIAN. ) SOLID_ANGLE_UNIT ( ) );
#2304 = DIRECTION ( 'NONE',  ( -0.0000000000000000000, -0.0000000000000000000, -1.000000000000000000 ) ) ;
#2305 = ADVANCED_FACE ( 'NONE', ( #6177 ), #4796, .F. ) ;
#2306 = SURFACE_SIDE_STYLE ('',( #3945 ) ) ;
#2307 = DIRECTION ( 'NONE',  ( 0.0000000000000000000, 0.0000000000000000000, -1.000000000000000000 ) ) ;
#2308 = SURFACE_STYLE_FILL_AREA ( #1368 ) ;
#2309 = DIRECTION ( 'NONE',  ( 0.0000000000000000000, 0.0000000000000000000, -1.000000000000000000 ) ) ;
#2310 = AXIS2_PLACEMENT_3D ( 'NONE', #2041, #8979, #1305 ) ;
#2311 =( LENGTH_UNIT ( ) NAMED_UNIT ( * ) SI_UNIT ( .MILLI., .METRE. ) );
#2312 = EDGE_LOOP ( 'NONE', ( #1164, #3594, #1892, #9614 ) ) ;
#2313 = SURFACE_STYLE_FILL_AREA ( #1660 ) ;
#2314 = EDGE_CURVE ( 'NONE', #8634, #8928, #7410, .T. ) ;
#2315 = AXIS2_PLACEMENT_3D ( 'NONE', #6522, #7314, #9736 ) ;
#2316 =( NAMED_UNIT ( * ) PLANE_ANGLE_UNIT ( ) SI_UNIT ( $, .RADIAN. ) );
#2317 = CARTESIAN_POINT ( 'NONE',  ( 135.0000000000000000, 22.99999999999995400, 0.9289321881343989300 ) ) ;
#2318 =( NAMED_UNIT ( * ) PLANE_ANGLE_UNIT ( ) SI_UNIT ( $, .RADIAN. ) );
#2319 = MANIFOLD_SOLID_BREP ( 'ÄÆ-µ¹Ãâ1', #862 ) ;
#2320 = PRESENTATION_STYLE_ASSIGNMENT (( #9132 ) ) ;
#2321 = DIRECTION ( 'NONE',  ( 0.0000000000000000000, 0.0000000000000000000, -1.000000000000000000 ) ) ;
#2322 = CARTESIAN_POINT ( 'NONE',  ( 2.999999999999994700, 20.00000000000000000, -14.00000000000000000 ) ) ;
#2323 = DIRECTION ( 'NONE',  ( -1.000000000000000000, 0.0000000000000000000, 0.0000000000000000000 ) ) ;
#2325 = SURFACE_STYLE_FILL_AREA ( #2507 ) ;
#2324 = DIRECTION ( 'NONE',  ( -2.538619720941669000E-016, 1.000000000000000000, 0.0000000000000000000 ) ) ;
#2326 = MECHANICAL_DESIGN_GEOMETRIC_PRESENTATION_REPRESENTATION (  '', ( #4590 ), #7443 ) ;
#2327 = PRESENTATION_LAYER_ASSIGNMENT (  '', '', ( #2386 ) ) ;
#2328 = ADVANCED_FACE ( 'NONE', ( #1018 ), #2747, .T. ) ;
#2329 = LINE ( 'NONE', #6078, #8383 ) ;
#2330 = ORIENTED_EDGE ( 'NONE', *, *, #5953, .F. ) ;
#2331 = DIRECTION ( 'NONE',  ( 1.000000000000000000, -0.0000000000000000000, 0.0000000000000000000 ) ) ;
#2332 = FILL_AREA_STYLE_COLOUR ( '', #182 ) ;
#2333 = ITEM_DEFINED_TRANSFORMATION ( 'NONE', 'NONE', #2940,  #9592 ) ;
#2334 = ORIENTED_EDGE ( 'NONE', *, *, #2969, .T. ) ;
#2335 = CARTESIAN_POINT ( 'NONE',  ( -55.00000000000007800, 54.99999999999999300, -35.00000000000000000 ) ) ;
#2336 = UNCERTAINTY_MEASURE_WITH_UNIT (LENGTH_MEASURE( 1.000000000000000100E-005 ), #8725, 'distance_accuracy_value', 'NONE');
#2337 = ORIENTED_EDGE ( 'NONE', *, *, #438, .T. ) ;
#2338 = CARTESIAN_POINT ( 'NONE',  ( 8.000000000000003600, 68.00000000000002800, 15.99999999999999600 ) ) ;
#2339 = DIRECTION ( 'NONE',  ( 0.7071067811865463500, 0.7071067811865487900, 0.0000000000000000000 ) ) ;
#2340 = DIRECTION ( 'NONE',  ( -0.0000000000000000000, -1.000000000000000000, -0.0000000000000000000 ) ) ;
#2341 =( NAMED_UNIT ( * ) SI_UNIT ( $, .STERADIAN. ) SOLID_ANGLE_UNIT ( ) );
#2342 = ORIENTED_EDGE ( 'NONE', *, *, #2841, .F. ) ;
#2343 = VECTOR ( 'NONE', #7466, 999.9999999999998900 ) ;
#2344 =( LENGTH_UNIT ( ) NAMED_UNIT ( * ) SI_UNIT ( .MILLI., .METRE. ) );
#2345 = FILL_AREA_STYLE ('',( #6010 ) ) ;
#2346 = ORIENTED_EDGE ( 'NONE', *, *, #8694, .T. ) ;
#2347 = UNCERTAINTY_MEASURE_WITH_UNIT (LENGTH_MEASURE( 1.000000000000000100E-005 ), #6021, 'distance_accuracy_value', 'NONE');
#2348 = VECTOR ( 'NONE', #7836, 1000.000000000000000 ) ;
#2349 = SURFACE_STYLE_FILL_AREA ( #9661 ) ;
#2350 = VERTEX_POINT ( 'NONE', #8450 ) ;
#2351 = LINE ( 'NONE', #60, #1396 ) ;
#2352 = ORIENTED_EDGE ( 'NONE', *, *, #919, .T. ) ;
#2353 = STYLED_ITEM ( 'NONE', ( #3226 ), #3706 ) ;
#2354 = DIRECTION ( 'NONE',  ( 0.0000000000000000000, -1.000000000000000000, 6.938893903907228400E-017 ) ) ;
#2355 = EDGE_CURVE ( 'NONE', #6788, #8081, #5448, .T. ) ;
#2356 = CARTESIAN_POINT ( 'NONE',  ( -3.000000000000005800, 16.00000000000000000, 16.22498073958795200 ) ) ;
#2357 = DIRECTION ( 'NONE',  ( 0.0000000000000000000, 0.0000000000000000000, 1.000000000000000000 ) ) ;
#2358 = EDGE_CURVE ( 'NONE', #2893, #7630, #524, .T. ) ;
#2359 = DIRECTION ( 'NONE',  ( -0.0000000000000000000, -1.000000000000000000, -0.0000000000000000000 ) ) ;
#2360 =( NAMED_UNIT ( * ) SI_UNIT ( $, .STERADIAN. ) SOLID_ANGLE_UNIT ( ) );
#2361 = LINE ( 'NONE', #1504, #7927 ) ;
#2362 = ORIENTED_EDGE ( 'NONE', *, *, #1556, .F. ) ;
#2363 = VECTOR ( 'NONE', #6045, 1000.000000000000000 ) ;
#2364 = CARTESIAN_POINT ( 'NONE',  ( 0.0000000000000000000, 16.00000000000000000, 0.0000000000000000000 ) ) ;
#2365 = ORIENTED_EDGE ( 'NONE', *, *, #9811, .F. ) ;
#2366 = SURFACE_SIDE_STYLE ('',( #3314 ) ) ;
#2367 = AXIS2_PLACEMENT_3D ( 'NONE', #4741, #7083, #779 ) ;
#2368 = LINE ( 'NONE', #4449, #1548 ) ;
#2369 = EDGE_CURVE ( 'NONE', #8046, #8984, #8970, .T. ) ;
#2370 = STYLED_ITEM ( 'NONE', ( #1044 ), #8058 ) ;
#2371 = ORIENTED_EDGE ( 'NONE', *, *, #1485, .F. ) ;
#2372 =( NAMED_UNIT ( * ) PLANE_ANGLE_UNIT ( ) SI_UNIT ( $, .RADIAN. ) );
#2373 = CYLINDRICAL_SURFACE ( 'NONE', #5830, 16.50000000000000000 ) ;
#2374 = EDGE_LOOP ( 'NONE', ( #9663, #7108, #9404, #7496 ) ) ;
#2375 = DIRECTION ( 'NONE',  ( -0.0000000000000000000, -1.000000000000000000, -0.0000000000000000000 ) ) ;
#2376 = ADVANCED_FACE ( 'NONE', ( #2430 ), #3696, .T. ) ;
#2377 = ORIENTED_EDGE ( 'NONE', *, *, #6149, .F. ) ;
#2378 = CARTESIAN_POINT ( 'NONE',  ( -55.00000000000005700, -66.99999999999998600, 0.0000000000000000000 ) ) ;
#2379 = PLANE ( 'NONE',  #3044 ) ;
#2380 = SURFACE_SIDE_STYLE ('',( #5308 ) ) ;
#2381 = PRESENTATION_STYLE_ASSIGNMENT (( #9806 ) ) ;
#2382 = DIRECTION ( 'NONE',  ( -1.000000000000000000, 0.0000000000000000000, 0.0000000000000000000 ) ) ;
#2383 = SURFACE_STYLE_FILL_AREA ( #5486 ) ;
#2384 = VERTEX_POINT ( 'NONE', #621 ) ;
#2385 = STYLED_ITEM ( 'NONE', ( #6259 ), #507 ) ;
#2386 = STYLED_ITEM ( 'NONE', ( #1121 ), #9644 ) ;
#2387 = ORIENTED_EDGE ( 'NONE', *, *, #6042, .F. ) ;
#2388 = VERTEX_POINT ( 'NONE', #2206 ) ;
#2389 = SURFACE_STYLE_FILL_AREA ( #6753 ) ;
#2390 = PRESENTATION_STYLE_ASSIGNMENT (( #8598 ) ) ;
#2391 = EDGE_CURVE ( 'NONE', #6843, #2010, #394, .T. ) ;
#2392 =( NAMED_UNIT ( * ) PLANE_ANGLE_UNIT ( ) SI_UNIT ( $, .RADIAN. ) );
#2393 = CARTESIAN_POINT ( 'NONE',  ( 12.55124549639640100, 16.00000000000000000, 10.71056658114728900 ) ) ;
#2394 = ORIENTED_EDGE ( 'NONE', *, *, #641, .T. ) ;
#2395 = EDGE_LOOP ( 'NONE', ( #2115, #2929, #3871, #9409, #3227 ) ) ;
#2396 = CARTESIAN_POINT ( 'NONE',  ( -57.41818394322004300, 21.93057677372903300, 5.418183943219975000 ) ) ;
#2397 =( LENGTH_UNIT ( ) NAMED_UNIT ( * ) SI_UNIT ( .MILLI., .METRE. ) );
#2398 = VECTOR ( 'NONE', #3640, 1000.000000000000000 ) ;
#2399 = STYLED_ITEM ( 'NONE', ( #9968 ), #1938 ) ;
#2400 = STYLED_ITEM ( 'NONE', ( #5577 ), #4050 ) ;
#2401 = CARTESIAN_POINT ( 'NONE',  ( -5.999999999999997300, 20.00000000000000000, 13.99999999999999800 ) ) ;
#2402 = ADVANCED_FACE ( 'NONE', ( #1140, #2690, #9585, #4932, #650, #3439, #773 ), #6170, .T. ) ;
#2403 = VECTOR ( 'NONE', #10012, 1000.000000000000000 ) ;
#2404 = SURFACE_SIDE_STYLE ('',( #8149 ) ) ;
#2405 = DIRECTION ( 'NONE',  ( -0.0000000000000000000, -0.0000000000000000000, 1.000000000000000000 ) ) ;
#2406 = UNCERTAINTY_MEASURE_WITH_UNIT (LENGTH_MEASURE( 1.000000000000000100E-005 ), #7701, 'distance_accuracy_value', 'NONE');
#2407 = VECTOR ( 'NONE', #1919, 1000.000000000000000 ) ;
#2408 = FILL_AREA_STYLE_COLOUR ( '', #7312 ) ;
#2409 = CARTESIAN_POINT ( 'NONE',  ( -10.71056658114728900, 0.0000000000000000000, 12.55124549639640300 ) ) ;
#2410 = CARTESIAN_POINT ( 'NONE',  ( -8.700000000000214200, -75.99999999999998600, 18.00000000000000000 ) ) ;
#2411 = DIRECTION ( 'NONE',  ( 0.0000000000000000000, 0.0000000000000000000, 1.000000000000000000 ) ) ;
#2412 =( GEOMETRIC_REPRESENTATION_CONTEXT ( 3 ) GLOBAL_UNCERTAINTY_ASSIGNED_CONTEXT ( ( #2158 ) ) GLOBAL_UNIT_ASSIGNED_CONTEXT ( ( #1844, #5851, #4245 ) ) REPRESENTATION_CONTEXT ( 'NONE', 'WORKASPACE' ) );
#2413 = PRESENTATION_LAYER_ASSIGNMENT (  '', '', ( #365 ) ) ;
#2414 = EDGE_CURVE ( 'NONE', #5508, #7412, #7579, .T. ) ;
#2415 = ORIENTED_EDGE ( 'NONE', *, *, #8085, .T. ) ;
#2416 = EDGE_LOOP ( 'NONE', ( #7072, #2445, #10041, #9397 ) ) ;
#2417 = CARTESIAN_POINT ( 'NONE',  ( -12.55124549639639000, 0.0000000000000000000, 10.71056658114729700 ) ) ;
#2418 = DIRECTION ( 'NONE',  ( -0.0000000000000000000, -0.0000000000000000000, -1.000000000000000000 ) ) ;
#2419 = DIRECTION ( 'NONE',  ( -0.0000000000000000000, -0.0000000000000000000, 1.000000000000000000 ) ) ;
#2420 = PRESENTATION_STYLE_ASSIGNMENT (( #6404 ) ) ;
#2421 = DIRECTION ( 'NONE',  ( -0.0000000000000000000, 0.9924997185854459400, -0.1222469165574757400 ) ) ;
#2422 = PLANE ( 'NONE',  #1155 ) ;
#2423 = ORIENTED_EDGE ( 'NONE', *, *, #7076, .F. ) ;
#2424 = PRESENTATION_STYLE_ASSIGNMENT (( #6194 ) ) ;
#2425 = CARTESIAN_POINT ( 'NONE',  ( -50.00000000000008500, 32.99999999999997900, 18.00000000000000000 ) ) ;
#2426 = MECHANICAL_DESIGN_GEOMETRIC_PRESENTATION_REPRESENTATION (  '', ( #718 ), #4554 ) ;
#2427 = EDGE_CURVE ( 'NONE', #6090, #10068, #5503, .T. ) ;
#2428 =( GEOMETRIC_REPRESENTATION_CONTEXT ( 3 ) GLOBAL_UNCERTAINTY_ASSIGNED_CONTEXT ( ( #1926 ) ) GLOBAL_UNIT_ASSIGNED_CONTEXT ( ( #8586, #9313, #10111 ) ) REPRESENTATION_CONTEXT ( 'NONE', 'WORKASPACE' ) );
#2429 = SURFACE_SIDE_STYLE ('',( #2956 ) ) ;
#2430 = FACE_OUTER_BOUND ( 'NONE', #4286, .T. ) ;
#2431 = PLANE ( 'NONE',  #5311 ) ;
#2432 = PRESENTATION_STYLE_ASSIGNMENT (( #2764 ) ) ;
#2433 = CARTESIAN_POINT ( 'NONE',  ( 17.74823934929884600, 0.0000000000000000000, -3.000000000000001300 ) ) ;
#2434 = VERTEX_POINT ( 'NONE', #3905 ) ;
#2435 = FACE_OUTER_BOUND ( 'NONE', #2500, .T. ) ;
#2436 = CIRCLE ( 'NONE', #4425, 4.549999999999998900 ) ;
#2437 =( NAMED_UNIT ( * ) SI_UNIT ( $, .STERADIAN. ) SOLID_ANGLE_UNIT ( ) );
#2438 = CARTESIAN_POINT ( 'NONE',  ( 135.0000000000000000, -33.96446609406722700, 33.96446609406722700 ) ) ;
#2439 = CARTESIAN_POINT ( 'NONE',  ( 137.0000000000000000, -7.000000000000004400, 43.00000000000000000 ) ) ;
#2440 = VECTOR ( 'NONE', #5181, 1000.000000000000000 ) ;
#2441 = CARTESIAN_POINT ( 'NONE',  ( 2.999999999999996400, 18.00000000000000400, -3.673940397442055400E-016 ) ) ;
#2442 = FACE_OUTER_BOUND ( 'NONE', #6929, .T. ) ;
#2443 = STYLED_ITEM ( 'NONE', ( #5752 ), #190 ) ;
#2444 =( GEOMETRIC_REPRESENTATION_CONTEXT ( 3 ) GLOBAL_UNCERTAINTY_ASSIGNED_CONTEXT ( ( #9112 ) ) GLOBAL_UNIT_ASSIGNED_CONTEXT ( ( #9194, #8402, #5376 ) ) REPRESENTATION_CONTEXT ( 'NONE', 'WORKASPACE' ) );
#2445 = ORIENTED_EDGE ( 'NONE', *, *, #738, .F. ) ;
#2446 = CARTESIAN_POINT ( 'NONE',  ( -2.000000000000001800, 62.00000000000002800, 18.00000000000000000 ) ) ;
#2447 = FILL_AREA_STYLE_COLOUR ( '', #4530 ) ;
#2448 = LINE ( 'NONE', #6585, #9353 ) ;
#2449 = FILL_AREA_STYLE ('',( #7194 ) ) ;
#2450 = EDGE_CURVE ( 'NONE', #1048, #2434, #3978, .T. ) ;
#2451 = ADVANCED_FACE ( 'NONE', ( #7940 ), #780, .T. ) ;
#2452 = PRESENTATION_STYLE_ASSIGNMENT (( #188 ) ) ;
#2453 = VECTOR ( 'NONE', #9707, 1000.000000000000000 ) ;
#2454 = CIRCLE ( 'NONE', #5984, 18.00000000000000000 ) ;
#2455 = ORIENTED_EDGE ( 'NONE', *, *, #4209, .T. ) ;
#2456 = CARTESIAN_POINT ( 'NONE',  ( -3.000000000000000000, 0.0000000000000000000, -16.22498073958795200 ) ) ;
#2457 = DIRECTION ( 'NONE',  ( 1.000000000000000000, 0.0000000000000000000, -0.0000000000000000000 ) ) ;
#2459 = ORIENTED_EDGE ( 'NONE', *, *, #6348, .F. ) ;
#2458 = DIRECTION ( 'NONE',  ( 1.000000000000000000, -0.0000000000000000000, -0.0000000000000000000 ) ) ;
#2460 =( NAMED_UNIT ( * ) PLANE_ANGLE_UNIT ( ) SI_UNIT ( $, .RADIAN. ) );
#2461 = CARTESIAN_POINT ( 'NONE',  ( -10.70000000000000500, -61.99999999999998600, 19.99999999999999600 ) ) ;
#2463 = EDGE_LOOP ( 'NONE', ( #5048, #3075, #8306, #3349, #856, #4596, #6231, #105, #9364, #8670, #151, #5602 ) ) ;
#2462 = AXIS2_PLACEMENT_3D ( 'NONE', #9921, #2788, #7484 ) ;
#2464 = CARTESIAN_POINT ( 'NONE',  ( 5.999999999999995600, 20.00000000000000000, -14.00000000000000400 ) ) ;
#2465 = LINE ( 'NONE', #7431, #2343 ) ;
#2466 = PRESENTATION_STYLE_ASSIGNMENT (( #8243 ) ) ;
#2467 = UNCERTAINTY_MEASURE_WITH_UNIT (LENGTH_MEASURE( 1.000000000000000100E-005 ), #5493, 'distance_accuracy_value', 'NONE');
#2468 = ORIENTED_EDGE ( 'NONE', *, *, #8281, .F. ) ;
#2469 =( NAMED_UNIT ( * ) SI_UNIT ( $, .STERADIAN. ) SOLID_ANGLE_UNIT ( ) );
#2470 = CARTESIAN_POINT ( 'NONE',  ( 131.9999999999999400, 120.0000000000000100, 18.00000000000000000 ) ) ;
#2471 = VERTEX_POINT ( 'NONE', #1654 ) ;
#2472 = FACE_OUTER_BOUND ( 'NONE', #8896, .T. ) ;
#2473 = DIRECTION ( 'NONE',  ( -1.000000000000000000, -2.312964634635743400E-016, 0.0000000000000000000 ) ) ;
#2474 = EDGE_LOOP ( 'NONE', ( #596, #5604, #7557, #1495 ) ) ;
#2475 = EDGE_LOOP ( 'NONE', ( #2598, #5270 ) ) ;
#2476 = VECTOR ( 'NONE', #8113, 1000.000000000000000 ) ;
#2477 = EDGE_CURVE ( 'NONE', #3001, #2986, #838, .T. ) ;
#2478 =( NAMED_UNIT ( * ) SI_UNIT ( $, .STERADIAN. ) SOLID_ANGLE_UNIT ( ) );
#2479 = CARTESIAN_POINT ( 'NONE',  ( 140.0000000000000000, -81.99999999999998600, 0.0000000000000000000 ) ) ;
#2480 = AXIS2_PLACEMENT_3D ( 'NONE', #4026, #9637, #988 ) ;
#2481 = VERTEX_POINT ( 'NONE', #6262 ) ;
#2482 = FILL_AREA_STYLE ('',( #234 ) ) ;
#2483 =( GEOMETRIC_REPRESENTATION_CONTEXT ( 3 ) GLOBAL_UNCERTAINTY_ASSIGNED_CONTEXT ( ( #7101 ) ) GLOBAL_UNIT_ASSIGNED_CONTEXT ( ( #7369, #6572, #397 ) ) REPRESENTATION_CONTEXT ( 'NONE', 'WORKASPACE' ) );
#2484 = DIRECTION ( 'NONE',  ( 0.0000000000000000000, -0.0000000000000000000, 1.000000000000000000 ) ) ;
#2485 = COLOUR_RGB ( '',0.4941176470588235500, 0.4941176470588235500, 0.4941176470588235500 ) ;
#2487 = ORIENTED_EDGE ( 'NONE', *, *, #517, .F. ) ;
#2486 = CARTESIAN_POINT ( 'NONE',  ( 0.0000000000000000000, 0.0000000000000000000, 18.99999999999999600 ) ) ;
#2488 = CARTESIAN_POINT ( 'NONE',  ( 132.0000000000000000, -89.99999999999997200, -35.00000000000000000 ) ) ;
#2489 = ORIENTED_EDGE ( 'NONE', *, *, #3690, .T. ) ;
#2490 = DIRECTION ( 'NONE',  ( 0.4999999999999909500, 0.7071067811865523500, -0.5000000000000022200 ) ) ;
#2491 = VECTOR ( 'NONE', #2002, 1000.000000000000000 ) ;
#2492 = ORIENTED_EDGE ( 'NONE', *, *, #4969, .F. ) ;
#2493 = VECTOR ( 'NONE', #7062, 1000.000000000000000 ) ;
#2494 = AXIS2_PLACEMENT_3D ( 'NONE', #9338, #9306, #581 ) ;
#2495 = ORIENTED_EDGE ( 'NONE', *, *, #2700, .T. ) ;
#2496 = EDGE_CURVE ( 'NONE', #593, #2782, #4481, .T. ) ;
#2497 =( GEOMETRIC_REPRESENTATION_CONTEXT ( 3 ) GLOBAL_UNCERTAINTY_ASSIGNED_CONTEXT ( ( #7865 ) ) GLOBAL_UNIT_ASSIGNED_CONTEXT ( ( #8080, #7255, #6571 ) ) REPRESENTATION_CONTEXT ( 'NONE', 'WORKASPACE' ) );
#2498 = DIRECTION ( 'NONE',  ( 0.4999999999999999400, 0.0000000000000000000, -0.8660254037844387100 ) ) ;
#2499 = FILL_AREA_STYLE_COLOUR ( '', #987 ) ;
#2500 = EDGE_LOOP ( 'NONE', ( #9952, #8314 ) ) ;
#2501 = EDGE_CURVE ( 'NONE', #6431, #3588, #3744, .T. ) ;
#2502 = PLANE ( 'NONE',  #3918 ) ;
#2503 = APPLICATION_PROTOCOL_DEFINITION ( 'draft international standard', 'automotive_design', 1998, #7306 ) ;
#2504 = DIRECTION ( 'NONE',  ( -1.000000000000000000, 0.0000000000000000000, 3.097720492815726700E-016 ) ) ;
#2505 = COLOUR_RGB ( '',1.000000000000000000, 1.000000000000000000, 1.000000000000000000 ) ;
#2506 = PRESENTATION_STYLE_ASSIGNMENT (( #3485 ) ) ;
#2507 = FILL_AREA_STYLE ('',( #4870 ) ) ;
#2508 = VECTOR ( 'NONE', #1704, 1000.000000000000000 ) ;
#2509 = ORIENTED_EDGE ( 'NONE', *, *, #5679, .T. ) ;
#2510 = FILL_AREA_STYLE_COLOUR ( '', #6192 ) ;
#2511 = STYLED_ITEM ( 'NONE', ( #8091 ), #5187 ) ;
#2512 = EDGE_LOOP ( 'NONE', ( #4184, #5958, #6885, #6447 ) ) ;
#2513 = EDGE_CURVE ( 'NONE', #2816, #4214, #6838, .T. ) ;
#2514 = SURFACE_SIDE_STYLE ('',( #3956 ) ) ;
#2515 = SURFACE_STYLE_USAGE ( .BOTH. , #4996 ) ;
#2516 = DIRECTION ( 'NONE',  ( 0.0000000000000000000, -1.000000000000000000, 0.0000000000000000000 ) ) ;
#2517 = LINE ( 'NONE', #1888, #6001 ) ;
#2518 =( NAMED_UNIT ( * ) SI_UNIT ( $, .STERADIAN. ) SOLID_ANGLE_UNIT ( ) );
#2519 = DIRECTION ( 'NONE',  ( 0.0000000000000000000, 1.000000000000000000, -0.0000000000000000000 ) ) ;
#2520 = ORIENTED_EDGE ( 'NONE', *, *, #2513, .T. ) ;
#2521 =( NAMED_UNIT ( * ) PLANE_ANGLE_UNIT ( ) SI_UNIT ( $, .RADIAN. ) );
#2522 = DIRECTION ( 'NONE',  ( 1.000000000000000000, 0.0000000000000000000, 0.0000000000000000000 ) ) ;
#2523 = VERTEX_POINT ( 'NONE', #7903 ) ;
#2524 = MECHANICAL_DESIGN_GEOMETRIC_PRESENTATION_REPRESENTATION (  '', ( #7501 ), #9956 ) ;
#2525 = AXIS2_PLACEMENT_3D ( 'NONE', #3141, #8599, #5443 ) ;
#2526 = PRESENTATION_STYLE_ASSIGNMENT (( #9316 ) ) ;
#2527 = CARTESIAN_POINT ( 'NONE',  ( 128.0000000000000600, -77.99999999999997200, 18.00000000000000000 ) ) ;
#2528 = DIRECTION ( 'NONE',  ( 1.000000000000000000, 0.0000000000000000000, 0.0000000000000000000 ) ) ;
#2529 = SURFACE_STYLE_FILL_AREA ( #5699 ) ;
#2530 = VECTOR ( 'NONE', #2822, 999.9999999999998900 ) ;
#2531 =( NAMED_UNIT ( * ) PLANE_ANGLE_UNIT ( ) SI_UNIT ( $, .RADIAN. ) );
#2532 = PLANE ( 'NONE',  #2835 ) ;
#2533 =( NAMED_UNIT ( * ) PLANE_ANGLE_UNIT ( ) SI_UNIT ( $, .RADIAN. ) );
#2534 = COLOUR_RGB ( '',0.9098039215686274400, 0.4431372549019607600, 0.03137254901960784300 ) ;
#2535 = DIRECTION ( 'NONE',  ( -2.336447111136558300E-017, -0.7071067811865436900, 0.7071067811865513500 ) ) ;
#2536 = UNCERTAINTY_MEASURE_WITH_UNIT (LENGTH_MEASURE( 1.000000000000000100E-005 ), #2234, 'distance_accuracy_value', 'NONE');
#2537 =( GEOMETRIC_REPRESENTATION_CONTEXT ( 3 ) GLOBAL_UNCERTAINTY_ASSIGNED_CONTEXT ( ( #827 ) ) GLOBAL_UNIT_ASSIGNED_CONTEXT ( ( #6734, #8273, #2001 ) ) REPRESENTATION_CONTEXT ( 'NONE', 'WORKASPACE' ) );
#2538 = FILL_AREA_STYLE ('',( #9531 ) ) ;
#2539 = COLOUR_RGB ( '',0.9098039215686274400, 0.4431372549019607600, 0.03137254901960784300 ) ;
#2540 = CARTESIAN_POINT ( 'NONE',  ( 0.0000000000000000000, 16.00000000000000000, 0.0000000000000000000 ) ) ;
#2541 = ORIENTED_EDGE ( 'NONE', *, *, #8267, .T. ) ;
#2542 = MECHANICAL_DESIGN_GEOMETRIC_PRESENTATION_REPRESENTATION (  '', ( #1529 ), #3084 ) ;
#2543 = DIRECTION ( 'NONE',  ( 0.7071067811865430200, 1.635512977795589000E-016, -0.7071067811865521200 ) ) ;
#2544 = SURFACE_SIDE_STYLE ('',( #9216 ) ) ;
#2545 = ORIENTED_EDGE ( 'NONE', *, *, #4686, .F. ) ;
#2546 = CARTESIAN_POINT ( 'NONE',  ( -10.70000000000012900, -25.99999999999999600, 19.99999999999999600 ) ) ;
#2547 =( NAMED_UNIT ( * ) PLANE_ANGLE_UNIT ( ) SI_UNIT ( $, .RADIAN. ) );
#2548 = DIRECTION ( 'NONE',  ( 0.0000000000000000000, -1.000000000000000000, 0.0000000000000000000 ) ) ;
#2549 = FILL_AREA_STYLE_COLOUR ( '', #592 ) ;
#2550 = ORIENTED_EDGE ( 'NONE', *, *, #505, .T. ) ;
#2551 = SURFACE_STYLE_USAGE ( .BOTH. , #5723 ) ;
#2552 = DIRECTION ( 'NONE',  ( 0.0000000000000000000, 1.000000000000000000, 0.0000000000000000000 ) ) ;
#2553 = CARTESIAN_POINT ( 'NONE',  ( 3.000000000000000000, 0.0000000000000000000, -16.22498073958795200 ) ) ;
#2554 = MECHANICAL_DESIGN_GEOMETRIC_PRESENTATION_REPRESENTATION (  '', ( #5229 ), #6664 ) ;
#2555 = EDGE_CURVE ( 'NONE', #7477, #317, #1076, .T. ) ;
#2556 =( GEOMETRIC_REPRESENTATION_CONTEXT ( 3 ) GLOBAL_UNCERTAINTY_ASSIGNED_CONTEXT ( ( #3428 ) ) GLOBAL_UNIT_ASSIGNED_CONTEXT ( ( #4225, #2751, #9731 ) ) REPRESENTATION_CONTEXT ( 'NONE', 'WORKASPACE' ) );
#2557 = EDGE_CURVE ( 'NONE', #7906, #4826, #9403, .T. ) ;
#2558 = ORIENTED_EDGE ( 'NONE', *, *, #2283, .F. ) ;
#2559 = PRESENTATION_STYLE_ASSIGNMENT (( #3968 ) ) ;
#2560 = SURFACE_STYLE_FILL_AREA ( #861 ) ;
#2561 = DIRECTION ( 'NONE',  ( -0.0000000000000000000, -0.0000000000000000000, -1.000000000000000000 ) ) ;
#2562 = CARTESIAN_POINT ( 'NONE',  ( -2.999999999999994700, 20.00000000000000000, -14.00000000000000000 ) ) ;
#2563 = DIRECTION ( 'NONE',  ( 0.4999999999999999400, 0.0000000000000000000, -0.8660254037844387100 ) ) ;
#2564 = DIRECTION ( 'NONE',  ( 0.0000000000000000000, 0.0000000000000000000, -1.000000000000000000 ) ) ;
#2565 = PRODUCT_CONTEXT ( 'NONE', #1859, 'mechanical' ) ;
#2566 = FILL_AREA_STYLE_COLOUR ( '', #4346 ) ;
#2567 = DIRECTION ( 'NONE',  ( 0.0000000000000000000, 1.000000000000000000, -0.0000000000000000000 ) ) ;
#2568 = STYLED_ITEM ( 'NONE', ( #2424 ), #4419 ) ;
#2569 = LINE ( 'NONE', #3459, #2200 ) ;
#2570 = ADVANCED_FACE ( 'NONE', ( #4743 ), #3870, .T. ) ;
#2571 = EDGE_CURVE ( 'NONE', #9893, #9290, #1900, .T. ) ;
#2572 = AXIS2_PLACEMENT_3D ( 'NONE', #7190, #7224, #4028 ) ;
#2573 = DIRECTION ( 'NONE',  ( -0.0000000000000000000, -1.000000000000000000, -0.0000000000000000000 ) ) ;
#2574 = ITEM_DEFINED_TRANSFORMATION ( 'NONE', 'NONE', #6135,  #9592 ) ;
#2575 = DIRECTION ( 'NONE',  ( 0.0000000000000000000, -0.7071067811865514600, -0.7071067811865435800 ) ) ;
#2576 = CARTESIAN_POINT ( 'NONE',  ( 135.0000000000000300, 59.99999999999999300, -30.00000000000003600 ) ) ;
#2577 = VECTOR ( 'NONE', #3106, 1000.000000000000000 ) ;
#2578 = SURFACE_STYLE_FILL_AREA ( #1932 ) ;
#2579 =( LENGTH_UNIT ( ) NAMED_UNIT ( * ) SI_UNIT ( .MILLI., .METRE. ) );
#2580 = COLOUR_RGB ( '',1.000000000000000000, 1.000000000000000000, 1.000000000000000000 ) ;
#2581 = ORIENTED_EDGE ( 'NONE', *, *, #3113, .T. ) ;
#2582 = DIRECTION ( 'NONE',  ( 0.0000000000000000000, 0.0000000000000000000, -1.000000000000000000 ) ) ;
#2583 = DIRECTION ( 'NONE',  ( -1.000000000000000000, -8.673617379884036700E-017, 0.0000000000000000000 ) ) ;
#2584 = ORIENTED_EDGE ( 'NONE', *, *, #3820, .F. ) ;
#2585 = CARTESIAN_POINT ( 'NONE',  ( 118.0000000000000600, 68.00000000000004300, 15.99999999999999600 ) ) ;
#2586 = ORIENTED_EDGE ( 'NONE', *, *, #5042, .F. ) ;
#2587 = COLOUR_RGB ( '',1.000000000000000000, 1.000000000000000000, 1.000000000000000000 ) ;
#2588 = EDGE_CURVE ( 'NONE', #9730, #5993, #7703, .T. ) ;
#2589 = AXIS2_PLACEMENT_3D ( 'NONE', #597, #5328, #2122 ) ;
#2590 = SURFACE_SIDE_STYLE ('',( #9444 ) ) ;
#2591 = DIRECTION ( 'NONE',  ( 0.7071067811865514600, 1.795075219531764900E-016, 0.7071067811865435800 ) ) ;
#2592 = ORIENTED_EDGE ( 'NONE', *, *, #7735, .T. ) ;
#2593 = EDGE_CURVE ( 'NONE', #10019, #6674, #9772, .T. ) ;
#2594 = FACE_OUTER_BOUND ( 'NONE', #10126, .T. ) ;
#2595 = ORIENTED_EDGE ( 'NONE', *, *, #1669, .T. ) ;
#2597 = UNCERTAINTY_MEASURE_WITH_UNIT (LENGTH_MEASURE( 1.000000000000000100E-005 ), #4695, 'distance_accuracy_value', 'NONE');
#2596 = DIRECTION ( 'NONE',  ( 1.000000000000000000, 0.0000000000000000000, 0.0000000000000000000 ) ) ;
#2598 = ORIENTED_EDGE ( 'NONE', *, *, #3251, .F. ) ;
#2599 = DIRECTION ( 'NONE',  ( -0.0000000000000000000, -0.0000000000000000000, -1.000000000000000000 ) ) ;
#2600 = DIRECTION ( 'NONE',  ( -0.0000000000000000000, -0.0000000000000000000, -1.000000000000000000 ) ) ;
#2601 = MECHANICAL_DESIGN_GEOMETRIC_PRESENTATION_REPRESENTATION (  '', ( #7895 ), #4735 ) ;
#2602 =( REPRESENTATION_RELATIONSHIP ('NONE','NONE', #4564, #6660 ) REPRESENTATION_RELATIONSHIP_WITH_TRANSFORMATION ( #2574 )SHAPE_REPRESENTATION_RELATIONSHIP( ) );
#2603 = EDGE_LOOP ( 'NONE', ( #4408, #595, #698, #7601 ) ) ;
#2604 = FACE_OUTER_BOUND ( 'NONE', #6693, .T. ) ;
#2605 = ORIENTED_EDGE ( 'NONE', *, *, #9610, .T. ) ;
#2606 = LINE ( 'NONE', #9423, #9982 ) ;
#2607 = CARTESIAN_POINT ( 'NONE',  ( -2.598076211353310700, 16.00000000000000000, -1.499999999999996700 ) ) ;
#2608 = VERTEX_POINT ( 'NONE', #753 ) ;
#2609 =( LENGTH_UNIT ( ) NAMED_UNIT ( * ) SI_UNIT ( .MILLI., .METRE. ) );
#2610 = CARTESIAN_POINT ( 'NONE',  ( 0.0000000000000000000, 16.00000000000000000, 0.0000000000000000000 ) ) ;
#2611 = FILL_AREA_STYLE_COLOUR ( '', #1676 ) ;
#2612 = CARTESIAN_POINT ( 'NONE',  ( 140.0000000000000000, -81.99999999999998600, -30.00000000000000400 ) ) ;
#2613 = CIRCLE ( 'NONE', #363, 4.999999999999997300 ) ;
#2614 = DIRECTION ( 'NONE',  ( 0.8660254037844383700, 0.0000000000000000000, 0.5000000000000004400 ) ) ;
#2615 = EDGE_CURVE ( 'NONE', #1090, #1411, #6230, .T. ) ;
#2616 = CARTESIAN_POINT ( 'NONE',  ( 140.0000000000000000, 111.9999999999999700, -24.99999999999999600 ) ) ;
#2617 = DIRECTION ( 'NONE',  ( -0.0000000000000000000, -0.0000000000000000000, 1.000000000000000000 ) ) ;
#2618 = ORIENTED_EDGE ( 'NONE', *, *, #10124, .F. ) ;
#2619 = DIRECTION ( 'NONE',  ( 1.000000000000000000, 0.0000000000000000000, 0.0000000000000000000 ) ) ;
#2620 = CYLINDRICAL_SURFACE ( 'NONE', #5115, 16.50000000000000000 ) ;
#2621 =( GEOMETRIC_REPRESENTATION_CONTEXT ( 3 ) GLOBAL_UNCERTAINTY_ASSIGNED_CONTEXT ( ( #4770 ) ) GLOBAL_UNIT_ASSIGNED_CONTEXT ( ( #6529, #8781, #4062 ) ) REPRESENTATION_CONTEXT ( 'NONE', 'WORKASPACE' ) );
#2622 = VERTEX_POINT ( 'NONE', #6295 ) ;
#2623 = DIRECTION ( 'NONE',  ( 1.000000000000000000, 0.0000000000000000000, 0.0000000000000000000 ) ) ;
#2624 = MECHANICAL_DESIGN_GEOMETRIC_PRESENTATION_REPRESENTATION (  '', ( #7974 ), #6017 ) ;
#2625 = FILL_AREA_STYLE_COLOUR ( '', #4837 ) ;
#2626 = EDGE_CURVE ( 'NONE', #8834, #6156, #101, .T. ) ;
#2627 = FILL_AREA_STYLE ('',( #1126 ) ) ;
#2628 = ADVANCED_FACE ( 'NONE', ( #9890 ), #9341, .F. ) ;
#2629 =( NAMED_UNIT ( * ) PLANE_ANGLE_UNIT ( ) SI_UNIT ( $, .RADIAN. ) );
#2630 = ORIENTED_EDGE ( 'NONE', *, *, #8829, .T. ) ;
#2631 = PRESENTATION_STYLE_ASSIGNMENT (( #8807 ) ) ;
#2632 = ORIENTED_EDGE ( 'NONE', *, *, #1157, .F. ) ;
#2633 = ORIENTED_EDGE ( 'NONE', *, *, #1982, .T. ) ;
#2634 = SURFACE_SIDE_STYLE ('',( #9326 ) ) ;
#2635 = ORIENTED_EDGE ( 'NONE', *, *, #3886, .F. ) ;
#2636 = PRESENTATION_LAYER_ASSIGNMENT (  '', '', ( #6029 ) ) ;
#2637 = ORIENTED_EDGE ( 'NONE', *, *, #2824, .F. ) ;
#2638 = VECTOR ( 'NONE', #6666, 1000.000000000000000 ) ;
#2639 = CARTESIAN_POINT ( 'NONE',  ( 140.0000000000000000, -67.00000000000004300, -19.99999999999998200 ) ) ;
#2640 = EDGE_CURVE ( 'NONE', #380, #291, #9648, .T. ) ;
#2641 = MECHANICAL_DESIGN_GEOMETRIC_PRESENTATION_REPRESENTATION (  '', ( #3507 ), #9692 ) ;
#2642 = FILL_AREA_STYLE ('',( #411 ) ) ;
#2643 = EDGE_CURVE ( 'NONE', #2132, #7036, #6109, .T. ) ;
#2644 = CARTESIAN_POINT ( 'NONE',  ( -10.70000000000012900, -37.99999999999997900, 19.99999999999999600 ) ) ;
#2645 = LINE ( 'NONE', #3630, #7097 ) ;
#2646 = ORIENTED_EDGE ( 'NONE', *, *, #6818, .T. ) ;
#2647 = CARTESIAN_POINT ( 'NONE',  ( 0.0000000000000000000, 10.00000000000000000, 0.0000000000000000000 ) ) ;
#2648 = ORIENTED_EDGE ( 'NONE', *, *, #2501, .T. ) ;
#2649 = ORIENTED_EDGE ( 'NONE', *, *, #6919, .F. ) ;
#2650 =( NAMED_UNIT ( * ) PLANE_ANGLE_UNIT ( ) SI_UNIT ( $, .RADIAN. ) );
#2651 = VECTOR ( 'NONE', #9954, 1000.000000000000000 ) ;
#2652 = DIRECTION ( 'NONE',  ( -0.2810846377148179500, -0.6785983445458456700, 0.6785983445458494400 ) ) ;
#2653 = FILL_AREA_STYLE_COLOUR ( '', #5460 ) ;
#2655 = EDGE_LOOP ( 'NONE', ( #9498, #4569, #8768, #1794 ) ) ;
#2654 = STYLED_ITEM ( 'NONE', ( #2793 ), #5036 ) ;
#2656 = DIRECTION ( 'NONE',  ( 0.0000000000000000000, -0.0000000000000000000, 1.000000000000000000 ) ) ;
#2657 = ORIENTED_EDGE ( 'NONE', *, *, #456, .F. ) ;
#2658 = CARTESIAN_POINT ( 'NONE',  ( -42.00000000000007100, 119.9999999999999700, -9.999999999999991100 ) ) ;
#2659 = PLANE ( 'NONE',  #5131 ) ;
#2660 =( GEOMETRIC_REPRESENTATION_CONTEXT ( 3 ) GLOBAL_UNCERTAINTY_ASSIGNED_CONTEXT ( ( #1912 ) ) GLOBAL_UNIT_ASSIGNED_CONTEXT ( ( #3950, #125, #4767 ) ) REPRESENTATION_CONTEXT ( 'NONE', 'WORKASPACE' ) );
#2661 = STYLED_ITEM ( 'NONE', ( #8491 ), #8457 ) ;
#2662 = CARTESIAN_POINT ( 'NONE',  ( 5.514414158440663600, 16.00000000000000000, 15.55124549639639600 ) ) ;
#2663 = VECTOR ( 'NONE', #6688, 1000.000000000000000 ) ;
#2664 = SURFACE_SIDE_STYLE ('',( #1798 ) ) ;
#2665 = SURFACE_STYLE_USAGE ( .BOTH. , #9641 ) ;
#2666 = DIRECTION ( 'NONE',  ( 7.341601397960391600E-017, -1.000000000000000000, 0.0000000000000000000 ) ) ;
#2667 = CARTESIAN_POINT ( 'NONE',  ( -45.70000000000000300, -31.99999999999999300, 22.00000000000000000 ) ) ;
#2668 = PRESENTATION_STYLE_ASSIGNMENT (( #4376 ) ) ;
#2669 = STYLED_ITEM ( 'NONE', ( #3503 ), #1242 ) ;
#2670 = STYLED_ITEM ( 'NONE', ( #3283 ), #9938 ) ;
#2671 = DIRECTION ( 'NONE',  ( -0.0000000000000000000, -0.0000000000000000000, -1.000000000000000000 ) ) ;
#2672 = UNCERTAINTY_MEASURE_WITH_UNIT (LENGTH_MEASURE( 1.000000000000000100E-005 ), #1694, 'distance_accuracy_value', 'NONE');
#2673 = CYLINDRICAL_SURFACE ( 'NONE', #6769, 3.750000000000010200 ) ;
#2674 = PRESENTATION_STYLE_ASSIGNMENT (( #6537 ) ) ;
#2675 = VERTEX_POINT ( 'NONE', #8037 ) ;
#2676 = ADVANCED_FACE ( 'NONE', ( #5386 ), #138, .F. ) ;
#2677 = VERTEX_POINT ( 'NONE', #1716 ) ;
#2678 = FILL_AREA_STYLE ('',( #9704 ) ) ;
#2679 = AXIS2_PLACEMENT_3D ( 'NONE', #7491, #5159, #418 ) ;
#2680 = DIRECTION ( 'NONE',  ( 0.0000000000000000000, 0.0000000000000000000, 1.000000000000000000 ) ) ;
#2681 = STYLED_ITEM ( 'NONE', ( #7618 ), #6184 ) ;
#2682 =( NAMED_UNIT ( * ) SI_UNIT ( $, .STERADIAN. ) SOLID_ANGLE_UNIT ( ) );
#2683 = ORIENTED_EDGE ( 'NONE', *, *, #7527, .T. ) ;
#2684 = EDGE_LOOP ( 'NONE', ( #8933, #8686, #5436, #8384 ) ) ;
#2685 = COLOUR_RGB ( '',0.9098039215686274400, 0.4431372549019607600, 0.03137254901960784300 ) ;
#2686 = VECTOR ( 'NONE', #2405, 1000.000000000000000 ) ;
#2687 = PLANE ( 'NONE',  #6831 ) ;
#2688 = PLANE ( 'NONE',  #1907 ) ;
#2689 = CARTESIAN_POINT ( 'NONE',  ( -3.000000000000000000, 0.0000000000000000000, 0.0000000000000000000 ) ) ;
#2690 = FACE_BOUND ( 'NONE', #6298, .T. ) ;
#2691 = CARTESIAN_POINT ( 'NONE',  ( -8.700000000000200000, -5.999999999999992900, 18.00000000000000000 ) ) ;
#2692 =( LENGTH_UNIT ( ) NAMED_UNIT ( * ) SI_UNIT ( .MILLI., .METRE. ) );
#2693 = VECTOR ( 'NONE', #550, 1000.000000000000000 ) ;
#2694 =( NAMED_UNIT ( * ) PLANE_ANGLE_UNIT ( ) SI_UNIT ( $, .RADIAN. ) );
#2695 = STYLED_ITEM ( 'NONE', ( #5722 ), #3536 ) ;
#2696 = EDGE_CURVE ( 'NONE', #5600, #8151, #6426, .T. ) ;
#2697 = AXIS2_PLACEMENT_3D ( 'NONE', #9722, #7328, #3393 ) ;
#2698 = SURFACE_STYLE_USAGE ( .BOTH. , #6646 ) ;
#2699 = CARTESIAN_POINT ( 'NONE',  ( 0.0000000000000000000, 16.00000000000000000, 0.0000000000000000000 ) ) ;
#2700 = EDGE_CURVE ( 'NONE', #4214, #9573, #7338, .T. ) ;
#2701 = SURFACE_STYLE_FILL_AREA ( #2678 ) ;
#2702 = LINE ( 'NONE', #2322, #7891 ) ;
#2703 = DIRECTION ( 'NONE',  ( 1.000000000000000000, 7.751679288539131300E-017, 0.0000000000000000000 ) ) ;
#2704 = ORIENTED_EDGE ( 'NONE', *, *, #3372, .T. ) ;
#2705 = FACE_OUTER_BOUND ( 'NONE', #5354, .T. ) ;
#2706 = SURFACE_STYLE_FILL_AREA ( #9763 ) ;
#2707 = DIRECTION ( 'NONE',  ( 4.907487367202160900E-018, 0.9991967677517890100, -0.04007267540828052900 ) ) ;
#2708 = CARTESIAN_POINT ( 'NONE',  ( -16.22498073958795200, 16.00000000000000000, 3.000000000000003100 ) ) ;
#2709 = DIRECTION ( 'NONE',  ( -0.0000000000000000000, -0.0000000000000000000, -1.000000000000000000 ) ) ;
#2710 = LINE ( 'NONE', #1581, #1510 ) ;
#2711 =( GEOMETRIC_REPRESENTATION_CONTEXT ( 3 ) GLOBAL_UNCERTAINTY_ASSIGNED_CONTEXT ( ( #4649 ) ) GLOBAL_UNIT_ASSIGNED_CONTEXT ( ( #4168, #6419, #1714 ) ) REPRESENTATION_CONTEXT ( 'NONE', 'WORKASPACE' ) );
#2712 = PRESENTATION_STYLE_ASSIGNMENT (( #6699 ) ) ;
#2713 = VECTOR ( 'NONE', #8302, 1000.000000000000000 ) ;
#2714 = EDGE_CURVE ( 'NONE', #506, #3997, #480, .T. ) ;
#2715 = AXIS2_PLACEMENT_3D ( 'NONE', #7288, #7364, #4065 ) ;
#2716 = ORIENTED_EDGE ( 'NONE', *, *, #5697, .T. ) ;
#2717 = FILL_AREA_STYLE_COLOUR ( '', #2580 ) ;
#2718 = VERTEX_POINT ( 'NONE', #8000 ) ;
#2719 = DIRECTION ( 'NONE',  ( 1.000000000000000000, 0.0000000000000000000, 0.0000000000000000000 ) ) ;
#2720 = ORIENTED_EDGE ( 'NONE', *, *, #1427, .T. ) ;
#2721 = CARTESIAN_POINT ( 'NONE',  ( -60.00000000000005700, -72.00000000000000000, -19.99999999999998200 ) ) ;
#2722 = CARTESIAN_POINT ( 'NONE',  ( -45.70000000000000300, -67.99999999999998600, 22.00000000000000000 ) ) ;
#2723 = SURFACE_STYLE_FILL_AREA ( #8346 ) ;
#2724 = EDGE_LOOP ( 'NONE', ( #2033, #98 ) ) ;
#2725 = PLANE ( 'NONE',  #869 ) ;
#2726 = CARTESIAN_POINT ( 'NONE',  ( -17.74823934929884600, 0.0000000000000000000, -2.999999999999996400 ) ) ;
#2727 = ORIENTED_EDGE ( 'NONE', *, *, #4016, .T. ) ;
#2728 =( NAMED_UNIT ( * ) PLANE_ANGLE_UNIT ( ) SI_UNIT ( $, .RADIAN. ) );
#2729 = VERTEX_POINT ( 'NONE', #6463 ) ;
#2730 = COLOUR_RGB ( '',1.000000000000000000, 1.000000000000000000, 1.000000000000000000 ) ;
#2731 = PRESENTATION_STYLE_ASSIGNMENT (( #9645 ) ) ;
#2732 =( GEOMETRIC_REPRESENTATION_CONTEXT ( 3 ) GLOBAL_UNCERTAINTY_ASSIGNED_CONTEXT ( ( #6399 ) ) GLOBAL_UNIT_ASSIGNED_CONTEXT ( ( #1440, #9249, #7689 ) ) REPRESENTATION_CONTEXT ( 'NONE', 'WORKASPACE' ) );
#2734 = ORIENTED_EDGE ( 'NONE', *, *, #9345, .T. ) ;
#2733 = MECHANICAL_DESIGN_GEOMETRIC_PRESENTATION_REPRESENTATION (  '', ( #2386 ), #2927 ) ;
#2735 = FILL_AREA_STYLE ('',( #4282 ) ) ;
#2736 = CARTESIAN_POINT ( 'NONE',  ( 129.9289321881345000, -84.99999999999995700, 43.00000000000000000 ) ) ;
#2737 = EDGE_LOOP ( 'NONE', ( #3842, #5951, #1951, #1294 ) ) ;
#2738 = ADVANCED_FACE ( 'NONE', ( #5513 ), #1049, .T. ) ;
#2739 = LINE ( 'NONE', #1823, #10095 ) ;
#2740 = VERTEX_POINT ( 'NONE', #8075 ) ;
#2741 = UNCERTAINTY_MEASURE_WITH_UNIT (LENGTH_MEASURE( 1.000000000000000100E-005 ), #1318, 'distance_accuracy_value', 'NONE');
#2742 = ORIENTED_EDGE ( 'NONE', *, *, #6473, .F. ) ;
#2743 = CARTESIAN_POINT ( 'NONE',  ( 0.0000000000000000000, 16.00000000000000000, 0.0000000000000000000 ) ) ;
#2744 = CARTESIAN_POINT ( 'NONE',  ( 10.71056658114729700, 0.0000000000000000000, 12.55124549639639600 ) ) ;
#2745 = FACE_OUTER_BOUND ( 'NONE', #6661, .T. ) ;
#2746 = CIRCLE ( 'NONE', #9287, 3.000000000000002700 ) ;
#2747 = PLANE ( 'NONE',  #3548 ) ;
#2748 = ORIENTED_EDGE ( 'NONE', *, *, #3875, .T. ) ;
#2749 = EDGE_LOOP ( 'NONE', ( #8427, #1515, #419, #2193 ) ) ;
#2750 = SURFACE_STYLE_USAGE ( .BOTH. , #7448 ) ;
#2751 =( NAMED_UNIT ( * ) PLANE_ANGLE_UNIT ( ) SI_UNIT ( $, .RADIAN. ) );
#2752 = DIRECTION ( 'NONE',  ( 1.000000000000000000, 7.341601397960391600E-017, -0.0000000000000000000 ) ) ;
#2753 = EDGE_LOOP ( 'NONE', ( #1898, #6714, #7558, #760 ) ) ;
#2754 = CARTESIAN_POINT ( 'NONE',  ( -60.00000000000005700, -81.99999999999998600, -35.00000000000000000 ) ) ;
#2755 = AXIS2_PLACEMENT_3D ( 'NONE', #4833, #6494, #2473 ) ;
#2756 = PRODUCT_RELATED_PRODUCT_CATEGORY ( 'part', '', ( #4589 ) ) ;
#2757 = STYLED_ITEM ( 'NONE', ( #6396 ), #5804 ) ;
#2758 = DIRECTION ( 'NONE',  ( -0.0000000000000000000, 0.0000000000000000000, -1.000000000000000000 ) ) ;
#2759 = VERTEX_POINT ( 'NONE', #4137 ) ;
#2760 = ORIENTED_EDGE ( 'NONE', *, *, #8486, .T. ) ;
#2761 = VERTEX_POINT ( 'NONE', #3312 ) ;
#2762 = SURFACE_STYLE_USAGE ( .BOTH. , #8307 ) ;
#2763 = DIRECTION ( 'NONE',  ( 0.0000000000000000000, 1.000000000000000000, 0.0000000000000000000 ) ) ;
#2764 = SURFACE_STYLE_USAGE ( .BOTH. , #3616 ) ;
#2765 =( NAMED_UNIT ( * ) SI_UNIT ( $, .STERADIAN. ) SOLID_ANGLE_UNIT ( ) );
#2766 = VECTOR ( 'NONE', #6636, 1000.000000000000000 ) ;
#2767 = MECHANICAL_DESIGN_GEOMETRIC_PRESENTATION_REPRESENTATION (  '', ( #9994 ), #3620 ) ;
#2768 = DIRECTION ( 'NONE',  ( -0.6785983445458424500, -0.2810846377148242800, -0.6785983445458500000 ) ) ;
#2769 = SURFACE_STYLE_FILL_AREA ( #975 ) ;
#2770 = PRESENTATION_LAYER_ASSIGNMENT (  '', '', ( #8750 ) ) ;
#2771 = EDGE_LOOP ( 'NONE', ( #1312, #8901, #1170, #1412 ) ) ;
#2772 = EDGE_CURVE ( 'NONE', #8584, #3753, #7345, .T. ) ;
#2773 = DIRECTION ( 'NONE',  ( -0.0000000000000000000, -1.000000000000000000, -0.0000000000000000000 ) ) ;
#2774 = ORIENTED_EDGE ( 'NONE', *, *, #8104, .T. ) ;
#2775 = DIRECTION ( 'NONE',  ( -0.0000000000000000000, -1.000000000000000000, -0.0000000000000000000 ) ) ;
#2776 = LINE ( 'NONE', #3260, #6732 ) ;
#2777 = DIRECTION ( 'NONE',  ( 1.000000000000000000, 0.0000000000000000000, -1.445602896647337900E-016 ) ) ;
#2778 = ORIENTED_EDGE ( 'NONE', *, *, #6020, .F. ) ;
#2779 = VECTOR ( 'NONE', #475, 1000.000000000000000 ) ;
#2780 = CARTESIAN_POINT ( 'NONE',  ( -12.00000000000008700, 30.99999999999998200, 27.99097345859914300 ) ) ;
#2781 = PRESENTATION_LAYER_ASSIGNMENT (  '', '', ( #8635 ) ) ;
#2782 = VERTEX_POINT ( 'NONE', #3350 ) ;
#2783 = EDGE_CURVE ( 'NONE', #8180, #1667, #10131, .T. ) ;
#2784 = STYLED_ITEM ( 'NONE', ( #8547 ), #7604 ) ;
#2785 = FILL_AREA_STYLE ('',( #5182 ) ) ;
#2786 = SURFACE_SIDE_STYLE ('',( #4039 ) ) ;
#2787 = FACE_OUTER_BOUND ( 'NONE', #9849, .T. ) ;
#2788 = DIRECTION ( 'NONE',  ( -0.7071067811865475700, 0.7071067811865475700, 0.0000000000000000000 ) ) ;
#2789 = ORIENTED_EDGE ( 'NONE', *, *, #3851, .T. ) ;
#2790 = ADVANCED_FACE ( 'NONE', ( #345, #8674 ), #7363, .F. ) ;
#2791 = SURFACE_STYLE_FILL_AREA ( #1435 ) ;
#2792 = LINE ( 'NONE', #8859, #745 ) ;
#2793 = PRESENTATION_STYLE_ASSIGNMENT (( #3340 ) ) ;
#2794 = CARTESIAN_POINT ( 'NONE',  ( 128.0000000000000600, -77.99999999999997200, 16.00000000000000000 ) ) ;
#2795 = SURFACE_SIDE_STYLE ('',( #209 ) ) ;
#2796 = SURFACE_SIDE_STYLE ('',( #2289 ) ) ;
#2797 = EDGE_CURVE ( 'NONE', #1093, #2877, #7586, .T. ) ;
#2798 = AXIS2_PLACEMENT_3D ( 'NONE', #8374, #2955, #10025 ) ;
#2799 =( NAMED_UNIT ( * ) SI_UNIT ( $, .STERADIAN. ) SOLID_ANGLE_UNIT ( ) );
#2800 = UNCERTAINTY_MEASURE_WITH_UNIT (LENGTH_MEASURE( 1.000000000000000100E-005 ), #7624, 'distance_accuracy_value', 'NONE');
#2801 = SURFACE_SIDE_STYLE ('',( #4615 ) ) ;
#2802 = EDGE_CURVE ( 'NONE', #1098, #291, #3145, .T. ) ;
#2803 =( LENGTH_UNIT ( ) NAMED_UNIT ( * ) SI_UNIT ( .MILLI., .METRE. ) );
#2804 = VECTOR ( 'NONE', #4247, 1000.000000000000000 ) ;
#2805 = ORIENTED_EDGE ( 'NONE', *, *, #9567, .T. ) ;
#2806 =( NAMED_UNIT ( * ) PLANE_ANGLE_UNIT ( ) SI_UNIT ( $, .RADIAN. ) );
#2807 =( NAMED_UNIT ( * ) PLANE_ANGLE_UNIT ( ) SI_UNIT ( $, .RADIAN. ) );
#2808 = EDGE_LOOP ( 'NONE', ( #10114, #4755, #8804, #8749 ) ) ;
#2809 = UNCERTAINTY_MEASURE_WITH_UNIT (LENGTH_MEASURE( 1.000000000000000100E-005 ), #9005, 'distance_accuracy_value', 'NONE');
#2810 = VERTEX_POINT ( 'NONE', #2585 ) ;
#2811 = AXIS2_PLACEMENT_3D ( 'NONE', #7749, #3031, #8527 ) ;
#2812 = SURFACE_STYLE_USAGE ( .BOTH. , #3601 ) ;
#2813 = CARTESIAN_POINT ( 'NONE',  ( -45.70000000000000300, -67.99999999999998600, 21.20000000000002100 ) ) ;
#2814 = CARTESIAN_POINT ( 'NONE',  ( 118.0000000000000600, 114.0000000000000000, 15.99999999999999600 ) ) ;
#2815 = CIRCLE ( 'NONE', #2798, 0.7500000000000075500 ) ;
#2816 = VERTEX_POINT ( 'NONE', #8111 ) ;
#2817 = SURFACE_STYLE_FILL_AREA ( #6104 ) ;
#2818 = EDGE_CURVE ( 'NONE', #2729, #673, #1677, .T. ) ;
#2819 = CARTESIAN_POINT ( 'NONE',  ( 0.0000000000000000000, 0.0000000000000000000, 0.0000000000000000000 ) ) ;
#2820 = MECHANICAL_DESIGN_GEOMETRIC_PRESENTATION_REPRESENTATION (  '', ( #8617 ), #7250 ) ;
#2821 = FILL_AREA_STYLE ('',( #6764 ) ) ;
#2822 = DIRECTION ( 'NONE',  ( -0.4999999999999999400, 0.0000000000000000000, 0.8660254037844387100 ) ) ;
#2823 = VECTOR ( 'NONE', #1270, 1000.000000000000000 ) ;
#2824 = EDGE_CURVE ( 'NONE', #1411, #1626, #4116, .T. ) ;
#2825 = CARTESIAN_POINT ( 'NONE',  ( 62.10236213623112900, -199.8597214491111300, 38.18485766700813100 ) ) ;
#2826 = COLOUR_RGB ( '',0.4941176470588235500, 0.4941176470588235500, 0.4941176470588235500 ) ;
#2827 = DIRECTION ( 'NONE',  ( 0.7071067811865474600, 0.7071067811865474600, 0.0000000000000000000 ) ) ;
#2828 = FILL_AREA_STYLE_COLOUR ( '', #5345 ) ;
#2829 = VECTOR ( 'NONE', #93, 1000.000000000000100 ) ;
#2830 = DIRECTION ( 'NONE',  ( -1.000000000000000000, 0.0000000000000000000, 0.0000000000000000000 ) ) ;
#2831 = FILL_AREA_STYLE ('',( #7014 ) ) ;
#2832 = CIRCLE ( 'NONE', #6961, 4.999999999999997300 ) ;
#2833 = ADVANCED_FACE ( 'NONE', ( #3879 ), #7832, .F. ) ;
#2834 = SURFACE_SIDE_STYLE ('',( #5017 ) ) ;
#2835 = AXIS2_PLACEMENT_3D ( 'NONE', #4121, #4084, #974 ) ;
#2836 = ORIENTED_EDGE ( 'NONE', *, *, #5042, .T. ) ;
#2837 = EDGE_CURVE ( 'NONE', #59, #4337, #7096, .T. ) ;
#2838 = MECHANICAL_DESIGN_GEOMETRIC_PRESENTATION_REPRESENTATION (  '', ( #3691 ), #7414 ) ;
#2839 = VERTEX_POINT ( 'NONE', #5133 ) ;
#2840 = CARTESIAN_POINT ( 'NONE',  ( -2.930695433398215200E-014, 114.9999999999999700, 3.000000000000049300 ) ) ;
#2841 = EDGE_CURVE ( 'NONE', #1417, #2810, #6847, .T. ) ;
#2842 = VERTEX_POINT ( 'NONE', #3422 ) ;
#2843 = LINE ( 'NONE', #5177, #7042 ) ;
#2844 = COLOUR_RGB ( '',1.000000000000000000, 1.000000000000000000, 1.000000000000000000 ) ;
#2845 = ORIENTED_EDGE ( 'NONE', *, *, #2314, .F. ) ;
#2846 =( NAMED_UNIT ( * ) SI_UNIT ( $, .STERADIAN. ) SOLID_ANGLE_UNIT ( ) );
#2847 = SHAPE_REPRESENTATION_RELATIONSHIP ( 'NONE' , 'NONE' ,  #6660, #4050 ) ;
#2848 = STYLED_ITEM ( 'NONE', ( #4888 ), #5239 ) ;
#2849 = ORIENTED_EDGE ( 'NONE', *, *, #2314, .T. ) ;
#2850 = PRESENTATION_STYLE_ASSIGNMENT (( #5304 ) ) ;
#2851 = EDGE_CURVE ( 'NONE', #9050, #8177, #9652, .T. ) ;
#2852 =( GEOMETRIC_REPRESENTATION_CONTEXT ( 3 ) GLOBAL_UNCERTAINTY_ASSIGNED_CONTEXT ( ( #2859 ) ) GLOBAL_UNIT_ASSIGNED_CONTEXT ( ( #10132, #9330, #24 ) ) REPRESENTATION_CONTEXT ( 'NONE', 'WORKASPACE' ) );
#2853 = EDGE_LOOP ( 'NONE', ( #6621, #4148, #3480, #4366 ) ) ;
#2854 = CARTESIAN_POINT ( 'NONE',  ( -45.70000000000000300, -49.99999999999998600, 21.20000000000002100 ) ) ;
#2855 = ORIENTED_EDGE ( 'NONE', *, *, #1461, .T. ) ;
#2856 =( LENGTH_UNIT ( ) NAMED_UNIT ( * ) SI_UNIT ( .MILLI., .METRE. ) );
#2857 = VERTEX_POINT ( 'NONE', #4278 ) ;
#2858 = VECTOR ( 'NONE', #1729, 1000.000000000000000 ) ;
#2859 = UNCERTAINTY_MEASURE_WITH_UNIT (LENGTH_MEASURE( 1.000000000000000100E-005 ), #10132, 'distance_accuracy_value', 'NONE');
#2860 = ORIENTED_EDGE ( 'NONE', *, *, #267, .F. ) ;
#2861 = SURFACE_SIDE_STYLE ('',( #5478 ) ) ;
#2862 = CARTESIAN_POINT ( 'NONE',  ( 128.0000000000000000, 62.00000000000004300, 18.00000000000000000 ) ) ;
#2863 = AXIS2_PLACEMENT_3D ( 'NONE', #5278, #572, #6057 ) ;
#2864 = AXIS2_PLACEMENT_3D ( 'NONE', #1857, #5797, #3510 ) ;
#2865 = SURFACE_SIDE_STYLE ('',( #109 ) ) ;
#2866 = VECTOR ( 'NONE', #2217, 1000.000000000000000 ) ;
#2867 = LINE ( 'NONE', #9484, #574 ) ;
#2868 = DIRECTION ( 'NONE',  ( -0.6785983445458490000, 0.6785983445458416700, 0.2810846377148283900 ) ) ;
#2869 = ORIENTED_EDGE ( 'NONE', *, *, #6668, .F. ) ;
#2870 = FACE_OUTER_BOUND ( 'NONE', #1415, .T. ) ;
#2871 = EDGE_LOOP ( 'NONE', ( #8193, #9518, #5209, #1249 ) ) ;
#2872 =( NAMED_UNIT ( * ) PLANE_ANGLE_UNIT ( ) SI_UNIT ( $, .RADIAN. ) );
#2873 = CARTESIAN_POINT ( 'NONE',  ( 405.0000000000001700, 3.544168555276070900, 28.77443777550867700 ) ) ;
#2874 = DIRECTION ( 'NONE',  ( 0.7071067811865430200, 1.795075219531743700E-016, -0.7071067811865521200 ) ) ;
#2875 = FACE_OUTER_BOUND ( 'NONE', #3033, .T. ) ;
#2877 = VERTEX_POINT ( 'NONE', #5058 ) ;
#2876 = PLANE ( 'NONE',  #6332 ) ;
#2878 = CARTESIAN_POINT ( 'NONE',  ( -54.00000000000003600, -3.964464754898614500E-015, 38.00000000000000000 ) ) ;
#2879 =( LENGTH_UNIT ( ) NAMED_UNIT ( * ) SI_UNIT ( .MILLI., .METRE. ) );
#2880 = PRESENTATION_LAYER_ASSIGNMENT (  '', '', ( #1837 ) ) ;
#2881 = VECTOR ( 'NONE', #8556, 1000.000000000000000 ) ;
#2882 = ORIENTED_EDGE ( 'NONE', *, *, #970, .F. ) ;
#2883 = ORIENTED_EDGE ( 'NONE', *, *, #3898, .T. ) ;
#2884 = STYLED_ITEM ( 'NONE', ( #2390 ), #5409 ) ;
#2885 = ORIENTED_EDGE ( 'NONE', *, *, #9612, .F. ) ;
#2886 = ADVANCED_FACE ( 'NONE', ( #1322 ), #9886, .T. ) ;
#2887 = ORIENTED_EDGE ( 'NONE', *, *, #5310, .T. ) ;
#2888 = DIRECTION ( 'NONE',  ( -0.0000000000000000000, -1.000000000000000000, -0.0000000000000000000 ) ) ;
#2889 =( NAMED_UNIT ( * ) SI_UNIT ( $, .STERADIAN. ) SOLID_ANGLE_UNIT ( ) );
#2890 = VERTEX_POINT ( 'NONE', #468 ) ;
#2891 = SURFACE_STYLE_USAGE ( .BOTH. , #7727 ) ;
#2892 = ORIENTED_EDGE ( 'NONE', *, *, #2120, .F. ) ;
#2893 = VERTEX_POINT ( 'NONE', #6709 ) ;
#2894 = DIRECTION ( 'NONE',  ( -0.0000000000000000000, -1.000000000000000000, -0.0000000000000000000 ) ) ;
#2895 =( GEOMETRIC_REPRESENTATION_CONTEXT ( 3 ) GLOBAL_UNCERTAINTY_ASSIGNED_CONTEXT ( ( #4893 ) ) GLOBAL_UNIT_ASSIGNED_CONTEXT ( ( #3153, #6322, #3995 ) ) REPRESENTATION_CONTEXT ( 'NONE', 'WORKASPACE' ) );
#2896 = VECTOR ( 'NONE', #7054, 1000.000000000000000 ) ;
#2897 = COLOUR_RGB ( '',0.9098039215686274400, 0.4431372549019607600, 0.03137254901960784300 ) ;
#2898 = EDGE_CURVE ( 'NONE', #5370, #6728, #467, .T. ) ;
#2899 = AXIS2_PLACEMENT_3D ( 'NONE', #8821, #4919, #1824 ) ;
#2900 = FILL_AREA_STYLE_COLOUR ( '', #6067 ) ;
#2901 = EDGE_CURVE ( 'NONE', #3850, #8396, #3619, .T. ) ;
#2902 = EDGE_LOOP ( 'NONE', ( #5969, #9770, #2117, #485 ) ) ;
#2903 = ORIENTED_EDGE ( 'NONE', *, *, #10077, .F. ) ;
#2904 = DIRECTION ( 'NONE',  ( -1.982541115402065400E-016, -1.000000000000000000, -0.0000000000000000000 ) ) ;
#2905 = LINE ( 'NONE', #3808, #864 ) ;
#2906 = LINE ( 'NONE', #2708, #865 ) ;
#2907 = DIRECTION ( 'NONE',  ( 0.0000000000000000000, -0.0000000000000000000, 1.000000000000000000 ) ) ;
#2908 = FILL_AREA_STYLE ('',( #3771 ) ) ;
#2909 =( LENGTH_UNIT ( ) NAMED_UNIT ( * ) SI_UNIT ( .MILLI., .METRE. ) );
#2911 = CIRCLE ( 'NONE', #3458, 16.50000000000000000 ) ;
#2910 = PRESENTATION_LAYER_ASSIGNMENT (  '', '', ( #8574 ) ) ;
#2912 = EDGE_CURVE ( 'NONE', #7193, #8678, #4371, .T. ) ;
#2913 =( GEOMETRIC_REPRESENTATION_CONTEXT ( 3 ) GLOBAL_UNCERTAINTY_ASSIGNED_CONTEXT ( ( #8045 ) ) GLOBAL_UNIT_ASSIGNED_CONTEXT ( ( #2803, #9096, #9874 ) ) REPRESENTATION_CONTEXT ( 'NONE', 'WORKASPACE' ) );
#2914 = DIRECTION ( 'NONE',  ( -0.6785983445458507700, 0.6785983445458430000, -0.2810846377148206700 ) ) ;
#2915 = DIRECTION ( 'NONE',  ( 0.0000000000000000000, 0.0000000000000000000, 1.000000000000000000 ) ) ;
#2916 = VECTOR ( 'NONE', #2600, 1000.000000000000000 ) ;
#2917 = CARTESIAN_POINT ( 'NONE',  ( 137.0000000000000000, -80.75735931288073700, 39.15791864707433900 ) ) ;
#2918 = VECTOR ( 'NONE', #3327, 1000.000000000000100 ) ;
#2919 = DIRECTION ( 'NONE',  ( -0.0000000000000000000, -0.0000000000000000000, -1.000000000000000000 ) ) ;
#2920 = DIRECTION ( 'NONE',  ( -0.0000000000000000000, -1.000000000000000000, -0.0000000000000000000 ) ) ;
#2921 = UNCERTAINTY_MEASURE_WITH_UNIT (LENGTH_MEASURE( 1.000000000000000100E-005 ), #809, 'distance_accuracy_value', 'NONE');
#2922 = FACE_OUTER_BOUND ( 'NONE', #3512, .T. ) ;
#2923 = CARTESIAN_POINT ( 'NONE',  ( 137.0000000000000000, -6.999999999999994700, 30.07317073170731400 ) ) ;
#2924 =( NAMED_UNIT ( * ) PLANE_ANGLE_UNIT ( ) SI_UNIT ( $, .RADIAN. ) );
#2925 = DIRECTION ( 'NONE',  ( 0.7071067811865491300, 0.4999999999999961100, -0.5000000000000017800 ) ) ;
#2926 = ORIENTED_EDGE ( 'NONE', *, *, #1803, .F. ) ;
#2927 =( GEOMETRIC_REPRESENTATION_CONTEXT ( 3 ) GLOBAL_UNCERTAINTY_ASSIGNED_CONTEXT ( ( #1628 ) ) GLOBAL_UNIT_ASSIGNED_CONTEXT ( ( #4297, #3373, #9765 ) ) REPRESENTATION_CONTEXT ( 'NONE', 'WORKASPACE' ) );
#2928 = DIRECTION ( 'NONE',  ( 0.0000000000000000000, 0.0000000000000000000, 1.000000000000000000 ) ) ;
#2929 = ORIENTED_EDGE ( 'NONE', *, *, #3942, .T. ) ;
#2930 =( NAMED_UNIT ( * ) PLANE_ANGLE_UNIT ( ) SI_UNIT ( $, .RADIAN. ) );
#2931 = EDGE_CURVE ( 'NONE', #1650, #1001, #4108, .T. ) ;
#2932 = DIRECTION ( 'NONE',  ( 0.0000000000000000000, 1.000000000000000000, -6.938893903907228400E-017 ) ) ;
#2933 = VERTEX_POINT ( 'NONE', #2011 ) ;
#2934 = CARTESIAN_POINT ( 'NONE',  ( -58.00000000000004300, -5.999999999999995600, 24.00000000000000000 ) ) ;
#2935 = ORIENTED_EDGE ( 'NONE', *, *, #2513, .F. ) ;
#2936 = VECTOR ( 'NONE', #7879, 1000.000000000000000 ) ;
#2937 = ADVANCED_FACE ( 'NONE', ( #8904 ), #9777, .T. ) ;
#2938 = FILL_AREA_STYLE_COLOUR ( '', #9102 ) ;
#2939 =( NAMED_UNIT ( * ) SI_UNIT ( $, .STERADIAN. ) SOLID_ANGLE_UNIT ( ) );
#2940 = AXIS2_PLACEMENT_3D ( 'NONE', #6484, #5018, #8095 ) ;
#2941 =( NAMED_UNIT ( * ) PLANE_ANGLE_UNIT ( ) SI_UNIT ( $, .RADIAN. ) );
#2942 = VECTOR ( 'NONE', #2987, 1000.000000000000000 ) ;
#2943 = FACE_OUTER_BOUND ( 'NONE', #5206, .T. ) ;
#2944 = CARTESIAN_POINT ( 'NONE',  ( -55.00000000000005700, 23.00000000000001100, 0.0000000000000000000 ) ) ;
#2945 = CARTESIAN_POINT ( 'NONE',  ( -13.87042614893938700, 16.00000000000000000, 11.47219588600274600 ) ) ;
#2946 = CARTESIAN_POINT ( 'NONE',  ( -38.70000000000013100, -25.99999999999999600, 18.99999999999999600 ) ) ;
#2947 = FACE_OUTER_BOUND ( 'NONE', #6816, .T. ) ;
#2948 = ORIENTED_EDGE ( 'NONE', *, *, #4409, .T. ) ;
#2949 = CARTESIAN_POINT ( 'NONE',  ( -55.00000000000005700, 3.031635788968987900E-016, 2.999999999999998200 ) ) ;
#2950 = CIRCLE ( 'NONE', #629, 6.000000000000000000 ) ;
#2951 = MECHANICAL_DESIGN_GEOMETRIC_PRESENTATION_REPRESENTATION (  '', ( #10118 ), #1724 ) ;
#2952 = MECHANICAL_DESIGN_GEOMETRIC_PRESENTATION_REPRESENTATION (  '', ( #365 ), #3565 ) ;
#2953 = CARTESIAN_POINT ( 'NONE',  ( 3.000000000000002200, 0.0000000000000000000, 16.22498073958795200 ) ) ;
#2954 = CARTESIAN_POINT ( 'NONE',  ( 96.99999999999994300, -164.8038475772933700, -5.000000000000004400 ) ) ;
#2956 = SURFACE_STYLE_FILL_AREA ( #7138 ) ;
#2955 = DIRECTION ( 'NONE',  ( 0.0000000000000000000, 0.0000000000000000000, 1.000000000000000000 ) ) ;
#2957 = ADVANCED_FACE ( 'NONE', ( #2875 ), #4994, .T. ) ;
#2958 = COLOUR_RGB ( '',0.9098039215686274400, 0.4431372549019607600, 0.03137254901960784300 ) ;
#2959 = DIRECTION ( 'NONE',  ( 0.0000000000000000000, 0.0000000000000000000, -1.000000000000000000 ) ) ;
#2960 = ORIENTED_EDGE ( 'NONE', *, *, #9943, .T. ) ;
#2961 = SURFACE_SIDE_STYLE ('',( #2129 ) ) ;
#2962 = ORIENTED_EDGE ( 'NONE', *, *, #5310, .F. ) ;
#2963 = CARTESIAN_POINT ( 'NONE',  ( 128.0000000000000600, -77.99999999999997200, 16.00000000000000000 ) ) ;
#2964 = FILL_AREA_STYLE ('',( #9265 ) ) ;
#2965 = PLANE ( 'NONE',  #5339 ) ;
#2966 = ORIENTED_EDGE ( 'NONE', *, *, #6562, .F. ) ;
#2967 = LINE ( 'NONE', #7632, #4710 ) ;
#2968 = AXIS2_PLACEMENT_3D ( 'NONE', #9039, #9073, #4321 ) ;
#2969 = EDGE_CURVE ( 'NONE', #3142, #1970, #7080, .T. ) ;
#2970 = AXIS2_PLACEMENT_3D ( 'NONE', #5341, #5891, #1945 ) ;
#2971 = VERTEX_POINT ( 'NONE', #5815 ) ;
#2972 = FILL_AREA_STYLE ('',( #6061 ) ) ;
#2973 = SURFACE_STYLE_USAGE ( .BOTH. , #7739 ) ;
#2974 = DIRECTION ( 'NONE',  ( 0.0000000000000000000, 0.0000000000000000000, -1.000000000000000000 ) ) ;
#2975 = ORIENTED_EDGE ( 'NONE', *, *, #836, .T. ) ;
#2976 = LINE ( 'NONE', #1520, #4207 ) ;
#2977 = COLOUR_RGB ( '',1.000000000000000000, 1.000000000000000000, 1.000000000000000000 ) ;
#2978 =( LENGTH_UNIT ( ) NAMED_UNIT ( * ) SI_UNIT ( .MILLI., .METRE. ) );
#2979 = LINE ( 'NONE', #10, #8159 ) ;
#2980 = UNCERTAINTY_MEASURE_WITH_UNIT (LENGTH_MEASURE( 1.000000000000000100E-005 ), #10106, 'distance_accuracy_value', 'NONE');
#2981 = VERTEX_POINT ( 'NONE', #1119 ) ;
#2982 = LINE ( 'NONE', #5779, #6199 ) ;
#2983 = CARTESIAN_POINT ( 'NONE',  ( 257.0000000000000600, -87.99999999999997200, 30.00000000000000000 ) ) ;
#2984 = VERTEX_POINT ( 'NONE', #6604 ) ;
#2986 = VERTEX_POINT ( 'NONE', #5090 ) ;
#2985 =( LENGTH_UNIT ( ) NAMED_UNIT ( * ) SI_UNIT ( .MILLI., .METRE. ) );
#2987 = DIRECTION ( 'NONE',  ( 0.0000000000000000000, -0.7071067811865436900, 0.7071067811865513500 ) ) ;
#2988 =( NAMED_UNIT ( * ) PLANE_ANGLE_UNIT ( ) SI_UNIT ( $, .RADIAN. ) );
#2989 = VERTEX_POINT ( 'NONE', #1086 ) ;
#2990 = FACE_BOUND ( 'NONE', #9000, .T. ) ;
#2991 = ADVANCED_FACE ( 'NONE', ( #6466 ), #8786, .T. ) ;
#2992 = CIRCLE ( 'NONE', #4002, 3.750000000000010200 ) ;
#2993 = STYLED_ITEM ( 'NONE', ( #7834 ), #96 ) ;
#2994 = STYLED_ITEM ( 'NONE', ( #5693 ), #8706 ) ;
#2995 = ORIENTED_EDGE ( 'NONE', *, *, #3886, .T. ) ;
#2996 = UNCERTAINTY_MEASURE_WITH_UNIT (LENGTH_MEASURE( 1.000000000000000100E-005 ), #2609, 'distance_accuracy_value', 'NONE');
#2997 = DIRECTION ( 'NONE',  ( -0.0000000000000000000, -0.0000000000000000000, 1.000000000000000000 ) ) ;
#2998 = VERTEX_POINT ( 'NONE', #2662 ) ;
#2999 = SURFACE_STYLE_FILL_AREA ( #3037 ) ;
#3000 = UNCERTAINTY_MEASURE_WITH_UNIT (LENGTH_MEASURE( 1.000000000000000100E-005 ), #4620, 'distance_accuracy_value', 'NONE');
#3001 = VERTEX_POINT ( 'NONE', #4277 ) ;
#3002 = EDGE_CURVE ( 'NONE', #4192, #8708, #4869, .T. ) ;
#3003 = DIRECTION ( 'NONE',  ( -0.0000000000000000000, -1.000000000000000000, -0.0000000000000000000 ) ) ;
#3004 = CARTESIAN_POINT ( 'NONE',  ( -55.00000000000007800, 1.817329355785229800E-015, -30.00000000000000400 ) ) ;
#3005 = DIRECTION ( 'NONE',  ( -0.0000000000000000000, -1.000000000000000000, -0.0000000000000000000 ) ) ;
#3006 = CARTESIAN_POINT ( 'NONE',  ( -15.55124549639639400, 16.00000000000000000, 5.514414158440667200 ) ) ;
#3007 = CIRCLE ( 'NONE', #9608, 18.00000000000000400 ) ;
#3008 = DIRECTION ( 'NONE',  ( 1.000000000000000000, 0.0000000000000000000, 0.0000000000000000000 ) ) ;
#3009 = VERTEX_POINT ( 'NONE', #7321 ) ;
#3010 = ORIENTED_EDGE ( 'NONE', *, *, #3232, .T. ) ;
#3011 = SURFACE_SIDE_STYLE ('',( #58 ) ) ;
#3012 = ORIENTED_EDGE ( 'NONE', *, *, #3134, .F. ) ;
#3013 = AXIS2_PLACEMENT_3D ( 'NONE', #5810, #2656, #420 ) ;
#3014 = PRESENTATION_LAYER_ASSIGNMENT (  '', '', ( #7958 ) ) ;
#3015 = DIRECTION ( 'NONE',  ( 0.0000000000000000000, 1.000000000000000000, -0.0000000000000000000 ) ) ;
#3016 = CARTESIAN_POINT ( 'NONE',  ( -2.999999999999994700, 18.00000000000000400, -14.00000000000000000 ) ) ;
#3017 = LINE ( 'NONE', #2721, #9044 ) ;
#3018 =( LENGTH_UNIT ( ) NAMED_UNIT ( * ) SI_UNIT ( .MILLI., .METRE. ) );
#3019 = DIRECTION ( 'NONE',  ( 0.6785983445458427800, 0.6785983445458504400, -0.2810846377148223900 ) ) ;
#3020 = DIRECTION ( 'NONE',  ( -1.000000000000000000, 1.560813733950115200E-016, 0.0000000000000000000 ) ) ;
#3021 = LINE ( 'NONE', #9136, #961 ) ;
#3022 = ORIENTED_EDGE ( 'NONE', *, *, #7527, .F. ) ;
#3023 = DIRECTION ( 'NONE',  ( -0.0000000000000000000, -1.000000000000000000, -0.0000000000000000000 ) ) ;
#3024 = ADVANCED_FACE ( 'NONE', ( #5627 ), #2688, .F. ) ;
#3025 = ORIENTED_EDGE ( 'NONE', *, *, #3236, .F. ) ;
#3026 = CARTESIAN_POINT ( 'NONE',  ( -9.500000000000081700, 90.00000000000001400, 18.00000000000000000 ) ) ;
#3027 = EDGE_CURVE ( 'NONE', #2877, #1093, #4361, .T. ) ;
#3028 = CARTESIAN_POINT ( 'NONE',  ( -55.00000000000005700, -1.206045845202921800E-015, -14.99999999999998400 ) ) ;
#3029 = FILL_AREA_STYLE_COLOUR ( '', #4793 ) ;
#3030 = LINE ( 'NONE', #7236, #6981 ) ;
#3031 = DIRECTION ( 'NONE',  ( 0.0000000000000000000, 0.0000000000000000000, 1.000000000000000000 ) ) ;
#3032 = AXIS2_PLACEMENT_3D ( 'NONE', #2439, #2516, #7148 ) ;
#3033 = EDGE_LOOP ( 'NONE', ( #925, #5850, #1279, #1814 ) ) ;
#3034 = PRESENTATION_STYLE_ASSIGNMENT (( #1913 ) ) ;
#3035 = PRESENTATION_LAYER_ASSIGNMENT (  '', '', ( #2290 ) ) ;
#3036 = SURFACE_STYLE_FILL_AREA ( #3063 ) ;
#3037 = FILL_AREA_STYLE ('',( #3783 ) ) ;
#3038 = DIRECTION ( 'NONE',  ( -0.6785983445458450000, -0.2810846377148197800, 0.6785983445458493300 ) ) ;
#3039 =( NAMED_UNIT ( * ) PLANE_ANGLE_UNIT ( ) SI_UNIT ( $, .RADIAN. ) );
#3040 = EDGE_LOOP ( 'NONE', ( #2052, #3936, #8741, #9872 ) ) ;
#3041 = CARTESIAN_POINT ( 'NONE',  ( 140.0000000000000000, 52.92893218813451700, -30.00000000000000000 ) ) ;
#3042 = AXIS2_PLACEMENT_3D ( 'NONE', #2108, #9200, #10103 ) ;
#3043 = EDGE_CURVE ( 'NONE', #3605, #350, #3250, .T. ) ;
#3044 = AXIS2_PLACEMENT_3D ( 'NONE', #3998, #824, #1596 ) ;
#3045 = DIRECTION ( 'NONE',  ( 1.000000000000000000, -1.560813733950115200E-016, 0.0000000000000000000 ) ) ;
#3046 = LINE ( 'NONE', #2612, #3414 ) ;
#3047 = EDGE_CURVE ( 'NONE', #9980, #6674, #4602, .T. ) ;
#3048 = DIRECTION ( 'NONE',  ( -0.0000000000000000000, -0.0000000000000000000, -1.000000000000000000 ) ) ;
#3049 = ADVANCED_FACE ( 'NONE', ( #9032 ), #5949, .F. ) ;
#3050 = EDGE_LOOP ( 'NONE', ( #9593, #1398, #791, #344 ) ) ;
#3051 = DIRECTION ( 'NONE',  ( 1.239088197126291100E-016, 0.0000000000000000000, 1.000000000000000000 ) ) ;
#3052 = LINE ( 'NONE', #4973, #4019 ) ;
#3053 = DIRECTION ( 'NONE',  ( -0.7071067811865475700, -0.5000000000000026600, -0.4999999999999972200 ) ) ;
#3054 = DIRECTION ( 'NONE',  ( -0.0000000000000000000, -1.000000000000000000, -0.0000000000000000000 ) ) ;
#3055 = LINE ( 'NONE', #1015, #4145 ) ;
#3056 =( NAMED_UNIT ( * ) PLANE_ANGLE_UNIT ( ) SI_UNIT ( $, .RADIAN. ) );
#3057 =( GEOMETRIC_REPRESENTATION_CONTEXT ( 3 ) GLOBAL_UNCERTAINTY_ASSIGNED_CONTEXT ( ( #1441 ) ) GLOBAL_UNIT_ASSIGNED_CONTEXT ( ( #5330, #2924, #5412 ) ) REPRESENTATION_CONTEXT ( 'NONE', 'WORKASPACE' ) );
#3058 = VERTEX_POINT ( 'NONE', #5749 ) ;
#3059 = CARTESIAN_POINT ( 'NONE',  ( -49.51471862576142500, -83.99999999999995700, 29.70731707317073100 ) ) ;
#3060 = ORIENTED_EDGE ( 'NONE', *, *, #4096, .T. ) ;
#3061 = EDGE_CURVE ( 'NONE', #5993, #6321, #6100, .T. ) ;
#3062 = STYLED_ITEM ( 'NONE', ( #3211 ), #8511 ) ;
#3063 = FILL_AREA_STYLE ('',( #6174 ) ) ;
#3064 = DIRECTION ( 'NONE',  ( 1.982541115402065400E-016, 1.000000000000000000, 0.0000000000000000000 ) ) ;
#3065 = UNCERTAINTY_MEASURE_WITH_UNIT (LENGTH_MEASURE( 1.000000000000000100E-005 ), #2292, 'distance_accuracy_value', 'NONE');
#3066 = CARTESIAN_POINT ( 'NONE',  ( -69.58578643762676600, -69.58578643762717800, 38.00000000000000000 ) ) ;
#3067 = VERTEX_POINT ( 'NONE', #8250 ) ;
#3068 = LINE ( 'NONE', #1559, #7869 ) ;
#3069 = PLANE ( 'NONE',  #4658 ) ;
#3070 = SURFACE_SIDE_STYLE ('',( #2267 ) ) ;
#3071 = CARTESIAN_POINT ( 'NONE',  ( -42.00000000000006400, 119.9999999999999700, 2.999999999999997300 ) ) ;
#3072 = AXIS2_PLACEMENT_3D ( 'NONE', #4662, #7731, #3008 ) ;
#3073 = ADVANCED_FACE ( 'NONE', ( #5120, #10002 ), #6797, .T. ) ;
#3074 = FILL_AREA_STYLE_COLOUR ( '', #2485 ) ;
#3075 = ORIENTED_EDGE ( 'NONE', *, *, #2477, .F. ) ;
#3076 = PRESENTATION_STYLE_ASSIGNMENT (( #5144 ) ) ;
#3077 = PLANE ( 'NONE',  #7997 ) ;
#3078 = PRESENTATION_STYLE_ASSIGNMENT (( #6723 ) ) ;
#3079 =( NAMED_UNIT ( * ) SI_UNIT ( $, .STERADIAN. ) SOLID_ANGLE_UNIT ( ) );
#3080 = DIRECTION ( 'NONE',  ( 0.0000000000000000000, 0.0000000000000000000, 1.000000000000000000 ) ) ;
#3081 = CARTESIAN_POINT ( 'NONE',  ( -30.00000000000008200, 30.99999999999998200, -3.000000000000002700 ) ) ;
#3082 = CARTESIAN_POINT ( 'NONE',  ( 3.000000000000002200, 16.00000000000000000, 0.0000000000000000000 ) ) ;
#3083 = AXIS2_PLACEMENT_3D ( 'NONE', #1080, #5743, #9628 ) ;
#3084 =( GEOMETRIC_REPRESENTATION_CONTEXT ( 3 ) GLOBAL_UNCERTAINTY_ASSIGNED_CONTEXT ( ( #5726 ) ) GLOBAL_UNIT_ASSIGNED_CONTEXT ( ( #5212, #520, #9146 ) ) REPRESENTATION_CONTEXT ( 'NONE', 'WORKASPACE' ) );
#3085 = FILL_AREA_STYLE ('',( #2250 ) ) ;
#3086 = LINE ( 'NONE', #9991, #1027 ) ;
#3087 = ORIENTED_EDGE ( 'NONE', *, *, #2165, .T. ) ;
#3088 = DIRECTION ( 'NONE',  ( -0.8660254037844387100, 0.0000000000000000000, -0.4999999999999999400 ) ) ;
#3089 = CARTESIAN_POINT ( 'NONE',  ( -47.20662509321839200, 58.22812158304711300, -42.79337490678173600 ) ) ;
#3090 =( NAMED_UNIT ( * ) SI_UNIT ( $, .STERADIAN. ) SOLID_ANGLE_UNIT ( ) );
#3091 = ORIENTED_EDGE ( 'NONE', *, *, #1409, .T. ) ;
#3092 = VERTEX_POINT ( 'NONE', #5272 ) ;
#3093 = ADVANCED_FACE ( 'NONE', ( #7700 ), #4348, .T. ) ;
#3094 = SURFACE_SIDE_STYLE ('',( #9141 ) ) ;
#3095 = ORIENTED_EDGE ( 'NONE', *, *, #6616, .T. ) ;
#3096 = EDGE_CURVE ( 'NONE', #3220, #9050, #2368, .T. ) ;
#3097 = AXIS2_PLACEMENT_3D ( 'NONE', #8196, #1197, #1226 ) ;
#3098 = DIRECTION ( 'NONE',  ( 1.000000000000000000, 0.0000000000000000000, 0.0000000000000000000 ) ) ;
#3099 = EDGE_CURVE ( 'NONE', #471, #3371, #6335, .T. ) ;
#3100 = SURFACE_STYLE_USAGE ( .BOTH. , #7759 ) ;
#3101 =( NAMED_UNIT ( * ) SI_UNIT ( $, .STERADIAN. ) SOLID_ANGLE_UNIT ( ) );
#3102 = ORIENTED_EDGE ( 'NONE', *, *, #7538, .F. ) ;
#3103 = LINE ( 'NONE', #6743, #9488 ) ;
#3104 =( NAMED_UNIT ( * ) SI_UNIT ( $, .STERADIAN. ) SOLID_ANGLE_UNIT ( ) );
#3105 = ORIENTED_EDGE ( 'NONE', *, *, #2369, .F. ) ;
#3106 = DIRECTION ( 'NONE',  ( -0.7044400585826616800, -0.7044400585826616800, 0.08676639745957182000 ) ) ;
#3107 = DIRECTION ( 'NONE',  ( 0.5000000000000008900, 0.0000000000000000000, 0.8660254037844380400 ) ) ;
#3108 =( GEOMETRIC_REPRESENTATION_CONTEXT ( 3 ) GLOBAL_UNCERTAINTY_ASSIGNED_CONTEXT ( ( #9354 ) ) GLOBAL_UNIT_ASSIGNED_CONTEXT ( ( #137, #2372, #7902 ) ) REPRESENTATION_CONTEXT ( 'NONE', 'WORKASPACE' ) );
#3109 = ORIENTED_EDGE ( 'NONE', *, *, #7053, .F. ) ;
#3110 = ORIENTED_EDGE ( 'NONE', *, *, #6101, .T. ) ;
#3111 = UNCERTAINTY_MEASURE_WITH_UNIT (LENGTH_MEASURE( 1.000000000000000100E-005 ), #5106, 'distance_accuracy_value', 'NONE');
#3112 = CIRCLE ( 'NONE', #7074, 18.00000000000000000 ) ;
#3113 = EDGE_CURVE ( 'NONE', #3377, #4470, #3007, .T. ) ;
#3114 = PRESENTATION_LAYER_ASSIGNMENT (  '', '', ( #5403 ) ) ;
#3115 = LINE ( 'NONE', #1442, #2009 ) ;
#3116 =( NAMED_UNIT ( * ) SI_UNIT ( $, .STERADIAN. ) SOLID_ANGLE_UNIT ( ) );
#3117 = ORIENTED_EDGE ( 'NONE', *, *, #3043, .F. ) ;
#3118 = CARTESIAN_POINT ( 'NONE',  ( -2.930695433398215200E-014, 114.9999999999999700, 3.000000000000049300 ) ) ;
#3119 = ADVANCED_FACE ( 'NONE', ( #9631 ), #6662, .T. ) ;
#3120 = VECTOR ( 'NONE', #6271, 1000.000000000000000 ) ;
#3121 = CARTESIAN_POINT ( 'NONE',  ( 0.0000000000000000000, 0.0000000000000000000, 15.99999999999999600 ) ) ;
#3122 = CIRCLE ( 'NONE', #4141, 0.7500000000000075500 ) ;
#3123 = FILL_AREA_STYLE ('',( #4646 ) ) ;
#3124 =( NAMED_UNIT ( * ) PLANE_ANGLE_UNIT ( ) SI_UNIT ( $, .RADIAN. ) );
#3125 = EDGE_LOOP ( 'NONE', ( #3755, #5365, #9667, #1052 ) ) ;
#3126 =( NAMED_UNIT ( * ) PLANE_ANGLE_UNIT ( ) SI_UNIT ( $, .RADIAN. ) );
#3127 = VECTOR ( 'NONE', #2652, 1000.000000000000000 ) ;
#3128 = UNCERTAINTY_MEASURE_WITH_UNIT (LENGTH_MEASURE( 1.000000000000000100E-005 ), #2344, 'distance_accuracy_value', 'NONE');
#3129 = ORIENTED_EDGE ( 'NONE', *, *, #5179, .F. ) ;
#3130 = AXIS2_PLACEMENT_3D ( 'NONE', #8571, #639, #7763 ) ;
#3131 = VECTOR ( 'NONE', #3791, 1000.000000000000000 ) ;
#3132 = COLOUR_RGB ( '',1.000000000000000000, 1.000000000000000000, 1.000000000000000000 ) ;
#3133 = VERTEX_POINT ( 'NONE', #2726 ) ;
#3134 = EDGE_CURVE ( 'NONE', #2718, #9869, #326, .T. ) ;
#3135 = VECTOR ( 'NONE', #3204, 1000.000000000000000 ) ;
#3136 = VECTOR ( 'NONE', #8030, 1000.000000000000000 ) ;
#3137 = CARTESIAN_POINT ( 'NONE',  ( -49.45000000000001700, -67.99999999999998600, 20.00000000000000000 ) ) ;
#3138 = ORIENTED_EDGE ( 'NONE', *, *, #3189, .F. ) ;
#3139 = ORIENTED_EDGE ( 'NONE', *, *, #1224, .T. ) ;
#3140 = CARTESIAN_POINT ( 'NONE',  ( 5.999999999999995600, 10.00000000000000000, -14.00000000000000400 ) ) ;
#3141 = CARTESIAN_POINT ( 'NONE',  ( -45.70000000000000300, -67.99999999999998600, 21.20000000000002100 ) ) ;
#3142 = VERTEX_POINT ( 'NONE', #5416 ) ;
#3143 = ORIENTED_EDGE ( 'NONE', *, *, #7932, .T. ) ;
#3144 = CARTESIAN_POINT ( 'NONE',  ( 3.000000000000002200, 16.00000000000000000, 16.22498073958795200 ) ) ;
#3145 = LINE ( 'NONE', #7430, #4382 ) ;
#3146 = CARTESIAN_POINT ( 'NONE',  ( 59.99999999999995000, 120.0000000000000000, -24.99999999999999600 ) ) ;
#3147 = VECTOR ( 'NONE', #9487, 1000.000000000000000 ) ;
#3148 = LINE ( 'NONE', #396, #10134 ) ;
#3149 = AXIS2_PLACEMENT_3D ( 'NONE', #4076, #4118, #3296 ) ;
#3150 = ORIENTED_EDGE ( 'NONE', *, *, #7726, .F. ) ;
#3151 = ORIENTED_EDGE ( 'NONE', *, *, #5773, .F. ) ;
#3152 = VERTEX_POINT ( 'NONE', #6901 ) ;
#3153 =( LENGTH_UNIT ( ) NAMED_UNIT ( * ) SI_UNIT ( .MILLI., .METRE. ) );
#3154 = VECTOR ( 'NONE', #602, 1000.000000000000100 ) ;
#3155 = CARTESIAN_POINT ( 'NONE',  ( 3.000000000000000000, 16.00000000000000000, 0.0000000000000000000 ) ) ;
#3156 = ORIENTED_EDGE ( 'NONE', *, *, #8256, .T. ) ;
#3157 = EDGE_CURVE ( 'NONE', #3341, #9805, #5107, .T. ) ;
#3158 = SURFACE_SIDE_STYLE ('',( #6241 ) ) ;
#3159 = FILL_AREA_STYLE_COLOUR ( '', #7295 ) ;
#3160 =( GEOMETRIC_REPRESENTATION_CONTEXT ( 3 ) GLOBAL_UNCERTAINTY_ASSIGNED_CONTEXT ( ( #5362 ) ) GLOBAL_UNIT_ASSIGNED_CONTEXT ( ( #7463, #1122, #8181 ) ) REPRESENTATION_CONTEXT ( 'NONE', 'WORKASPACE' ) );
#3161 = LINE ( 'NONE', #5149, #1106 ) ;
#3162 = STYLED_ITEM ( 'NONE', ( #3664 ), #6112 ) ;
#3163 = EDGE_CURVE ( 'NONE', #9486, #8618, #2613, .T. ) ;
#3164 = SURFACE_STYLE_FILL_AREA ( #8420 ) ;
#3165 = DIRECTION ( 'NONE',  ( -0.7071067811865487900, 0.7071067811865463500, -0.0000000000000000000 ) ) ;
#3166 = DIRECTION ( 'NONE',  ( 0.0000000000000000000, 1.000000000000000000, 0.0000000000000000000 ) ) ;
#3167 = PRESENTATION_STYLE_ASSIGNMENT (( #8136 ) ) ;
#3168 = FILL_AREA_STYLE ('',( #6309 ) ) ;
#3169 = ADVANCED_FACE ( 'NONE', ( #6948 ), #6326, .T. ) ;
#3170 = FILL_AREA_STYLE_COLOUR ( '', #6727 ) ;
#3171 = AXIS2_PLACEMENT_3D ( 'NONE', #5195, #4451, #1311 ) ;
#3172 = EDGE_CURVE ( 'NONE', #4022, #2761, #3122, .T. ) ;
#3173 = PRESENTATION_LAYER_ASSIGNMENT (  '', '', ( #904 ) ) ;
#3174 = DIRECTION ( 'NONE',  ( -1.000000000000000000, 0.0000000000000000000, 0.0000000000000000000 ) ) ;
#3175 = LINE ( 'NONE', #9617, #2173 ) ;
#3176 = EDGE_CURVE ( 'NONE', #5747, #9996, #1062, .T. ) ;
#3177 = FILL_AREA_STYLE_COLOUR ( '', #3751 ) ;
#3178 = PRESENTATION_STYLE_ASSIGNMENT (( #2515 ) ) ;
#3179 = VERTEX_POINT ( 'NONE', #6185 ) ;
#3180 = ORIENTED_EDGE ( 'NONE', *, *, #947, .F. ) ;
#3181 = SURFACE_STYLE_USAGE ( .BOTH. , #7017 ) ;
#3182 = DIRECTION ( 'NONE',  ( 0.5000000000000012200, 0.0000000000000000000, 0.8660254037844379300 ) ) ;
#3183 = UNCERTAINTY_MEASURE_WITH_UNIT (LENGTH_MEASURE( 1.000000000000000100E-005 ), #2856, 'distance_accuracy_value', 'NONE');
#3184 = CARTESIAN_POINT ( 'NONE',  ( -57.00000000000005000, -80.75735931288072300, 43.00000000000000000 ) ) ;
#3185 = STYLED_ITEM ( 'NONE', ( #6867 ), #5080 ) ;
#3186 = FILL_AREA_STYLE ('',( #5625 ) ) ;
#3187 = EDGE_LOOP ( 'NONE', ( #1274, #9759, #5257, #8265 ) ) ;
#3188 = LINE ( 'NONE', #8589, #1134 ) ;
#3189 = EDGE_CURVE ( 'NONE', #9650, #6213, #9021, .T. ) ;
#3190 = AXIS2_PLACEMENT_3D ( 'NONE', #154, #905, #7171 ) ;
#3191 = SURFACE_STYLE_FILL_AREA ( #422 ) ;
#3192 = ADVANCED_FACE ( 'NONE', ( #939 ), #668, .F. ) ;
#3193 = VECTOR ( 'NONE', #726, 1000.000000000000000 ) ;
#3194 = FACE_OUTER_BOUND ( 'NONE', #6707, .T. ) ;
#3195 = ORIENTED_EDGE ( 'NONE', *, *, #641, .F. ) ;
#3196 = DIRECTION ( 'NONE',  ( -0.0000000000000000000, -0.0000000000000000000, -1.000000000000000000 ) ) ;
#3197 = SURFACE_STYLE_USAGE ( .BOTH. , #7202 ) ;
#3198 = CARTESIAN_POINT ( 'NONE',  ( -55.00000000000002800, -79.92893218813443900, 43.00000000000000000 ) ) ;
#3200 = FACE_OUTER_BOUND ( 'NONE', #5389, .T. ) ;
#3199 = DIRECTION ( 'NONE',  ( -1.000000000000000000, 0.0000000000000000000, 0.0000000000000000000 ) ) ;
#3201 = STYLED_ITEM ( 'NONE', ( #4997 ), #1289 ) ;
#3202 = AXIS2_PLACEMENT_3D ( 'NONE', #9824, #6786, #1992 ) ;
#3203 = CIRCLE ( 'NONE', #10022, 4.999999999999997300 ) ;
#3204 = DIRECTION ( 'NONE',  ( -0.0000000000000000000, -1.000000000000000000, -0.0000000000000000000 ) ) ;
#3205 = ORIENTED_EDGE ( 'NONE', *, *, #8931, .F. ) ;
#3206 = LINE ( 'NONE', #8156, #1148 ) ;
#3207 = DIRECTION ( 'NONE',  ( 0.0000000000000000000, 0.0000000000000000000, -1.000000000000000000 ) ) ;
#3208 =( NAMED_UNIT ( * ) SI_UNIT ( $, .STERADIAN. ) SOLID_ANGLE_UNIT ( ) );
#3209 = FACE_OUTER_BOUND ( 'NONE', #3638, .T. ) ;
#3210 = LINE ( 'NONE', #4413, #5692 ) ;
#3211 = PRESENTATION_STYLE_ASSIGNMENT (( #5805 ) ) ;
#3212 = ORIENTED_EDGE ( 'NONE', *, *, #7455, .T. ) ;
#3213 =( LENGTH_UNIT ( ) NAMED_UNIT ( * ) SI_UNIT ( .MILLI., .METRE. ) );
#3214 = MECHANICAL_DESIGN_GEOMETRIC_PRESENTATION_REPRESENTATION (  '', ( #7644 ), #2537 ) ;
#3215 = DIRECTION ( 'NONE',  ( 1.000000000000000000, -0.0000000000000000000, -0.0000000000000000000 ) ) ;
#3216 = FACE_OUTER_BOUND ( 'NONE', #4610, .T. ) ;
#3217 = PRESENTATION_LAYER_ASSIGNMENT (  '', '', ( #2681 ) ) ;
#3218 = SURFACE_STYLE_FILL_AREA ( #3598 ) ;
#3219 = DIRECTION ( 'NONE',  ( -0.7071067811865435800, -0.7071067811865514600, 6.399833391374051400E-016 ) ) ;
#3220 = VERTEX_POINT ( 'NONE', #1479 ) ;
#3221 = CARTESIAN_POINT ( 'NONE',  ( -50.00000000000007800, 12.99999999999998400, 19.99999999999999600 ) ) ;
#3222 = SURFACE_SIDE_STYLE ('',( #5671 ) ) ;
#3223 = DIRECTION ( 'NONE',  ( -0.5000000000000013300, 0.0000000000000000000, -0.8660254037844379300 ) ) ;
#3224 = VERTEX_POINT ( 'NONE', #9218 ) ;
#3225 = SURFACE_STYLE_FILL_AREA ( #2831 ) ;
#3226 = PRESENTATION_STYLE_ASSIGNMENT (( #817 ) ) ;
#3227 = ORIENTED_EDGE ( 'NONE', *, *, #6042, .T. ) ;
#3228 = ORIENTED_EDGE ( 'NONE', *, *, #1461, .F. ) ;
#3229 = AXIS2_PLACEMENT_3D ( 'NONE', #1589, #5454, #6225 ) ;
#3230 = VECTOR ( 'NONE', #3165, 1000.000000000000000 ) ;
#3231 = EDGE_LOOP ( 'NONE', ( #8778, #4444, #9147, #8673 ) ) ;
#3232 = EDGE_CURVE ( 'NONE', #7009, #8533, #2992, .T. ) ;
#3233 = AXIS2_PLACEMENT_3D ( 'NONE', #2100, #1379, #4525 ) ;
#3234 = ORIENTED_EDGE ( 'NONE', *, *, #9366, .F. ) ;
#3235 = SURFACE_STYLE_USAGE ( .BOTH. , #7165 ) ;
#3236 = EDGE_CURVE ( 'NONE', #6833, #8927, #2119, .T. ) ;
#3237 =( NAMED_UNIT ( * ) SI_UNIT ( $, .STERADIAN. ) SOLID_ANGLE_UNIT ( ) );
#3238 = DIRECTION ( 'NONE',  ( 3.097720492815726700E-016, 0.0000000000000000000, 1.000000000000000000 ) ) ;
#3239 = ORIENTED_EDGE ( 'NONE', *, *, #2901, .T. ) ;
#3240 = ORIENTED_EDGE ( 'NONE', *, *, #5066, .F. ) ;
#3241 = UNCERTAINTY_MEASURE_WITH_UNIT (LENGTH_MEASURE( 1.000000000000000100E-005 ), #1722, 'distance_accuracy_value', 'NONE');
#3242 = PRESENTATION_STYLE_ASSIGNMENT (( #1594 ) ) ;
#3243 = COLOUR_RGB ( '',1.000000000000000000, 1.000000000000000000, 1.000000000000000000 ) ;
#3244 =( NAMED_UNIT ( * ) SI_UNIT ( $, .STERADIAN. ) SOLID_ANGLE_UNIT ( ) );
#3245 = ORIENTED_EDGE ( 'NONE', *, *, #3157, .T. ) ;
#3246 = SURFACE_STYLE_USAGE ( .BOTH. , #7992 ) ;
#3247 = ADVANCED_FACE ( 'NONE', ( #89 ), #8173, .T. ) ;
#3248 = CARTESIAN_POINT ( 'NONE',  ( -49.51471862576142500, -83.99999999999995700, 38.00000000000000000 ) ) ;
#3249 =( GEOMETRIC_REPRESENTATION_CONTEXT ( 3 ) GLOBAL_UNCERTAINTY_ASSIGNED_CONTEXT ( ( #1616 ) ) GLOBAL_UNIT_ASSIGNED_CONTEXT ( ( #4203, #8919, #7396 ) ) REPRESENTATION_CONTEXT ( 'NONE', 'WORKASPACE' ) );
#3250 = LINE ( 'NONE', #8072, #946 ) ;
#3251 = EDGE_CURVE ( 'NONE', #8890, #2989, #5846, .T. ) ;
#3252 = PRESENTATION_LAYER_ASSIGNMENT (  '', '', ( #9110 ) ) ;
#3253 = CARTESIAN_POINT ( 'NONE',  ( 140.0000000000000000, 22.99999999999995400, 7.999999999999998200 ) ) ;
#3254 = ORIENTED_EDGE ( 'NONE', *, *, #7681, .F. ) ;
#3255 = FILL_AREA_STYLE ('',( #3389 ) ) ;
#3256 = PRESENTATION_STYLE_ASSIGNMENT (( #1750 ) ) ;
#3257 = ORIENTED_EDGE ( 'NONE', *, *, #8789, .T. ) ;
#3258 = VERTEX_POINT ( 'NONE', #4582 ) ;
#3259 = DIRECTION ( 'NONE',  ( -0.7071067811865499000, 0.7071067811865452400, 0.0000000000000000000 ) ) ;
#3260 = CARTESIAN_POINT ( 'NONE',  ( -66.75735931288076600, -66.75735931288056700, 18.00000000000000000 ) ) ;
#3261 = CARTESIAN_POINT ( 'NONE',  ( -50.75735931288078000, -86.99999999999995700, 43.00000000000000000 ) ) ;
#3262 = LINE ( 'NONE', #8509, #5396 ) ;
#3263 = VERTEX_POINT ( 'NONE', #3041 ) ;
#3264 = MECHANICAL_DESIGN_GEOMETRIC_PRESENTATION_REPRESENTATION (  '', ( #5267 ), #2732 ) ;
#3265 = AXIS2_PLACEMENT_3D ( 'NONE', #9390, #2324, #4728 ) ;
#3266 = PRODUCT_DEFINITION_CONTEXT ( 'detailed design', #973, 'design' ) ;
#3267 = ORIENTED_EDGE ( 'NONE', *, *, #2302, .T. ) ;
#3268 = VECTOR ( 'NONE', #3932, 1000.000000000000000 ) ;
#3269 = CIRCLE ( 'NONE', #8736, 6.000000000000005300 ) ;
#3270 = SURFACE_STYLE_USAGE ( .BOTH. , #8724 ) ;
#3271 = CARTESIAN_POINT ( 'NONE',  ( -2.598076211353310700, 0.0000000000000000000, -1.499999999999996700 ) ) ;
#3272 = SURFACE_STYLE_USAGE ( .BOTH. , #6441 ) ;
#3273 = DIRECTION ( 'NONE',  ( -0.5000000000000000000, 0.5000000000000018900, 0.7071067811865463500 ) ) ;
#3274 = ORIENTED_EDGE ( 'NONE', *, *, #2696, .F. ) ;
#3275 = FILL_AREA_STYLE_COLOUR ( '', #8158 ) ;
#3276 =( LENGTH_UNIT ( ) NAMED_UNIT ( * ) SI_UNIT ( .MILLI., .METRE. ) );
#3277 =( GEOMETRIC_REPRESENTATION_CONTEXT ( 3 ) GLOBAL_UNCERTAINTY_ASSIGNED_CONTEXT ( ( #74 ) ) GLOBAL_UNIT_ASSIGNED_CONTEXT ( ( #1040, #7317, #1840 ) ) REPRESENTATION_CONTEXT ( 'NONE', 'WORKASPACE' ) );
#3278 = AXIS2_PLACEMENT_3D ( 'NONE', #313, #5800, #3301 ) ;
#3279 = CARTESIAN_POINT ( 'NONE',  ( -38.70000000000019500, -7.999999999999992900, 19.99999999999999600 ) ) ;
#3280 = VERTEX_POINT ( 'NONE', #8499 ) ;
#3281 = AXIS2_PLACEMENT_3D ( 'NONE', #2262, #5473, #874 ) ;
#3282 = DIRECTION ( 'NONE',  ( -1.000000000000000000, 0.0000000000000000000, 0.0000000000000000000 ) ) ;
#3283 = PRESENTATION_STYLE_ASSIGNMENT (( #4751 ) ) ;
#3284 = CARTESIAN_POINT ( 'NONE',  ( -30.00000000000008200, 90.00000000000001400, 12.99999999999999800 ) ) ;
#3285 = VECTOR ( 'NONE', #2543, 1000.000000000000000 ) ;
#3286 = SURFACE_STYLE_USAGE ( .BOTH. , #9602 ) ;
#3287 = CARTESIAN_POINT ( 'NONE',  ( -19.99999999999998900, -169.9999999999999700, -5.000000000000004400 ) ) ;
#3288 = DIRECTION ( 'NONE',  ( -0.7071067811865553400, -1.795075219531774800E-016, -0.7071067811865396900 ) ) ;
#3289 = EDGE_LOOP ( 'NONE', ( #928, #215, #3859, #4792 ) ) ;
#3290 = VECTOR ( 'NONE', #6515, 1000.000000000000000 ) ;
#3291 = AXIS2_PLACEMENT_3D ( 'NONE', #5117, #5902, #7574 ) ;
#3292 = PRESENTATION_STYLE_ASSIGNMENT (( #1915 ) ) ;
#3293 = EDGE_CURVE ( 'NONE', #4192, #6098, #696, .T. ) ;
#3294 = VERTEX_POINT ( 'NONE', #8632 ) ;
#3295 = ORIENTED_EDGE ( 'NONE', *, *, #8503, .F. ) ;
#3296 = DIRECTION ( 'NONE',  ( 2.336447111136583800E-017, 0.7071067811865514600, 0.7071067811865435800 ) ) ;
#3297 =( NAMED_UNIT ( * ) PLANE_ANGLE_UNIT ( ) SI_UNIT ( $, .RADIAN. ) );
#3298 = CARTESIAN_POINT ( 'NONE',  ( -55.00000000000005700, 23.00000000000001100, -12.92893218813449300 ) ) ;
#3299 = CIRCLE ( 'NONE', #7502, 17.99999999999999600 ) ;
#3300 = EDGE_LOOP ( 'NONE', ( #8335, #91, #3892, #7187 ) ) ;
#3301 = DIRECTION ( 'NONE',  ( -0.9818207871599011800, 0.0000000000000000000, -0.1898102787014242000 ) ) ;
#3302 = DIRECTION ( 'NONE',  ( 1.000000000000000000, 0.0000000000000000000, 0.0000000000000000000 ) ) ;
#3303 = EDGE_LOOP ( 'NONE', ( #583, #7417, #3105, #9267 ) ) ;
#3304 = STYLED_ITEM ( 'NONE', ( #3076 ), #4309 ) ;
#3305 = EDGE_CURVE ( 'NONE', #9117, #8434, #4845, .T. ) ;
#3306 = PRESENTATION_LAYER_ASSIGNMENT (  '', '', ( #2370 ) ) ;
#3307 = UNCERTAINTY_MEASURE_WITH_UNIT (LENGTH_MEASURE( 1.000000000000000100E-005 ), #5337, 'distance_accuracy_value', 'NONE');
#3308 = CARTESIAN_POINT ( 'NONE',  ( -41.94999999999998900, -49.99999999999998600, 21.20000000000002100 ) ) ;
#3309 = FACE_OUTER_BOUND ( 'NONE', #1550, .T. ) ;
#3310 = ORIENTED_EDGE ( 'NONE', *, *, #9962, .F. ) ;
#3311 =( NAMED_UNIT ( * ) SI_UNIT ( $, .STERADIAN. ) SOLID_ANGLE_UNIT ( ) );
#3312 = CARTESIAN_POINT ( 'NONE',  ( -44.94999999999999600, -67.99999999999998600, 23.00000000000000000 ) ) ;
#3313 = CARTESIAN_POINT ( 'NONE',  ( -10.70000000000012900, -37.99999999999997900, 18.99999999999999600 ) ) ;
#3314 = SURFACE_STYLE_FILL_AREA ( #7279 ) ;
#3315 = EDGE_CURVE ( 'NONE', #8834, #4022, #2746, .T. ) ;
#3316 = PRESENTATION_LAYER_ASSIGNMENT (  '', '', ( #9125 ) ) ;
#3317 = CARTESIAN_POINT ( 'NONE',  ( -10.70000000000006700, -55.99999999999997900, 18.99999999999999600 ) ) ;
#3318 = SURFACE_SIDE_STYLE ('',( #5549 ) ) ;
#3319 = VECTOR ( 'NONE', #5796, 1000.000000000000000 ) ;
#3320 = DIRECTION ( 'NONE',  ( 0.0000000000000000000, 1.000000000000000000, -0.0000000000000000000 ) ) ;
#3321 = DIRECTION ( 'NONE',  ( 0.0000000000000000000, 0.0000000000000000000, 1.000000000000000000 ) ) ;
#3322 = EDGE_CURVE ( 'NONE', #9598, #5225, #9392, .T. ) ;
#3323 = ORIENTED_EDGE ( 'NONE', *, *, #6179, .T. ) ;
#3324 = COLOUR_RGB ( '',1.000000000000000000, 1.000000000000000000, 1.000000000000000000 ) ;
#3325 = EDGE_LOOP ( 'NONE', ( #9052, #3571, #4588, #8661 ) ) ;
#3326 = DIRECTION ( 'NONE',  ( -0.7071067811865553400, -1.635512977795617300E-016, -0.7071067811865396900 ) ) ;
#3327 = DIRECTION ( 'NONE',  ( 0.7071067811865507900, 0.0000000000000000000, 0.7071067811865441300 ) ) ;
#3328 = FILL_AREA_STYLE ('',( #5606 ) ) ;
#3329 = MECHANICAL_DESIGN_GEOMETRIC_PRESENTATION_REPRESENTATION (  '', ( #6652 ), #4402 ) ;
#3331 = EDGE_LOOP ( 'NONE', ( #997, #5765, #6825, #4581, #6389 ) ) ;
#3330 =( GEOMETRIC_REPRESENTATION_CONTEXT ( 3 ) GLOBAL_UNCERTAINTY_ASSIGNED_CONTEXT ( ( #892 ) ) GLOBAL_UNIT_ASSIGNED_CONTEXT ( ( #5758, #7257, #1056 ) ) REPRESENTATION_CONTEXT ( 'NONE', 'WORKASPACE' ) );
#3332 = APPLICATION_CONTEXT ( 'automotive_design' ) ;
#3333 =( NAMED_UNIT ( * ) PLANE_ANGLE_UNIT ( ) SI_UNIT ( $, .RADIAN. ) );
#3334 = VECTOR ( 'NONE', #5963, 1000.000000000000000 ) ;
#3335 = DIRECTION ( 'NONE',  ( 0.0000000000000000000, 1.000000000000000000, -0.0000000000000000000 ) ) ;
#3336 = SURFACE_STYLE_FILL_AREA ( #7732 ) ;
#3337 = ORIENTED_EDGE ( 'NONE', *, *, #7145, .T. ) ;
#3338 = CARTESIAN_POINT ( 'NONE',  ( -13.87042614893940500, 16.00000000000000000, -11.47219588600272800 ) ) ;
#3339 = COLOUR_RGB ( '',0.6392156862745097500, 0.6117647058823529900, 0.5999999999999999800 ) ;
#3340 = SURFACE_STYLE_USAGE ( .BOTH. , #3417 ) ;
#3341 = VERTEX_POINT ( 'NONE', #5543 ) ;
#3343 = PRESENTATION_STYLE_ASSIGNMENT (( #4952 ) ) ;
#3342 =( NAMED_UNIT ( * ) PLANE_ANGLE_UNIT ( ) SI_UNIT ( $, .RADIAN. ) );
#3344 = VECTOR ( 'NONE', #2707, 1000.000000000000000 ) ;
#3345 = EDGE_CURVE ( 'NONE', #3009, #2145, #6701, .T. ) ;
#3346 = CARTESIAN_POINT ( 'NONE',  ( 1.499999999999994000, 16.00000000000000000, -2.598076211353305800 ) ) ;
#3347 =( LENGTH_UNIT ( ) NAMED_UNIT ( * ) SI_UNIT ( .MILLI., .METRE. ) );
#3348 = STYLED_ITEM ( 'NONE', ( #6476 ), #2790 ) ;
#3349 = ORIENTED_EDGE ( 'NONE', *, *, #7757, .F. ) ;
#3350 = CARTESIAN_POINT ( 'NONE',  ( 135.0000000000000300, -79.92893218813449600, -35.00000000000000000 ) ) ;
#3351 = EDGE_CURVE ( 'NONE', #7737, #9730, #3360, .T. ) ;
#3352 = DIRECTION ( 'NONE',  ( 0.0000000000000000000, 0.0000000000000000000, 1.000000000000000000 ) ) ;
#3353 =( NAMED_UNIT ( * ) PLANE_ANGLE_UNIT ( ) SI_UNIT ( $, .RADIAN. ) );
#3354 = ORIENTED_EDGE ( 'NONE', *, *, #6473, .T. ) ;
#3355 = ADVANCED_FACE ( 'NONE', ( #5367 ), #3894, .T. ) ;
#3356 = CARTESIAN_POINT ( 'NONE',  ( -41.94999999999998900, -13.99999999999999800, 21.20000000000002100 ) ) ;
#3357 = ORIENTED_EDGE ( 'NONE', *, *, #7130, .F. ) ;
#3358 = CARTESIAN_POINT ( 'NONE',  ( 0.0000000000000000000, 0.0000000000000000000, 0.0000000000000000000 ) ) ;
#3359 = FACE_OUTER_BOUND ( 'NONE', #9580, .T. ) ;
#3360 = LINE ( 'NONE', #876, #8530 ) ;
#3361 = PRESENTATION_LAYER_ASSIGNMENT (  '', '', ( #768 ) ) ;
#3362 = EDGE_LOOP ( 'NONE', ( #5691, #7310, #1079, #2849 ) ) ;
#3364 = DIRECTION ( 'NONE',  ( -0.6785983445458503300, -0.6785983445458427800, 0.2810846377148223400 ) ) ;
#3363 = UNCERTAINTY_MEASURE_WITH_UNIT (LENGTH_MEASURE( 1.000000000000000100E-005 ), #4881, 'distance_accuracy_value', 'NONE');
#3365 = FACE_OUTER_BOUND ( 'NONE', #1522, .T. ) ;
#3366 = EDGE_CURVE ( 'NONE', #2471, #4826, #4990, .T. ) ;
#3367 =( GEOMETRIC_REPRESENTATION_CONTEXT ( 3 ) GLOBAL_UNCERTAINTY_ASSIGNED_CONTEXT ( ( #5167 ) ) GLOBAL_UNIT_ASSIGNED_CONTEXT ( ( #1518, #10100, #2303 ) ) REPRESENTATION_CONTEXT ( 'NONE', 'WORKASPACE' ) );
#3368 = LINE ( 'NONE', #559, #2363 ) ;
#3369 =( NAMED_UNIT ( * ) PLANE_ANGLE_UNIT ( ) SI_UNIT ( $, .RADIAN. ) );
#3370 = FILL_AREA_STYLE ('',( #379 ) ) ;
#3371 = VERTEX_POINT ( 'NONE', #6254 ) ;
#3372 = EDGE_CURVE ( 'NONE', #590, #9812, #2867, .T. ) ;
#3373 =( NAMED_UNIT ( * ) PLANE_ANGLE_UNIT ( ) SI_UNIT ( $, .RADIAN. ) );
#3374 = APPLICATION_PROTOCOL_DEFINITION ( 'draft international standard', 'automotive_design', 1998, #8863 ) ;
#3375 = CARTESIAN_POINT ( 'NONE',  ( -41.95000000000006000, -49.99999999999998600, 20.00000000000000000 ) ) ;
#3376 = VECTOR ( 'NONE', #9899, 1000.000000000000000 ) ;
#3377 = VERTEX_POINT ( 'NONE', #3854 ) ;
#3378 = ORIENTED_EDGE ( 'NONE', *, *, #8301, .F. ) ;
#3379 = EDGE_LOOP ( 'NONE', ( #7821, #3856, #9155, #3705 ) ) ;
#3380 =( NAMED_UNIT ( * ) SI_UNIT ( $, .STERADIAN. ) SOLID_ANGLE_UNIT ( ) );
#3381 = MECHANICAL_DESIGN_GEOMETRIC_PRESENTATION_REPRESENTATION (  '', ( #2848 ), #3057 ) ;
#3382 = ORIENTED_EDGE ( 'NONE', *, *, #8138, .T. ) ;
#3383 = FILL_AREA_STYLE ('',( #4197 ) ) ;
#3384 = EDGE_CURVE ( 'NONE', #6448, #4885, #1297, .T. ) ;
#3386 = VERTEX_POINT ( 'NONE', #7862 ) ;
#3385 =( GEOMETRIC_REPRESENTATION_CONTEXT ( 3 ) GLOBAL_UNCERTAINTY_ASSIGNED_CONTEXT ( ( #8479 ) ) GLOBAL_UNIT_ASSIGNED_CONTEXT ( ( #4629, #9430, #8506 ) ) REPRESENTATION_CONTEXT ( 'NONE', 'WORKASPACE' ) );
#3387 = CARTESIAN_POINT ( 'NONE',  ( -60.00000000000005000, 119.9999999999999700, -30.00000000000000000 ) ) ;
#3388 = SURFACE_SIDE_STYLE ('',( #6724 ) ) ;
#3389 = FILL_AREA_STYLE_COLOUR ( '', #6519 ) ;
#3390 = LINE ( 'NONE', #3592, #1325 ) ;
#3391 = ORIENTED_EDGE ( 'NONE', *, *, #7813, .F. ) ;
#3392 = CARTESIAN_POINT ( 'NONE',  ( 118.0000000000000600, 68.00000000000004300, 15.99999999999999600 ) ) ;
#3394 = EDGE_LOOP ( 'NONE', ( #6482, #917, #9186, #7920 ) ) ;
#3393 = DIRECTION ( 'NONE',  ( 1.000000000000000000, 0.0000000000000000000, -0.0000000000000000000 ) ) ;
#3395 = VERTEX_POINT ( 'NONE', #7828 ) ;
#3396 = CARTESIAN_POINT ( 'NONE',  ( -18.96446609406691400, 114.9999999999999700, 18.96446609406730500 ) ) ;
#3397 = VECTOR ( 'NONE', #4473, 1000.000000000000000 ) ;
#3398 = DIRECTION ( 'NONE',  ( -0.6785983445458510000, -0.6785983445458435600, -0.2810846377148189500 ) ) ;
#3399 = ORIENTED_EDGE ( 'NONE', *, *, #3690, .F. ) ;
#3400 =( GEOMETRIC_REPRESENTATION_CONTEXT ( 3 ) GLOBAL_UNCERTAINTY_ASSIGNED_CONTEXT ( ( #951 ) ) GLOBAL_UNIT_ASSIGNED_CONTEXT ( ( #1978, #6771, #5139 ) ) REPRESENTATION_CONTEXT ( 'NONE', 'WORKASPACE' ) );
#3401 =( GEOMETRIC_REPRESENTATION_CONTEXT ( 3 ) GLOBAL_UNCERTAINTY_ASSIGNED_CONTEXT ( ( #2347 ) ) GLOBAL_UNIT_ASSIGNED_CONTEXT ( ( #6021, #4474, #8432 ) ) REPRESENTATION_CONTEXT ( 'NONE', 'WORKASPACE' ) );
#3402 = VECTOR ( 'NONE', #10044, 1000.000000000000000 ) ;
#3403 =( LENGTH_UNIT ( ) NAMED_UNIT ( * ) SI_UNIT ( .MILLI., .METRE. ) );
#3404 = FILL_AREA_STYLE ('',( #935 ) ) ;
#3405 = FACE_OUTER_BOUND ( 'NONE', #210, .T. ) ;
#3406 = APPLICATION_PROTOCOL_DEFINITION ( 'draft international standard', 'automotive_design', 1998, #8055 ) ;
#3407 = CARTESIAN_POINT ( 'NONE',  ( -17.74823934929884600, 16.00000000000000000, 3.000000000000003600 ) ) ;
#3408 = VECTOR ( 'NONE', #6955, 1000.000000000000000 ) ;
#3409 = ADVANCED_FACE ( 'NONE', ( #6095 ), #1604, .T. ) ;
#3410 = CARTESIAN_POINT ( 'NONE',  ( 5.514414158440660100, 16.00000000000000000, -15.55124549639639800 ) ) ;
#3411 = PRESENTATION_STYLE_ASSIGNMENT (( #9148 ) ) ;
#3412 =( GEOMETRIC_REPRESENTATION_CONTEXT ( 3 ) GLOBAL_UNCERTAINTY_ASSIGNED_CONTEXT ( ( #1374 ) ) GLOBAL_UNIT_ASSIGNED_CONTEXT ( ( #159, #8031, #3208 ) ) REPRESENTATION_CONTEXT ( 'NONE', 'WORKASPACE' ) );
#3413 = FILL_AREA_STYLE ('',( #4160 ) ) ;
#3414 = VECTOR ( 'NONE', #8810, 999.9999999999998900 ) ;
#3415 = STYLED_ITEM ( 'NONE', ( #7598 ), #5377 ) ;
#3416 = FILL_AREA_STYLE_COLOUR ( '', #953 ) ;
#3417 = SURFACE_SIDE_STYLE ('',( #5158 ) ) ;
#3418 = CARTESIAN_POINT ( 'NONE',  ( -5.123298599248370700E-015, 20.00000000000000000, -14.00000000000000000 ) ) ;
#3419 = FILL_AREA_STYLE_COLOUR ( '', #10117 ) ;
#3420 = SURFACE_SIDE_STYLE ('',( #993 ) ) ;
#3421 = CIRCLE ( 'NONE', #7297, 3.000000000000002700 ) ;
#3422 = CARTESIAN_POINT ( 'NONE',  ( 129.5147186257614200, -83.99999999999994300, 29.70731707317073100 ) ) ;
#3423 = FILL_AREA_STYLE ('',( #2625 ) ) ;
#3424 = SPHERICAL_SURFACE ( 'NONE', #9349, 6.000000000000001800 ) ;
#3425 = ORIENTED_EDGE ( 'NONE', *, *, #6182, .T. ) ;
#3426 = DIRECTION ( 'NONE',  ( 0.5000000000000004400, 0.0000000000000000000, -0.8660254037844383700 ) ) ;
#3427 = DIRECTION ( 'NONE',  ( -0.0000000000000000000, -1.000000000000000000, -0.0000000000000000000 ) ) ;
#3428 = UNCERTAINTY_MEASURE_WITH_UNIT (LENGTH_MEASURE( 1.000000000000000100E-005 ), #4225, 'distance_accuracy_value', 'NONE');
#3429 =( LENGTH_UNIT ( ) NAMED_UNIT ( * ) SI_UNIT ( .MILLI., .METRE. ) );
#3430 = ORIENTED_EDGE ( 'NONE', *, *, #4923, .T. ) ;
#3431 = EDGE_CURVE ( 'NONE', #145, #1042, #7674, .T. ) ;
#3432 = EDGE_CURVE ( 'NONE', #6788, #9138, #1876, .T. ) ;
#3433 = ORIENTED_EDGE ( 'NONE', *, *, #4684, .F. ) ;
#3434 = PRESENTATION_STYLE_ASSIGNMENT (( #9201 ) ) ;
#3435 = DIRECTION ( 'NONE',  ( -0.0000000000000000000, 1.000000000000000000, -0.0000000000000000000 ) ) ;
#3436 = SURFACE_STYLE_USAGE ( .BOTH. , #3509 ) ;
#3437 = UNCERTAINTY_MEASURE_WITH_UNIT (LENGTH_MEASURE( 1.000000000000000100E-005 ), #971, 'distance_accuracy_value', 'NONE');
#3438 = DIRECTION ( 'NONE',  ( -3.304235192336776600E-017, -1.000000000000000000, 0.0000000000000000000 ) ) ;
#3439 = FACE_BOUND ( 'NONE', #9660, .T. ) ;
#3440 = PRESENTATION_STYLE_ASSIGNMENT (( #8311 ) ) ;
#3441 = PRESENTATION_LAYER_ASSIGNMENT (  '', '', ( #855 ) ) ;
#3442 = VECTOR ( 'NONE', #6920, 1000.000000000000000 ) ;
#3443 = COLOUR_RGB ( '',1.000000000000000000, 1.000000000000000000, 1.000000000000000000 ) ;
#3444 = EDGE_CURVE ( 'NONE', #8050, #506, #5223, .T. ) ;
#3445 =( GEOMETRIC_REPRESENTATION_CONTEXT ( 3 ) GLOBAL_UNCERTAINTY_ASSIGNED_CONTEXT ( ( #6665 ) ) GLOBAL_UNIT_ASSIGNED_CONTEXT ( ( #4803, #9508, #7090 ) ) REPRESENTATION_CONTEXT ( 'NONE', 'WORKASPACE' ) );
#3446 = CARTESIAN_POINT ( 'NONE',  ( 405.0000000000001700, -6.999999999999994700, 30.07317073170731400 ) ) ;
#3447 = DIRECTION ( 'NONE',  ( -0.0000000000000000000, -1.000000000000000000, -0.0000000000000000000 ) ) ;
#3448 = DIRECTION ( 'NONE',  ( 0.7071067811865486800, 0.7071067811865464600, -0.0000000000000000000 ) ) ;
#3449 = VECTOR ( 'NONE', #5190, 1000.000000000000000 ) ;
#3450 =( NAMED_UNIT ( * ) SI_UNIT ( $, .STERADIAN. ) SOLID_ANGLE_UNIT ( ) );
#3451 = PLANE ( 'NONE',  #8650 ) ;
#3452 = SURFACE_STYLE_USAGE ( .BOTH. , #2366 ) ;
#3453 = EDGE_LOOP ( 'NONE', ( #4949, #206, #2657, #9428 ) ) ;
#3454 = CARTESIAN_POINT ( 'NONE',  ( -45.70000000000000300, -67.99999999999998600, 22.00000000000000000 ) ) ;
#3455 = FILL_AREA_STYLE ('',( #5032 ) ) ;
#3456 = CARTESIAN_POINT ( 'NONE',  ( 3.449228994783101500E-015, 10.00000000000000000, 14.00000000000000000 ) ) ;
#3457 = ORIENTED_EDGE ( 'NONE', *, *, #5957, .T. ) ;
#3458 = AXIS2_PLACEMENT_3D ( 'NONE', #7640, #1432, #2111 ) ;
#3459 = CARTESIAN_POINT ( 'NONE',  ( 405.0000000000001700, -86.99999999999997200, 39.92682926829268600 ) ) ;
#3460 = LINE ( 'NONE', #3410, #6176 ) ;
#3461 = ADVANCED_FACE ( 'NONE', ( #5835 ), #2422, .F. ) ;
#3462 = DIRECTION ( 'NONE',  ( 0.0000000000000000000, 0.0000000000000000000, 1.000000000000000000 ) ) ;
#3463 = ORIENTED_EDGE ( 'NONE', *, *, #9095, .T. ) ;
#3464 = EDGE_CURVE ( 'NONE', #645, #8634, #8644, .T. ) ;
#3465 = FILL_AREA_STYLE_COLOUR ( '', #8209 ) ;
#3466 = DIRECTION ( 'NONE',  ( -0.0000000000000000000, -1.000000000000000000, -0.0000000000000000000 ) ) ;
#3467 = VECTOR ( 'NONE', #142, 1000.000000000000000 ) ;
#3468 = ORIENTED_EDGE ( 'NONE', *, *, #1375, .F. ) ;
#3469 = VECTOR ( 'NONE', #8230, 1000.000000000000000 ) ;
#3470 = SURFACE_STYLE_USAGE ( .BOTH. , #4221 ) ;
#3471 = ORIENTED_EDGE ( 'NONE', *, *, #8328, .T. ) ;
#3472 = DIRECTION ( 'NONE',  ( -0.0000000000000000000, -1.000000000000000000, -0.0000000000000000000 ) ) ;
#3473 = AXIS2_PLACEMENT_3D ( 'NONE', #6622, #1136, #410 ) ;
#3474 = ORIENTED_EDGE ( 'NONE', *, *, #1215, .T. ) ;
#3475 = EDGE_LOOP ( 'NONE', ( #4785, #5670, #9321, #8914 ) ) ;
#3476 = VECTOR ( 'NONE', #4916, 1000.000000000000200 ) ;
#3477 = FACE_OUTER_BOUND ( 'NONE', #741, .T. ) ;
#3478 = ORIENTED_EDGE ( 'NONE', *, *, #339, .F. ) ;
#3479 =( NAMED_UNIT ( * ) SI_UNIT ( $, .STERADIAN. ) SOLID_ANGLE_UNIT ( ) );
#3480 = ORIENTED_EDGE ( 'NONE', *, *, #1864, .T. ) ;
#3481 = SURFACE_SIDE_STYLE ('',( #2578 ) ) ;
#3482 = DIRECTION ( 'NONE',  ( 0.0000000000000000000, 0.0000000000000000000, -1.000000000000000000 ) ) ;
#3483 = PRODUCT ( 'select switch', 'select switch', '', ( #9659 ) ) ;
#3484 = VERTEX_POINT ( 'NONE', #5607 ) ;
#3485 = SURFACE_STYLE_USAGE ( .BOTH. , #3388 ) ;
#3486 = ORIENTED_EDGE ( 'NONE', *, *, #2593, .T. ) ;
#3487 = PRESENTATION_LAYER_ASSIGNMENT (  '', '', ( #6272 ) ) ;
#3488 = LINE ( 'NONE', #4472, #3849 ) ;
#3489 = EDGE_LOOP ( 'NONE', ( #9009, #7900, #9283, #1129 ) ) ;
#3490 = DIRECTION ( 'NONE',  ( 1.000000000000000000, 0.0000000000000000000, 0.0000000000000000000 ) ) ;
#3491 =( GEOMETRIC_REPRESENTATION_CONTEXT ( 3 ) GLOBAL_UNCERTAINTY_ASSIGNED_CONTEXT ( ( #7549 ) ) GLOBAL_UNIT_ASSIGNED_CONTEXT ( ( #7303, #3369, #998 ) ) REPRESENTATION_CONTEXT ( 'NONE', 'WORKASPACE' ) );
#3492 = EDGE_CURVE ( 'NONE', #1901, #3258, #6082, .T. ) ;
#3493 =( LENGTH_UNIT ( ) NAMED_UNIT ( * ) SI_UNIT ( .MILLI., .METRE. ) );
#3494 = PRESENTATION_STYLE_ASSIGNMENT (( #7795 ) ) ;
#3495 = SURFACE_STYLE_USAGE ( .BOTH. , #1154 ) ;
#3496 = ORIENTED_EDGE ( 'NONE', *, *, #4287, .T. ) ;
#3497 = UNCERTAINTY_MEASURE_WITH_UNIT (LENGTH_MEASURE( 1.000000000000000100E-005 ), #3018, 'distance_accuracy_value', 'NONE');
#3498 = VECTOR ( 'NONE', #5587, 1000.000000000000000 ) ;
#3499 = ORIENTED_EDGE ( 'NONE', *, *, #7130, .T. ) ;
#3500 = CARTESIAN_POINT ( 'NONE',  ( -10.70000000000012900, -37.99999999999997900, 19.99999999999999600 ) ) ;
#3501 = ORIENTED_EDGE ( 'NONE', *, *, #8390, .T. ) ;
#3502 = CARTESIAN_POINT ( 'NONE',  ( -6.000000000000006200, 20.00000000000000000, -13.99999999999999800 ) ) ;
#3503 = PRESENTATION_STYLE_ASSIGNMENT (( #4681 ) ) ;
#3504 = VECTOR ( 'NONE', #2617, 1000.000000000000000 ) ;
#3505 = FILL_AREA_STYLE_COLOUR ( '', #6810 ) ;
#3506 = EDGE_CURVE ( 'NONE', #3067, #2186, #4977, .T. ) ;
#3507 = STYLED_ITEM ( 'NONE', ( #3869 ), #7291 ) ;
#3508 = PLANE ( 'NONE',  #3097 ) ;
#3509 = SURFACE_SIDE_STYLE ('',( #9833 ) ) ;
#3510 = DIRECTION ( 'NONE',  ( 0.0000000000000000000, 0.0000000000000000000, 1.000000000000000000 ) ) ;
#3511 = LINE ( 'NONE', #2171, #1201 ) ;
#3512 = EDGE_LOOP ( 'NONE', ( #8066, #6304, #7773, #4450 ) ) ;
#3513 = ORIENTED_EDGE ( 'NONE', *, *, #6760, .F. ) ;
#3514 = ADVANCED_FACE ( 'NONE', ( #2005 ), #2532, .T. ) ;
#3515 =( LENGTH_UNIT ( ) NAMED_UNIT ( * ) SI_UNIT ( .MILLI., .METRE. ) );
#3516 = COLOUR_RGB ( '',1.000000000000000000, 1.000000000000000000, 1.000000000000000000 ) ;
#3517 = ORIENTED_EDGE ( 'NONE', *, *, #305, .T. ) ;
#3518 = EDGE_LOOP ( 'NONE', ( #223, #6968, #5138, #9634, #4320, #5505, #1133, #9883 ) ) ;
#3519 = CARTESIAN_POINT ( 'NONE',  ( -50.00000000000008500, 32.99999999999997900, 18.00000000000000000 ) ) ;
#3520 = CARTESIAN_POINT ( 'NONE',  ( -5.123298599248370700E-015, 10.00000000000000000, -14.00000000000000000 ) ) ;
#3521 = PRESENTATION_LAYER_ASSIGNMENT (  '', '', ( #9124 ) ) ;
#3522 = MECHANICAL_DESIGN_GEOMETRIC_PRESENTATION_REPRESENTATION (  '', ( #9640 ), #4573 ) ;
#3523 = SURFACE_SIDE_STYLE ('',( #5858 ) ) ;
#3524 = VECTOR ( 'NONE', #8968, 1000.000000000000000 ) ;
#3525 = EDGE_CURVE ( 'NONE', #7098, #6717, #4717, .T. ) ;
#3526 = ORIENTED_EDGE ( 'NONE', *, *, #8446, .F. ) ;
#3527 = SURFACE_STYLE_USAGE ( .BOTH. , #9875 ) ;
#3528 = FILL_AREA_STYLE_COLOUR ( '', #8276 ) ;
#3529 = DIRECTION ( 'NONE',  ( 0.0000000000000000000, 0.0000000000000000000, 1.000000000000000000 ) ) ;
#3530 = FACE_OUTER_BOUND ( 'NONE', #5552, .T. ) ;
#3531 = VECTOR ( 'NONE', #7389, 1000.000000000000000 ) ;
#3532 = CARTESIAN_POINT ( 'NONE',  ( -45.70000000000000300, -13.99999999999999800, 22.00000000000000000 ) ) ;
#3533 = PRESENTATION_LAYER_ASSIGNMENT (  '', '', ( #802 ) ) ;
#3534 = AXIS2_PLACEMENT_3D ( 'NONE', #3066, #10081, #3741 ) ;
#3535 = FILL_AREA_STYLE ('',( #4294 ) ) ;
#3536 = ADVANCED_FACE ( 'NONE', ( #5966 ), #6443, .T. ) ;
#3537 = CARTESIAN_POINT ( 'NONE',  ( -19.99999999999998900, -164.8038475772933700, -8.000000000000007100 ) ) ;
#3539 = ORIENTED_EDGE ( 'NONE', *, *, #9095, .F. ) ;
#3538 = SURFACE_STYLE_USAGE ( .BOTH. , #7415 ) ;
#3540 = DIRECTION ( 'NONE',  ( 0.0000000000000000000, 1.000000000000000000, -0.0000000000000000000 ) ) ;
#3541 =( NAMED_UNIT ( * ) SI_UNIT ( $, .STERADIAN. ) SOLID_ANGLE_UNIT ( ) );
#3542 = VECTOR ( 'NONE', #9642, 1000.000000000000000 ) ;
#3543 = CIRCLE ( 'NONE', #7993, 18.00000000000000000 ) ;
#3544 = ORIENTED_EDGE ( 'NONE', *, *, #1849, .F. ) ;
#3545 = ORIENTED_EDGE ( 'NONE', *, *, #7856, .T. ) ;
#3546 = EDGE_CURVE ( 'NONE', #5020, #613, #7914, .T. ) ;
#3547 = CARTESIAN_POINT ( 'NONE',  ( -51.17157287525386500, -87.99999999999997200, 18.00000000000000000 ) ) ;
#3548 = AXIS2_PLACEMENT_3D ( 'NONE', #7641, #2176, #6914 ) ;
#3549 = PLANE ( 'NONE',  #1332 ) ;
#3550 = VERTEX_POINT ( 'NONE', #6518 ) ;
#3551 = MECHANICAL_DESIGN_GEOMETRIC_PRESENTATION_REPRESENTATION (  '', ( #3162 ), #3677 ) ;
#3552 =( NAMED_UNIT ( * ) SI_UNIT ( $, .STERADIAN. ) SOLID_ANGLE_UNIT ( ) );
#3553 = DIRECTION ( 'NONE',  ( 0.0000000000000000000, 0.0000000000000000000, 1.000000000000000000 ) ) ;
#3554 = ORIENTED_EDGE ( 'NONE', *, *, #3444, .F. ) ;
#3555 = DIRECTION ( 'NONE',  ( 0.7061622225414275800, -0.7061622225414229100, 0.05167040652742119900 ) ) ;
#3556 = DIRECTION ( 'NONE',  ( 3.097720492815727200E-016, 0.0000000000000000000, 1.000000000000000000 ) ) ;
#3557 = UNCERTAINTY_MEASURE_WITH_UNIT (LENGTH_MEASURE( 1.000000000000000100E-005 ), #8875, 'distance_accuracy_value', 'NONE');
#3558 = DIRECTION ( 'NONE',  ( 1.000000000000000000, 0.0000000000000000000, 0.0000000000000000000 ) ) ;
#3559 = CARTESIAN_POINT ( 'NONE',  ( 128.0000000000000600, -77.99999999999997200, 16.00000000000000000 ) ) ;
#3560 = ORIENTED_EDGE ( 'NONE', *, *, #54, .T. ) ;
#3561 = FACE_OUTER_BOUND ( 'NONE', #8862, .T. ) ;
#3562 = ADVANCED_FACE ( 'NONE', ( #9619 ), #1527, .T. ) ;
#3563 = CARTESIAN_POINT ( 'NONE',  ( -50.70000000000000300, -49.99999999999998600, 19.99999999999999600 ) ) ;
#3564 = EDGE_CURVE ( 'NONE', #8154, #7315, #8283, .T. ) ;
#3565 =( GEOMETRIC_REPRESENTATION_CONTEXT ( 3 ) GLOBAL_UNCERTAINTY_ASSIGNED_CONTEXT ( ( #6791 ) ) GLOBAL_UNIT_ASSIGNED_CONTEXT ( ( #9279, #4566, #6962 ) ) REPRESENTATION_CONTEXT ( 'NONE', 'WORKASPACE' ) );
#3566 = CARTESIAN_POINT ( 'NONE',  ( -51.17157287525386500, -87.99999999999995700, 30.00000000000000000 ) ) ;
#3567 = CARTESIAN_POINT ( 'NONE',  ( 140.0000000000000000, 0.0000000000000000000, -24.99999999999999600 ) ) ;
#3568 = EDGE_CURVE ( 'NONE', #8177, #1667, #6692, .T. ) ;
#3569 = FACE_OUTER_BOUND ( 'NONE', #8683, .T. ) ;
#3570 = FILL_AREA_STYLE_COLOUR ( '', #7269 ) ;
#3571 = ORIENTED_EDGE ( 'NONE', *, *, #9895, .T. ) ;
#3572 = COLOUR_RGB ( '',1.000000000000000000, 1.000000000000000000, 1.000000000000000000 ) ;
#3573 = PRESENTATION_STYLE_ASSIGNMENT (( #3436 ) ) ;
#3574 = CARTESIAN_POINT ( 'NONE',  ( 6.276043463296106900, 16.00000000000000000, -16.87042614893940100 ) ) ;
#3575 = ORIENTED_EDGE ( 'NONE', *, *, #5701, .F. ) ;
#3576 = CONICAL_SURFACE ( 'NONE', #1625, 3.750000000000010200, 0.7853981633974529400 ) ;
#3577 = TOROIDAL_SURFACE ( 'NONE', #4270, 0.7500000000000072200, 3.000000000000000000 ) ;
#3578 = EDGE_CURVE ( 'NONE', #8533, #2232, #9611, .T. ) ;
#3579 = MECHANICAL_DESIGN_GEOMETRIC_PRESENTATION_REPRESENTATION (  '', ( #8139 ), #6563 ) ;
#3580 = ORIENTED_EDGE ( 'NONE', *, *, #9999, .T. ) ;
#3581 = DIRECTION ( 'NONE',  ( -0.0000000000000000000, -1.000000000000000000, -0.0000000000000000000 ) ) ;
#3582 = DIRECTION ( 'NONE',  ( 1.000000000000000000, 3.965082230804130200E-016, 0.0000000000000000000 ) ) ;
#3583 = VERTEX_POINT ( 'NONE', #7381 ) ;
#3584 = DIRECTION ( 'NONE',  ( 0.4999999999999999400, 0.0000000000000000000, -0.8660254037844387100 ) ) ;
#3586 = CIRCLE ( 'NONE', #4701, 3.750000000000010200 ) ;
#3585 = CARTESIAN_POINT ( 'NONE',  ( -2.598076211353307100, 16.00000000000000000, 1.499999999999998700 ) ) ;
#3587 = CIRCLE ( 'NONE', #100, 4.999999999999997300 ) ;
#3588 = VERTEX_POINT ( 'NONE', #4190 ) ;
#3589 = DIRECTION ( 'NONE',  ( 0.0000000000000000000, 0.0000000000000000000, 1.000000000000000000 ) ) ;
#3590 = CARTESIAN_POINT ( 'NONE',  ( 1.500000000000006900, 0.0000000000000000000, -2.598076211353325300 ) ) ;
#3591 = STYLED_ITEM ( 'NONE', ( #6278 ), #9284 ) ;
#3592 = CARTESIAN_POINT ( 'NONE',  ( 12.55124549639640100, 16.00000000000000000, 10.71056658114728900 ) ) ;
#3593 = PLANE ( 'NONE',  #6188 ) ;
#3594 = ORIENTED_EDGE ( 'NONE', *, *, #2571, .T. ) ;
#3595 =( LENGTH_UNIT ( ) NAMED_UNIT ( * ) SI_UNIT ( .MILLI., .METRE. ) );
#3596 = VECTOR ( 'NONE', #4138, 1000.000000000000000 ) ;
#3597 = ORIENTED_EDGE ( 'NONE', *, *, #4082, .F. ) ;
#3598 = FILL_AREA_STYLE ('',( #3528 ) ) ;
#3599 = CARTESIAN_POINT ( 'NONE',  ( -40.70000000000001000, -67.99999999999998600, 22.00000000000000000 ) ) ;
#3600 = COLOUR_RGB ( '',0.9098039215686274400, 0.4431372549019607600, 0.03137254901960784300 ) ;
#3601 = SURFACE_SIDE_STYLE ('',( #8977 ) ) ;
#3602 = ORIENTED_EDGE ( 'NONE', *, *, #7797, .T. ) ;
#3603 = LINE ( 'NONE', #3817, #5372 ) ;
#3604 = CARTESIAN_POINT ( 'NONE',  ( 8.541180064162178500E-016, 0.0000000000000000000, 3.000000000000004000 ) ) ;
#3605 = VERTEX_POINT ( 'NONE', #3407 ) ;
#3606 = FILL_AREA_STYLE_COLOUR ( '', #499 ) ;
#3607 = AXIS2_PLACEMENT_3D ( 'NONE', #9496, #7966, #1114 ) ;
#3608 = PRESENTATION_LAYER_ASSIGNMENT (  '', '', ( #3415 ) ) ;
#3609 = ADVANCED_FACE ( 'NONE', ( #684 ), #4598, .F. ) ;
#3610 = CARTESIAN_POINT ( 'NONE',  ( -45.70000000000000300, -31.99999999999999300, 22.00000000000000000 ) ) ;
#3611 = ORIENTED_EDGE ( 'NONE', *, *, #8324, .T. ) ;
#3612 = LINE ( 'NONE', #8940, #9993 ) ;
#3613 = ORIENTED_EDGE ( 'NONE', *, *, #9895, .F. ) ;
#3614 = SURFACE_SIDE_STYLE ('',( #289 ) ) ;
#3615 = DIRECTION ( 'NONE',  ( 0.0000000000000000000, 0.0000000000000000000, 1.000000000000000000 ) ) ;
#3616 = SURFACE_SIDE_STYLE ('',( #8850 ) ) ;
#3617 = CARTESIAN_POINT ( 'NONE',  ( 106.7573593128806800, -106.7573593128806800, 38.00000000000000000 ) ) ;
#3618 = TOROIDAL_SURFACE ( 'NONE', #3130, 0.7500000000000132100, 3.000000000000000000 ) ;
#3619 = LINE ( 'NONE', #1974, #219 ) ;
#3620 =( GEOMETRIC_REPRESENTATION_CONTEXT ( 3 ) GLOBAL_UNCERTAINTY_ASSIGNED_CONTEXT ( ( #374 ) ) GLOBAL_UNIT_ASSIGNED_CONTEXT ( ( #392, #2547, #5883 ) ) REPRESENTATION_CONTEXT ( 'NONE', 'WORKASPACE' ) );
#3621 = UNCERTAINTY_MEASURE_WITH_UNIT (LENGTH_MEASURE( 1.000000000000000100E-005 ), #7237, 'distance_accuracy_value', 'NONE');
#3622 = FACE_OUTER_BOUND ( 'NONE', #5575, .T. ) ;
#3623 = EDGE_CURVE ( 'NONE', #7783, #2622, #5956, .T. ) ;
#3624 = FILL_AREA_STYLE ('',( #8175 ) ) ;
#3625 = ORIENTED_EDGE ( 'NONE', *, *, #7133, .F. ) ;
#3626 = EDGE_CURVE ( 'NONE', #5071, #2986, #1758, .T. ) ;
#3627 = CARTESIAN_POINT ( 'NONE',  ( -12.55124549639639000, 16.00000000000000000, 10.71056658114729700 ) ) ;
#3628 = EDGE_LOOP ( 'NONE', ( #926, #4830, #5125, #1183 ) ) ;
#3629 = FILL_AREA_STYLE_COLOUR ( '', #2025 ) ;
#3630 = CARTESIAN_POINT ( 'NONE',  ( 6.000000000000004400, 20.00000000000000000, 14.00000000000000000 ) ) ;
#3631 = ORIENTED_EDGE ( 'NONE', *, *, #4354, .F. ) ;
#3632 = VECTOR ( 'NONE', #163, 1000.000000000000000 ) ;
#3633 = FILL_AREA_STYLE_COLOUR ( '', #3443 ) ;
#3634 = LINE ( 'NONE', #9784, #851 ) ;
#3635 = CARTESIAN_POINT ( 'NONE',  ( -45.70000000000000300, -49.99999999999998600, 22.00000000000000000 ) ) ;
#3636 = ADVANCED_FACE ( 'NONE', ( #6804 ), #4069, .T. ) ;
#3637 = ORIENTED_EDGE ( 'NONE', *, *, #8380, .T. ) ;
#3638 = EDGE_LOOP ( 'NONE', ( #6596, #3117, #9100, #8709 ) ) ;
#3639 = EDGE_CURVE ( 'NONE', #5889, #8238, #9254, .T. ) ;
#3640 = DIRECTION ( 'NONE',  ( -0.0000000000000000000, -0.0000000000000000000, 1.000000000000000000 ) ) ;
#3641 = CARTESIAN_POINT ( 'NONE',  ( 134.0000000000000600, 0.0000000000000000000, 18.00000000000000000 ) ) ;
#3642 = SURFACE_STYLE_FILL_AREA ( #6103 ) ;
#3643 = LINE ( 'NONE', #9252, #3889 ) ;
#3644 = CARTESIAN_POINT ( 'NONE',  ( -46.08859392084771400, -58.08859392084765000, -2.762293069664433000 ) ) ;
#3645 = EDGE_LOOP ( 'NONE', ( #1961, #4463, #9969, #8751 ) ) ;
#3646 = COLOUR_RGB ( '',0.2823529411764705800, 0.6627450980392156600, 0.3254901960784313800 ) ;
#3647 = COLOUR_RGB ( '',0.9098039215686274400, 0.4431372549019607600, 0.03137254901960784300 ) ;
#3648 = CARTESIAN_POINT ( 'NONE',  ( -49.92893218813458800, -84.99999999999998600, -35.00000000000000000 ) ) ;
#3649 =( NAMED_UNIT ( * ) PLANE_ANGLE_UNIT ( ) SI_UNIT ( $, .RADIAN. ) );
#3650 = AXIS2_PLACEMENT_3D ( 'NONE', #5269, #2563, #9071 ) ;
#3651 = PRESENTATION_LAYER_ASSIGNMENT (  '', '', ( #9640 ) ) ;
#3652 = EDGE_CURVE ( 'NONE', #9524, #6382, #6195, .T. ) ;
#3653 = CARTESIAN_POINT ( 'NONE',  ( 140.0000000000000000, 111.9999999999999700, -24.99999999999999600 ) ) ;
#3654 = FACE_OUTER_BOUND ( 'NONE', #4505, .T. ) ;
#3655 = LINE ( 'NONE', #2658, #3285 ) ;
#3656 =( NAMED_UNIT ( * ) SI_UNIT ( $, .STERADIAN. ) SOLID_ANGLE_UNIT ( ) );
#3657 = SURFACE_SIDE_STYLE ('',( #3225 ) ) ;
#3658 = ADVANCED_FACE ( 'NONE', ( #9008 ), #1490, .F. ) ;
#3659 = DIRECTION ( 'NONE',  ( -3.304235192336776600E-017, -1.000000000000000000, 0.0000000000000000000 ) ) ;
#3660 = LINE ( 'NONE', #5507, #6763 ) ;
#3661 = SURFACE_STYLE_USAGE ( .BOTH. , #3094 ) ;
#3662 = MECHANICAL_DESIGN_GEOMETRIC_PRESENTATION_REPRESENTATION (  '', ( #681 ), #5615 ) ;
#3663 = PRODUCT_RELATED_PRODUCT_CATEGORY ( 'part', '', ( #7390 ) ) ;
#3664 = PRESENTATION_STYLE_ASSIGNMENT (( #4848 ) ) ;
#3665 =( NAMED_UNIT ( * ) PLANE_ANGLE_UNIT ( ) SI_UNIT ( $, .RADIAN. ) );
#3666 = ORIENTED_EDGE ( 'NONE', *, *, #9535, .T. ) ;
#3667 =( LENGTH_UNIT ( ) NAMED_UNIT ( * ) SI_UNIT ( .MILLI., .METRE. ) );
#3668 = DIRECTION ( 'NONE',  ( 0.0000000000000000000, 1.000000000000000000, -0.0000000000000000000 ) ) ;
#3669 = DIRECTION ( 'NONE',  ( -0.0000000000000000000, -1.000000000000000000, -0.0000000000000000000 ) ) ;
#3670 = LINE ( 'NONE', #6739, #8960 ) ;
#3671 = ORIENTED_EDGE ( 'NONE', *, *, #1577, .T. ) ;
#3672 = CIRCLE ( 'NONE', #8112, 0.7500000000000145400 ) ;
#3673 = FACE_OUTER_BOUND ( 'NONE', #4912, .T. ) ;
#3674 = DIRECTION ( 'NONE',  ( -1.239088197126290800E-016, -0.0000000000000000000, -1.000000000000000000 ) ) ;
#3675 = UNCERTAINTY_MEASURE_WITH_UNIT (LENGTH_MEASURE( 1.000000000000000100E-005 ), #798, 'distance_accuracy_value', 'NONE');
#3676 = AXIS2_PLACEMENT_3D ( 'NONE', #4205, #332, #3490 ) ;
#3677 =( GEOMETRIC_REPRESENTATION_CONTEXT ( 3 ) GLOBAL_UNCERTAINTY_ASSIGNED_CONTEXT ( ( #3865 ) ) GLOBAL_UNIT_ASSIGNED_CONTEXT ( ( #273, #2521, #6506 ) ) REPRESENTATION_CONTEXT ( 'NONE', 'WORKASPACE' ) );
#3678 = CARTESIAN_POINT ( 'NONE',  ( -38.70000000000000300, -74.00000000000000000, 18.99999999999999600 ) ) ;
#3679 = DIRECTION ( 'NONE',  ( 0.0000000000000000000, -0.0000000000000000000, -1.000000000000000000 ) ) ;
#3680 = LINE ( 'NONE', #8981, #2823 ) ;
#3681 = EDGE_CURVE ( 'NONE', #7175, #3152, #551, .T. ) ;
#3682 = FILL_AREA_STYLE ('',( #9217 ) ) ;
#3683 = DIRECTION ( 'NONE',  ( 0.0000000000000000000, -0.0000000000000000000, 1.000000000000000000 ) ) ;
#3684 = SURFACE_STYLE_FILL_AREA ( #10113 ) ;
#3685 = LINE ( 'NONE', #5964, #3804 ) ;
#3686 = VECTOR ( 'NONE', #494, 999.9999999999998900 ) ;
#3687 = DIRECTION ( 'NONE',  ( 0.0000000000000000000, 0.0000000000000000000, -1.000000000000000000 ) ) ;
#3688 = AXIS2_PLACEMENT_3D ( 'NONE', #1251, #5894, #6750 ) ;
#3689 = ORIENTED_EDGE ( 'NONE', *, *, #7060, .T. ) ;
#3690 = EDGE_CURVE ( 'NONE', #2186, #7459, #4706, .T. ) ;
#3691 = STYLED_ITEM ( 'NONE', ( #2144 ), #7454 ) ;
#3692 = DIRECTION ( 'NONE',  ( -0.0000000000000000000, -0.0000000000000000000, -1.000000000000000000 ) ) ;
#3693 = EDGE_CURVE ( 'NONE', #8516, #924, #1276, .T. ) ;
#3694 = SURFACE_SIDE_STYLE ('',( #3164 ) ) ;
#3695 = ORIENTED_EDGE ( 'NONE', *, *, #2414, .T. ) ;
#3696 = PLANE ( 'NONE',  #9153 ) ;
#3697 = LINE ( 'NONE', #1176, #5068 ) ;
#3698 = VERTEX_POINT ( 'NONE', #7639 ) ;
#3699 = PLANE ( 'NONE',  #5439 ) ;
#3700 = DIRECTION ( 'NONE',  ( 1.000000000000000000, 0.0000000000000000000, 0.0000000000000000000 ) ) ;
#3701 = DIRECTION ( 'NONE',  ( -0.0000000000000000000, -1.000000000000000000, -0.0000000000000000000 ) ) ;
#3702 = SURFACE_STYLE_FILL_AREA ( #5823 ) ;
#3703 = AXIS2_PLACEMENT_3D ( 'NONE', #6601, #6559, #4162 ) ;
#3704 = SURFACE_STYLE_FILL_AREA ( #9224 ) ;
#3705 = ORIENTED_EDGE ( 'NONE', *, *, #1543, .F. ) ;
#3706 = ADVANCED_FACE ( 'NONE', ( #2594 ), #3833, .T. ) ;
#3707 = VECTOR ( 'NONE', #1150, 1000.000000000000000 ) ;
#3708 = EDGE_CURVE ( 'NONE', #4826, #1756, #62, .T. ) ;
#3709 = STYLED_ITEM ( 'NONE', ( #4938 ), #8319 ) ;
#3710 = VECTOR ( 'NONE', #1799, 1000.000000000000000 ) ;
#3711 = CARTESIAN_POINT ( 'NONE',  ( -45.70000000000000300, -49.99999999999998600, 22.00000000000000000 ) ) ;
#3712 = ORIENTED_EDGE ( 'NONE', *, *, #6710, .F. ) ;
#3713 = PLANE ( 'NONE',  #1067 ) ;
#3714 = FILL_AREA_STYLE ('',( #6046 ) ) ;
#3715 = VECTOR ( 'NONE', #7078, 999.9999999999998900 ) ;
#3716 = COLOUR_RGB ( '',0.9098039215686274400, 0.4431372549019607600, 0.03137254901960784300 ) ;
#3717 = VERTEX_POINT ( 'NONE', #3 ) ;
#3718 = VERTEX_POINT ( 'NONE', #1523 ) ;
#3719 = LINE ( 'NONE', #4170, #692 ) ;
#3720 = PRESENTATION_STYLE_ASSIGNMENT (( #8858 ) ) ;
#3721 = ORIENTED_EDGE ( 'NONE', *, *, #6619, .T. ) ;
#3722 = CARTESIAN_POINT ( 'NONE',  ( 135.0000000000000000, 17.96446609406708800, -17.96446609406728700 ) ) ;
#3723 = DIRECTION ( 'NONE',  ( 0.0000000000000000000, -0.0000000000000000000, 1.000000000000000000 ) ) ;
#3724 = CARTESIAN_POINT ( 'NONE',  ( 8.000000000000049700, 114.0000000000000000, 18.00000000000000000 ) ) ;
#3725 = PRESENTATION_LAYER_ASSIGNMENT (  '', '', ( #3201 ) ) ;
#3726 = PRESENTATION_LAYER_ASSIGNMENT (  '', '', ( #4046 ) ) ;
#3727 = DIRECTION ( 'NONE',  ( 1.000000000000000000, 0.0000000000000000000, 0.0000000000000000000 ) ) ;
#3728 = DIRECTION ( 'NONE',  ( -1.000000000000000000, 4.410038880822904900E-017, -0.0000000000000000000 ) ) ;
#3729 = LINE ( 'NONE', #6969, #7564 ) ;
#3730 = ORIENTED_EDGE ( 'NONE', *, *, #9681, .T. ) ;
#3731 = EDGE_LOOP ( 'NONE', ( #1567, #4378, #2211, #568 ) ) ;
#3732 = LINE ( 'NONE', #1566, #4364 ) ;
#3733 = FILL_AREA_STYLE_COLOUR ( '', #2730 ) ;
#3734 = ORIENTED_EDGE ( 'NONE', *, *, #7871, .T. ) ;
#3735 =( NAMED_UNIT ( * ) PLANE_ANGLE_UNIT ( ) SI_UNIT ( $, .RADIAN. ) );
#3736 = CARTESIAN_POINT ( 'NONE',  ( -10.00000000000008300, 32.99999999999998600, 19.99999999999999600 ) ) ;
#3737 = FILL_AREA_STYLE ('',( #723 ) ) ;
#3738 = ADVANCED_FACE ( 'NONE', ( #564 ), #9502, .T. ) ;
#3739 =( NAMED_UNIT ( * ) SI_UNIT ( $, .STERADIAN. ) SOLID_ANGLE_UNIT ( ) );
#3740 = ORIENTED_EDGE ( 'NONE', *, *, #1851, .F. ) ;
#3741 = DIRECTION ( 'NONE',  ( -0.7071067811865496800, 0.7071067811865454600, 0.0000000000000000000 ) ) ;
#3742 = PRESENTATION_STYLE_ASSIGNMENT (( #9705 ) ) ;
#3743 =( GEOMETRIC_REPRESENTATION_CONTEXT ( 3 ) GLOBAL_UNCERTAINTY_ASSIGNED_CONTEXT ( ( #6605 ) ) GLOBAL_UNIT_ASSIGNED_CONTEXT ( ( #9918, #1256, #4326 ) ) REPRESENTATION_CONTEXT ( 'NONE', 'WORKASPACE' ) );
#3744 = LINE ( 'NONE', #6232, #10005 ) ;
#3745 = ORIENTED_EDGE ( 'NONE', *, *, #2427, .T. ) ;
#3746 = MECHANICAL_DESIGN_GEOMETRIC_PRESENTATION_REPRESENTATION (  '', ( #2290 ), #6737 ) ;
#3747 = SURFACE_SIDE_STYLE ('',( #573 ) ) ;
#3748 = CARTESIAN_POINT ( 'NONE',  ( -10.70000000000012900, -37.99999999999997900, 18.99999999999999600 ) ) ;
#3749 = UNCERTAINTY_MEASURE_WITH_UNIT (LENGTH_MEASURE( 1.000000000000000100E-005 ), #3429, 'distance_accuracy_value', 'NONE');
#3750 = VECTOR ( 'NONE', #2868, 1000.000000000000000 ) ;
#3751 = COLOUR_RGB ( '',1.000000000000000000, 1.000000000000000000, 1.000000000000000000 ) ;
#3752 = DIRECTION ( 'NONE',  ( -1.000000000000000000, 0.0000000000000000000, 2.847060021387389100E-016 ) ) ;
#3753 = VERTEX_POINT ( 'NONE', #1617 ) ;
#3754 = CARTESIAN_POINT ( 'NONE',  ( -40.70000000000001000, -49.99999999999998600, 19.99999999999999600 ) ) ;
#3755 = ORIENTED_EDGE ( 'NONE', *, *, #1482, .T. ) ;
#3756 = DIRECTION ( 'NONE',  ( 1.000000000000000000, 0.0000000000000000000, 0.0000000000000000000 ) ) ;
#3757 = MECHANICAL_DESIGN_GEOMETRIC_PRESENTATION_REPRESENTATION (  '', ( #6938 ), #637 ) ;
#3758 = CARTESIAN_POINT ( 'NONE',  ( 117.0000000000000000, 120.0000000000000100, -14.99999999999999800 ) ) ;
#3759 = CYLINDRICAL_SURFACE ( 'NONE', #9595, 3.750000000000010200 ) ;
#3760 = EDGE_CURVE ( 'NONE', #9753, #9598, #8996, .T. ) ;
#3761 = AXIS2_PLACEMENT_3D ( 'NONE', #140, #3426, #5787 ) ;
#3762 = DIRECTION ( 'NONE',  ( -1.000000000000000000, 0.0000000000000000000, 0.0000000000000000000 ) ) ;
#3763 = EDGE_CURVE ( 'NONE', #4995, #3371, #2099, .T. ) ;
#3764 = ORIENTED_EDGE ( 'NONE', *, *, #9696, .T. ) ;
#3766 = ORIENTED_EDGE ( 'NONE', *, *, #5829, .T. ) ;
#3765 = SURFACE_STYLE_USAGE ( .BOTH. , #6842 ) ;
#3767 = DIRECTION ( 'NONE',  ( 0.7071067811865483500, 0.7071067811865468000, 0.0000000000000000000 ) ) ;
#3768 = ADVANCED_FACE ( 'NONE', ( #2604 ), #6293, .F. ) ;
#3769 = FILL_AREA_STYLE_COLOUR ( '', #2977 ) ;
#3770 = FACE_OUTER_BOUND ( 'NONE', #5974, .T. ) ;
#3771 = FILL_AREA_STYLE_COLOUR ( '', #2534 ) ;
#3773 = ORIENTED_EDGE ( 'NONE', *, *, #4497, .T. ) ;
#3772 = PRESENTATION_LAYER_ASSIGNMENT (  '', '', ( #2568 ) ) ;
#3774 = DIRECTION ( 'NONE',  ( 0.0000000000000000000, 0.0000000000000000000, 1.000000000000000000 ) ) ;
#3775 = EDGE_CURVE ( 'NONE', #113, #9836, #2351, .T. ) ;
#3776 = PRESENTATION_LAYER_ASSIGNMENT (  '', '', ( #6630 ) ) ;
#3777 = DIRECTION ( 'NONE',  ( -0.7061622225414242400, 0.7061622225414263500, -0.05167040652742144900 ) ) ;
#3778 = CARTESIAN_POINT ( 'NONE',  ( -55.00000000000002800, -80.40747230563916000, 39.11482280837751100 ) ) ;
#3779 = SURFACE_SIDE_STYLE ('',( #7110 ) ) ;
#3780 = VECTOR ( 'NONE', #4185, 1000.000000000000100 ) ;
#3781 = SURFACE_STYLE_USAGE ( .BOTH. , #8563 ) ;
#3782 = ORIENTED_EDGE ( 'NONE', *, *, #3578, .T. ) ;
#3783 = FILL_AREA_STYLE_COLOUR ( '', #7806 ) ;
#3784 = FACE_OUTER_BOUND ( 'NONE', #3489, .T. ) ;
#3785 = DIRECTION ( 'NONE',  ( 0.0000000000000000000, 1.000000000000000000, 0.0000000000000000000 ) ) ;
#3786 = ORIENTED_EDGE ( 'NONE', *, *, #7660, .F. ) ;
#3787 = STYLED_ITEM ( 'NONE', ( #4776 ), #484 ) ;
#3788 = AXIS2_PLACEMENT_3D ( 'NONE', #1603, #4763, #2294 ) ;
#3789 = ADVANCED_FACE ( 'NONE', ( #6924 ), #4721, .T. ) ;
#3790 = ORIENTED_EDGE ( 'NONE', *, *, #9451, .F. ) ;
#3791 = DIRECTION ( 'NONE',  ( -0.0000000000000000000, -1.000000000000000000, -0.0000000000000000000 ) ) ;
#3792 = ORIENTED_EDGE ( 'NONE', *, *, #7559, .T. ) ;
#3793 = CARTESIAN_POINT ( 'NONE',  ( -10.70000000000006700, -55.99999999999997900, 19.99999999999999600 ) ) ;
#3794 = ORIENTED_EDGE ( 'NONE', *, *, #7797, .F. ) ;
#3795 = VECTOR ( 'NONE', #922, 999.9999999999998900 ) ;
#3796 = DIRECTION ( 'NONE',  ( 1.000000000000000000, 3.469446951953614700E-016, -0.0000000000000000000 ) ) ;
#3797 =( NAMED_UNIT ( * ) PLANE_ANGLE_UNIT ( ) SI_UNIT ( $, .RADIAN. ) );
#3798 = MECHANICAL_DESIGN_GEOMETRIC_PRESENTATION_REPRESENTATION (  '', ( #4466 ), #5214 ) ;
#3799 = PRESENTATION_STYLE_ASSIGNMENT (( #6118 ) ) ;
#3800 = AXIS2_PLACEMENT_3D ( 'NONE', #1766, #177, #4817 ) ;
#3801 = DIRECTION ( 'NONE',  ( -0.0000000000000000000, -0.0000000000000000000, 1.000000000000000000 ) ) ;
#3802 = ORIENTED_EDGE ( 'NONE', *, *, #4429, .F. ) ;
#3803 = LINE ( 'NONE', #3641, #6773 ) ;
#3804 = VECTOR ( 'NONE', #6812, 1000.000000000000000 ) ;
#3805 = CARTESIAN_POINT ( 'NONE',  ( -1.999999999999946300, -77.99999999999998600, 16.00000000000000000 ) ) ;
#3806 =( NAMED_UNIT ( * ) PLANE_ANGLE_UNIT ( ) SI_UNIT ( $, .RADIAN. ) );
#3807 = UNCERTAINTY_MEASURE_WITH_UNIT (LENGTH_MEASURE( 1.000000000000000100E-005 ), #685, 'distance_accuracy_value', 'NONE');
#3808 = CARTESIAN_POINT ( 'NONE',  ( 16.22498073958795200, 16.00000000000000000, -3.000000000000000900 ) ) ;
#3809 = COLOUR_RGB ( '',1.000000000000000000, 1.000000000000000000, 1.000000000000000000 ) ;
#3810 = VECTOR ( 'NONE', #407, 1000.000000000000000 ) ;
#3811 = ADVANCED_FACE ( 'NONE', ( #5838 ), #1651, .T. ) ;
#3812 = ORIENTED_EDGE ( 'NONE', *, *, #5468, .T. ) ;
#3813 = PLANE ( 'NONE',  #7366 ) ;
#3814 = AXIS2_PLACEMENT_3D ( 'NONE', #7792, #7926, #2296 ) ;
#3815 = EDGE_CURVE ( 'NONE', #8505, #240, #7679, .T. ) ;
#3816 = STYLED_ITEM ( 'NONE', ( #8581 ), #6234 ) ;
#3817 = CARTESIAN_POINT ( 'NONE',  ( -8.541180064162155800E-016, 0.0000000000000000000, -2.999999999999996000 ) ) ;
#3818 = ORIENTED_EDGE ( 'NONE', *, *, #1996, .T. ) ;
#3819 = CARTESIAN_POINT ( 'NONE',  ( 132.0231410754236700, 20.02314107542359200, -0.3041231516965146000 ) ) ;
#3820 = EDGE_CURVE ( 'NONE', #9740, #4236, #79, .T. ) ;
#3821 = LINE ( 'NONE', #5612, #7032 ) ;
#3822 = LINE ( 'NONE', #7178, #6670 ) ;
#3823 = DIRECTION ( 'NONE',  ( 0.0000000000000000000, -0.0000000000000000000, 1.000000000000000000 ) ) ;
#3824 = LINE ( 'NONE', #1300, #4056 ) ;
#3825 = VERTEX_POINT ( 'NONE', #6418 ) ;
#3826 = CARTESIAN_POINT ( 'NONE',  ( 151.0495713220363400, 53.35204988813835300, -13.95042867796362000 ) ) ;
#3827 = DIRECTION ( 'NONE',  ( 0.5000000000000007800, 0.5000000000000026600, 0.7071067811865452400 ) ) ;
#3828 = ORIENTED_EDGE ( 'NONE', *, *, #3623, .T. ) ;
#3829 = VECTOR ( 'NONE', #7275, 1000.000000000000000 ) ;
#3830 = EDGE_CURVE ( 'NONE', #1901, #7477, #9964, .T. ) ;
#3831 = AXIS2_PLACEMENT_3D ( 'NONE', #139, #3219, #822 ) ;
#3832 = ORIENTED_EDGE ( 'NONE', *, *, #5472, .T. ) ;
#3833 = PLANE ( 'NONE',  #3229 ) ;
#3834 = DIRECTION ( 'NONE',  ( 0.0000000000000000000, 1.000000000000000000, 0.0000000000000000000 ) ) ;
#3835 = ORIENTED_EDGE ( 'NONE', *, *, #6895, .T. ) ;
#3836 = ADVANCED_FACE ( 'NONE', ( #5601 ), #7283, .T. ) ;
#3837 = VECTOR ( 'NONE', #1275, 999.9999999999998900 ) ;
#3838 = CARTESIAN_POINT ( 'NONE',  ( 121.9999999999999600, 120.0000000000000100, 7.999999999999998200 ) ) ;
#3839 = ORIENTED_EDGE ( 'NONE', *, *, #6895, .F. ) ;
#3840 = CARTESIAN_POINT ( 'NONE',  ( -53.70000000000020200, -5.999999999999991100, 19.99999999999999600 ) ) ;
#3841 = CARTESIAN_POINT ( 'NONE',  ( -52.00000000000004300, 120.0000000000000000, 18.00000000000000000 ) ) ;
#3842 = ORIENTED_EDGE ( 'NONE', *, *, #7212, .F. ) ;
#3843 = LINE ( 'NONE', #7043, #1770 ) ;
#3844 = EDGE_CURVE ( 'NONE', #673, #1402, #552, .T. ) ;
#3845 = AXIS2_PLACEMENT_3D ( 'NONE', #3748, #7651, #9951 ) ;
#3846 =( NAMED_UNIT ( * ) SI_UNIT ( $, .STERADIAN. ) SOLID_ANGLE_UNIT ( ) );
#3847 = ORIENTED_EDGE ( 'NONE', *, *, #7915, .F. ) ;
#3848 = FACE_OUTER_BOUND ( 'NONE', #4113, .T. ) ;
#3849 = VECTOR ( 'NONE', #9998, 1000.000000000000000 ) ;
#3850 = VERTEX_POINT ( 'NONE', #3253 ) ;
#3851 = EDGE_CURVE ( 'NONE', #1431, #8773, #4336, .T. ) ;
#3852 = DIRECTION ( 'NONE',  ( -1.000000000000000000, 0.0000000000000000000, 0.0000000000000000000 ) ) ;
#3853 = DIRECTION ( 'NONE',  ( 0.0000000000000000000, 0.0000000000000000000, 1.000000000000000000 ) ) ;
#3854 = CARTESIAN_POINT ( 'NONE',  ( -12.00000000000008300, 30.99999999999998200, 14.99999999999999800 ) ) ;
#3855 = COLOUR_RGB ( '',0.9098039215686274400, 0.4431372549019607600, 0.03137254901960784300 ) ;
#3856 = ORIENTED_EDGE ( 'NONE', *, *, #8114, .T. ) ;
#3857 = SURFACE_STYLE_FILL_AREA ( #9020 ) ;
#3858 = CARTESIAN_POINT ( 'NONE',  ( -38.70000000000000300, -74.00000000000000000, 18.99999999999999600 ) ) ;
#3859 = ORIENTED_EDGE ( 'NONE', *, *, #2931, .F. ) ;
#3860 = AXIS2_PLACEMENT_3D ( 'NONE', #8496, #8536, #10052 ) ;
#3861 = MECHANICAL_DESIGN_GEOMETRIC_PRESENTATION_REPRESENTATION (  '', ( #7958 ), #8150 ) ;
#3862 = CARTESIAN_POINT ( 'NONE',  ( 130.7573593128807900, -86.99999999999997200, 39.92682926829268600 ) ) ;
#3863 = CARTESIAN_POINT ( 'NONE',  ( -50.70000000000000300, -67.99999999999998600, 22.00000000000000000 ) ) ;
#3864 = VECTOR ( 'NONE', #3728, 1000.000000000000000 ) ;
#3865 = UNCERTAINTY_MEASURE_WITH_UNIT (LENGTH_MEASURE( 1.000000000000000100E-005 ), #273, 'distance_accuracy_value', 'NONE');
#3866 = DIRECTION ( 'NONE',  ( -0.0000000000000000000, -1.000000000000000000, -0.0000000000000000000 ) ) ;
#3867 = DIRECTION ( 'NONE',  ( 0.0000000000000000000, 1.000000000000000000, -0.0000000000000000000 ) ) ;
#3868 = CARTESIAN_POINT ( 'NONE',  ( -10.70000000000012900, -37.99999999999997900, 18.99999999999999600 ) ) ;
#3869 = PRESENTATION_STYLE_ASSIGNMENT (( #8607 ) ) ;
#3870 = CYLINDRICAL_SURFACE ( 'NONE', #9675, 18.00000000000000000 ) ;
#3871 = ORIENTED_EDGE ( 'NONE', *, *, #116, .F. ) ;
#3872 = CARTESIAN_POINT ( 'NONE',  ( 0.0000000000000000000, 16.00000000000000000, 0.0000000000000000000 ) ) ;
#3873 = ORIENTED_EDGE ( 'NONE', *, *, #9475, .F. ) ;
#3874 = VERTEX_POINT ( 'NONE', #9599 ) ;
#3875 = EDGE_CURVE ( 'NONE', #3588, #5940, #8520, .T. ) ;
#3876 =( LENGTH_UNIT ( ) NAMED_UNIT ( * ) SI_UNIT ( .MILLI., .METRE. ) );
#3877 = FILL_AREA_STYLE_COLOUR ( '', #7638 ) ;
#3878 = VECTOR ( 'NONE', #5533, 1000.000000000000000 ) ;
#3879 = FACE_OUTER_BOUND ( 'NONE', #7911, .T. ) ;
#3880 = CARTESIAN_POINT ( 'NONE',  ( -1.500000000000012400, 16.00000000000000000, -2.598076211353328400 ) ) ;
#3881 = MECHANICAL_DESIGN_GEOMETRIC_PRESENTATION_REPRESENTATION (  '', ( #5682 ), #8304 ) ;
#3882 = UNCERTAINTY_MEASURE_WITH_UNIT (LENGTH_MEASURE( 1.000000000000000100E-005 ), #1367, 'distance_accuracy_value', 'NONE');
#3883 = ORIENTED_EDGE ( 'NONE', *, *, #1375, .T. ) ;
#3884 = VECTOR ( 'NONE', #8988, 1000.000000000000000 ) ;
#3885 = AXIS2_PLACEMENT_3D ( 'NONE', #2148, #9246, #4500 ) ;
#3886 = EDGE_CURVE ( 'NONE', #1402, #8890, #1759, .T. ) ;
#3887 = VERTEX_POINT ( 'NONE', #4024 ) ;
#3888 = COLOUR_RGB ( '',1.000000000000000000, 1.000000000000000000, 1.000000000000000000 ) ;
#3889 = VECTOR ( 'NONE', #6081, 1000.000000000000000 ) ;
#3890 = DIRECTION ( 'NONE',  ( 0.6785983445458433300, 0.6785983445458507700, 0.2810846377148203400 ) ) ;
#3891 = FILL_AREA_STYLE ('',( #4656 ) ) ;
#3892 = ORIENTED_EDGE ( 'NONE', *, *, #2802, .T. ) ;
#3893 = ADVANCED_FACE ( 'NONE', ( #4071 ), #2229, .F. ) ;
#3894 = PLANE ( 'NONE',  #3814 ) ;
#3895 = MECHANICAL_DESIGN_GEOMETRIC_PRESENTATION_REPRESENTATION (  '', ( #768 ), #1342 ) ;
#3896 = FILL_AREA_STYLE ('',( #8602 ) ) ;
#3897 = VECTOR ( 'NONE', #2083, 1000.000000000000000 ) ;
#3898 = EDGE_CURVE ( 'NONE', #8368, #7693, #8633, .T. ) ;
#3899 = CARTESIAN_POINT ( 'NONE',  ( 130.5695218131298500, -87.18783749975087000, 39.94996535057907700 ) ) ;
#3900 = VECTOR ( 'NONE', #3435, 1000.000000000000000 ) ;
#3901 = EDGE_CURVE ( 'NONE', #5211, #2816, #7544, .T. ) ;
#3902 = CARTESIAN_POINT ( 'NONE',  ( 135.0000000000000000, -66.99999999999992900, 0.9289321881345129500 ) ) ;
#3903 = DIRECTION ( 'NONE',  ( -3.097720492815726700E-016, -0.0000000000000000000, -1.000000000000000000 ) ) ;
#3904 = LINE ( 'NONE', #7360, #752 ) ;
#3905 = CARTESIAN_POINT ( 'NONE',  ( -55.00000000000005000, -6.999999999999995600, 24.07317073170731800 ) ) ;
#3906 = MECHANICAL_DESIGN_GEOMETRIC_PRESENTATION_REPRESENTATION (  '', ( #5842 ), #7276 ) ;
#3907 = EDGE_CURVE ( 'NONE', #8927, #2384, #2982, .T. ) ;
#3908 = PRESENTATION_LAYER_ASSIGNMENT (  '', '', ( #9243 ) ) ;
#3909 = SURFACE_STYLE_USAGE ( .BOTH. , #9887 ) ;
#3910 = DIRECTION ( 'NONE',  ( -1.000000000000000000, 1.018207257638561400E-015, 0.0000000000000000000 ) ) ;
#3911 = LINE ( 'NONE', #6361, #1352 ) ;
#3912 = DIRECTION ( 'NONE',  ( 0.0000000000000000000, 0.0000000000000000000, -1.000000000000000000 ) ) ;
#3913 = CARTESIAN_POINT ( 'NONE',  ( 125.9999999999997300, 126.0000000000001400, 18.00000000000000000 ) ) ;
#3914 = FILL_AREA_STYLE ('',( #8627 ) ) ;
#3915 = CYLINDRICAL_SURFACE ( 'NONE', #4455, 16.50000000000000000 ) ;
#3916 = DIRECTION ( 'NONE',  ( -0.0000000000000000000, -0.0000000000000000000, -1.000000000000000000 ) ) ;
#3917 = PRESENTATION_LAYER_ASSIGNMENT (  '', '', ( #8350 ) ) ;
#3918 = AXIS2_PLACEMENT_3D ( 'NONE', #9483, #3273, #8054 ) ;
#3919 = SURFACE_STYLE_USAGE ( .BOTH. , #1546 ) ;
#3920 = ORIENTED_EDGE ( 'NONE', *, *, #3305, .T. ) ;
#3921 = CARTESIAN_POINT ( 'NONE',  ( 8.000000000000049700, 114.0000000000000000, 18.00000000000000000 ) ) ;
#3922 = DIRECTION ( 'NONE',  ( 1.000000000000000000, 0.0000000000000000000, -0.0000000000000000000 ) ) ;
#3923 = DIRECTION ( 'NONE',  ( -0.0000000000000000000, -1.000000000000000000, -0.0000000000000000000 ) ) ;
#3924 = UNCERTAINTY_MEASURE_WITH_UNIT (LENGTH_MEASURE( 1.000000000000000100E-005 ), #2397, 'distance_accuracy_value', 'NONE');
#3925 = AXIS2_PLACEMENT_3D ( 'NONE', #2540, #97, #1645 ) ;
#3926 = ADVANCED_FACE ( 'NONE', ( #6560 ), #8410, .T. ) ;
#3927 = AXIS2_PLACEMENT_3D ( 'NONE', #9583, #1672, #5665 ) ;
#3928 = COLOUR_RGB ( '',1.000000000000000000, 1.000000000000000000, 1.000000000000000000 ) ;
#3929 =( NAMED_UNIT ( * ) PLANE_ANGLE_UNIT ( ) SI_UNIT ( $, .RADIAN. ) );
#3930 = VECTOR ( 'NONE', #2136, 999.9999999999998900 ) ;
#3931 = ORIENTED_EDGE ( 'NONE', *, *, #7660, .T. ) ;
#3932 = DIRECTION ( 'NONE',  ( -1.000000000000000000, 0.0000000000000000000, 0.0000000000000000000 ) ) ;
#3933 =( LENGTH_UNIT ( ) NAMED_UNIT ( * ) SI_UNIT ( .MILLI., .METRE. ) );
#3934 =( NAMED_UNIT ( * ) PLANE_ANGLE_UNIT ( ) SI_UNIT ( $, .RADIAN. ) );
#3935 = CONTEXT_DEPENDENT_SHAPE_REPRESENTATION ( #1833, #4757 ) ;
#3936 = ORIENTED_EDGE ( 'NONE', *, *, #1779, .F. ) ;
#3937 = VECTOR ( 'NONE', #744, 1000.000000000000000 ) ;
#3938 = LINE ( 'NONE', #1746, #9851 ) ;
#3939 = AXIS2_PLACEMENT_3D ( 'NONE', #4800, #29, #749 ) ;
#3940 = EDGE_LOOP ( 'NONE', ( #8569, #9458, #3839, #7179 ) ) ;
#3941 = CARTESIAN_POINT ( 'NONE',  ( -7.318997998926243100E-015, 10.00000000000000000, -20.00000000000000000 ) ) ;
#3942 = EDGE_CURVE ( 'NONE', #8177, #4189, #8395, .T. ) ;
#3943 = MECHANICAL_DESIGN_GEOMETRIC_PRESENTATION_REPRESENTATION (  '', ( #9881 ), #8377 ) ;
#3944 =( LENGTH_UNIT ( ) NAMED_UNIT ( * ) SI_UNIT ( .MILLI., .METRE. ) );
#3945 = SURFACE_STYLE_FILL_AREA ( #7046 ) ;
#3946 = EDGE_CURVE ( 'NONE', #8154, #8791, #9375, .T. ) ;
#3947 = DIRECTION ( 'NONE',  ( 0.0000000000000000000, 1.000000000000000000, 0.0000000000000000000 ) ) ;
#3948 = LINE ( 'NONE', #5336, #2215 ) ;
#3949 = ORIENTED_EDGE ( 'NONE', *, *, #36, .F. ) ;
#3950 =( LENGTH_UNIT ( ) NAMED_UNIT ( * ) SI_UNIT ( .MILLI., .METRE. ) );
#3951 = ORIENTED_EDGE ( 'NONE', *, *, #7860, .T. ) ;
#3952 =( NAMED_UNIT ( * ) PLANE_ANGLE_UNIT ( ) SI_UNIT ( $, .RADIAN. ) );
#3953 = COLOUR_RGB ( '',1.000000000000000000, 1.000000000000000000, 1.000000000000000000 ) ;
#3954 =( GEOMETRIC_REPRESENTATION_CONTEXT ( 3 ) GLOBAL_UNCERTAINTY_ASSIGNED_CONTEXT ( ( #6784 ) ) GLOBAL_UNIT_ASSIGNED_CONTEXT ( ( #679, #3735, #6167 ) ) REPRESENTATION_CONTEXT ( 'NONE', 'WORKASPACE' ) );
#3955 = ORIENTED_EDGE ( 'NONE', *, *, #9646, .T. ) ;
#3956 = SURFACE_STYLE_FILL_AREA ( #1780 ) ;
#3957 = ORIENTED_EDGE ( 'NONE', *, *, #4546, .F. ) ;
#3958 = COLOUR_RGB ( '',0.9098039215686274400, 0.4431372549019607600, 0.03137254901960784300 ) ;
#3959 = EDGE_CURVE ( 'NONE', #9299, #1031, #7180, .T. ) ;
#3960 =( GEOMETRIC_REPRESENTATION_CONTEXT ( 3 ) GLOBAL_UNCERTAINTY_ASSIGNED_CONTEXT ( ( #5488 ) ) GLOBAL_UNIT_ASSIGNED_CONTEXT ( ( #7253, #7327, #2518 ) ) REPRESENTATION_CONTEXT ( 'NONE', 'WORKASPACE' ) );
#3961 = VECTOR ( 'NONE', #5732, 1000.000000000000100 ) ;
#3962 = ORIENTED_EDGE ( 'NONE', *, *, #8049, .T. ) ;
#3963 = DIRECTION ( 'NONE',  ( -0.0000000000000000000, -1.000000000000000000, -0.0000000000000000000 ) ) ;
#3964 = DIRECTION ( 'NONE',  ( 1.000000000000000000, 0.0000000000000000000, 0.0000000000000000000 ) ) ;
#3965 = LINE ( 'NONE', #1400, #9630 ) ;
#3966 =( NAMED_UNIT ( * ) SI_UNIT ( $, .STERADIAN. ) SOLID_ANGLE_UNIT ( ) );
#3967 = COLOUR_RGB ( '',1.000000000000000000, 1.000000000000000000, 1.000000000000000000 ) ;
#3968 = SURFACE_STYLE_USAGE ( .BOTH. , #3222 ) ;
#3969 = ORIENTED_EDGE ( 'NONE', *, *, #2969, .F. ) ;
#3970 = VECTOR ( 'NONE', #2222, 999.9999999999998900 ) ;
#3971 = ORIENTED_EDGE ( 'NONE', *, *, #3002, .F. ) ;
#3972 = PRESENTATION_LAYER_ASSIGNMENT (  '', '', ( #6434 ) ) ;
#3973 = CONICAL_SURFACE ( 'NONE', #8220, 3.750000000000010200, 0.7853981633974529400 ) ;
#3974 = PRESENTATION_STYLE_ASSIGNMENT (( #5226 ) ) ;
#3975 = EDGE_LOOP ( 'NONE', ( #1459, #1266, #458, #6687 ) ) ;
#3976 = EDGE_CURVE ( 'NONE', #1425, #2123, #4456, .T. ) ;
#3977 = LINE ( 'NONE', #8065, #3136 ) ;
#3978 = LINE ( 'NONE', #10074, #2881 ) ;
#3979 = SURFACE_SIDE_STYLE ('',( #1502 ) ) ;
#3980 = ORIENTED_EDGE ( 'NONE', *, *, #5642, .F. ) ;
#3981 = FILL_AREA_STYLE_COLOUR ( '', #5750 ) ;
#3982 = CARTESIAN_POINT ( 'NONE',  ( -41.95000000000011700, -31.99999999999999300, 20.00000000000000000 ) ) ;
#3983 = FILL_AREA_STYLE ('',( #3074 ) ) ;
#3984 = SURFACE_SIDE_STYLE ('',( #4490 ) ) ;
#3985 = FACE_OUTER_BOUND ( 'NONE', #6744, .T. ) ;
#3986 = PRESENTATION_STYLE_ASSIGNMENT (( #3286 ) ) ;
#3987 = UNCERTAINTY_MEASURE_WITH_UNIT (LENGTH_MEASURE( 1.000000000000000100E-005 ), #393, 'distance_accuracy_value', 'NONE');
#3988 = SURFACE_STYLE_USAGE ( .BOTH. , #2429 ) ;
#3989 = VECTOR ( 'NONE', #7013, 999.9999999999998900 ) ;
#3990 = AXIS2_PLACEMENT_3D ( 'NONE', #175, #1921, #5112 ) ;
#3991 =( GEOMETRIC_REPRESENTATION_CONTEXT ( 3 ) GLOBAL_UNCERTAINTY_ASSIGNED_CONTEXT ( ( #6394 ) ) GLOBAL_UNIT_ASSIGNED_CONTEXT ( ( #1128, #1884, #8957 ) ) REPRESENTATION_CONTEXT ( 'NONE', 'WORKASPACE' ) );
#3992 = VERTEX_POINT ( 'NONE', #6768 ) ;
#3993 = CARTESIAN_POINT ( 'NONE',  ( -45.70000000000000300, -49.99999999999998600, 22.00000000000000000 ) ) ;
#3994 = EDGE_LOOP ( 'NONE', ( #6328, #8809, #266, #7286 ) ) ;
#3995 =( NAMED_UNIT ( * ) SI_UNIT ( $, .STERADIAN. ) SOLID_ANGLE_UNIT ( ) );
#3996 = CARTESIAN_POINT ( 'NONE',  ( -54.00000000000005000, -5.999999999999995600, 24.00000000000000000 ) ) ;
#3997 = VERTEX_POINT ( 'NONE', #9907 ) ;
#3998 = CARTESIAN_POINT ( 'NONE',  ( 0.0000000000000000000, 0.0000000000000000000, 19.99999999999999600 ) ) ;
#3999 = SURFACE_SIDE_STYLE ('',( #2313 ) ) ;
#4000 = PRESENTATION_STYLE_ASSIGNMENT (( #6370 ) ) ;
#4001 = SURFACE_SIDE_STYLE ('',( #8445 ) ) ;
#4002 = AXIS2_PLACEMENT_3D ( 'NONE', #5333, #8468, #3756 ) ;
#4003 = PRESENTATION_LAYER_ASSIGNMENT (  '', '', ( #5631 ) ) ;
#4004 = ADVANCED_FACE ( 'NONE', ( #10093 ), #4244, .F. ) ;
#4005 = EDGE_CURVE ( 'NONE', #3009, #2740, #9604, .T. ) ;
#4006 = FACE_OUTER_BOUND ( 'NONE', #7829, .T. ) ;
#4007 = DIRECTION ( 'NONE',  ( 0.0000000000000000000, 1.000000000000000000, 0.0000000000000000000 ) ) ;
#4008 = DIRECTION ( 'NONE',  ( 0.0000000000000000000, 0.0000000000000000000, 1.000000000000000000 ) ) ;
#4009 =( NAMED_UNIT ( * ) PLANE_ANGLE_UNIT ( ) SI_UNIT ( $, .RADIAN. ) );
#4010 = LINE ( 'NONE', #2527, #1931 ) ;
#4011 = CIRCLE ( 'NONE', #6558, 6.000000000000000000 ) ;
#4012 = DIRECTION ( 'NONE',  ( 1.000000000000000000, 0.0000000000000000000, 0.0000000000000000000 ) ) ;
#4013 =( LENGTH_UNIT ( ) NAMED_UNIT ( * ) SI_UNIT ( .MILLI., .METRE. ) );
#4014 = DIRECTION ( 'NONE',  ( 1.000000000000000000, -0.0000000000000000000, 0.0000000000000000000 ) ) ;
#4015 = MECHANICAL_DESIGN_GEOMETRIC_PRESENTATION_REPRESENTATION (  '', ( #8635 ), #1423 ) ;
#4016 = EDGE_CURVE ( 'NONE', #8984, #933, #6681, .T. ) ;
#4017 = AXIS2_PLACEMENT_3D ( 'NONE', #8837, #1077, #4986 ) ;
#4018 = DIRECTION ( 'NONE',  ( 1.000000000000000000, 0.0000000000000000000, 0.0000000000000000000 ) ) ;
#4019 = VECTOR ( 'NONE', #3438, 1000.000000000000000 ) ;
#4020 = DIRECTION ( 'NONE',  ( -1.000000000000000000, 0.0000000000000000000, 0.0000000000000000000 ) ) ;
#4021 = COLOUR_RGB ( '',0.9098039215686274400, 0.4431372549019607600, 0.03137254901960784300 ) ;
#4022 = VERTEX_POINT ( 'NONE', #4993 ) ;
#4023 = ORIENTED_EDGE ( 'NONE', *, *, #8906, .T. ) ;
#4024 = CARTESIAN_POINT ( 'NONE',  ( -19.99999999999998900, -176.0000000000000000, -5.000000000000004400 ) ) ;
#4025 = FILL_AREA_STYLE_COLOUR ( '', #9204 ) ;
#4026 = CARTESIAN_POINT ( 'NONE',  ( -45.70000000000000300, -31.99999999999999300, 22.00000000000000000 ) ) ;
#4027 = EDGE_LOOP ( 'NONE', ( #2008, #7652, #7200, #9897 ) ) ;
#4028 = DIRECTION ( 'NONE',  ( 0.0000000000000000000, 0.0000000000000000000, 1.000000000000000000 ) ) ;
#4029 = VERTEX_POINT ( 'NONE', #6022 ) ;
#4030 = FACE_OUTER_BOUND ( 'NONE', #4611, .T. ) ;
#4031 = PRESENTATION_LAYER_ASSIGNMENT (  '', '', ( #733 ) ) ;
#4032 =( NAMED_UNIT ( * ) SI_UNIT ( $, .STERADIAN. ) SOLID_ANGLE_UNIT ( ) );
#4033 = FILL_AREA_STYLE_COLOUR ( '', #8704 ) ;
#4034 = CARTESIAN_POINT ( 'NONE',  ( 0.0000000000000000000, 16.00000000000000000, 0.0000000000000000000 ) ) ;
#4035 = EDGE_CURVE ( 'NONE', #1431, #9905, #6424, .T. ) ;
#4036 = CYLINDRICAL_SURFACE ( 'NONE', #203, 20.00000000000000000 ) ;
#4037 = UNCERTAINTY_MEASURE_WITH_UNIT (LENGTH_MEASURE( 1.000000000000000100E-005 ), #9202, 'distance_accuracy_value', 'NONE');
#4038 = ORIENTED_EDGE ( 'NONE', *, *, #6237, .F. ) ;
#4039 = SURFACE_STYLE_FILL_AREA ( #9945 ) ;
#4040 = CARTESIAN_POINT ( 'NONE',  ( 121.1821215984790100, 130.0965346825415200, 18.09653468254173000 ) ) ;
#4041 = CARTESIAN_POINT ( 'NONE',  ( -48.00000000000008500, 14.99999999999998200, 15.00000000000000000 ) ) ;
#4042 = SURFACE_SIDE_STYLE ('',( #2169 ) ) ;
#4043 =( NAMED_UNIT ( * ) SI_UNIT ( $, .STERADIAN. ) SOLID_ANGLE_UNIT ( ) );
#4044 = SURFACE_STYLE_USAGE ( .BOTH. , #4819 ) ;
#4045 = MECHANICAL_DESIGN_GEOMETRIC_PRESENTATION_REPRESENTATION (  '', ( #802 ), #7824 ) ;
#4046 = STYLED_ITEM ( 'NONE', ( #5474 ), #10015 ) ;
#4047 = CARTESIAN_POINT ( 'NONE',  ( -10.70000000000019100, -7.999999999999992900, 18.99999999999999600 ) ) ;
#4048 = DIRECTION ( 'NONE',  ( -0.0000000000000000000, -0.0000000000000000000, -1.000000000000000000 ) ) ;
#4049 = ORIENTED_EDGE ( 'NONE', *, *, #5384, .F. ) ;
#4050 = ADVANCED_BREP_SHAPE_REPRESENTATION ( '', ( #2319, #9592 ), #10108 ) ;
#4051 = VECTOR ( 'NONE', #1277, 1000.000000000000100 ) ;
#4052 = LINE ( 'NONE', #5044, #1257 ) ;
#4053 = UNCERTAINTY_MEASURE_WITH_UNIT (LENGTH_MEASURE( 1.000000000000000100E-005 ), #4844, 'distance_accuracy_value', 'NONE');
#4054 =( LENGTH_UNIT ( ) NAMED_UNIT ( * ) SI_UNIT ( .MILLI., .METRE. ) );
#4055 = SURFACE_STYLE_FILL_AREA ( #220 ) ;
#4056 = VECTOR ( 'NONE', #3581, 1000.000000000000000 ) ;
#4057 = ORIENTED_EDGE ( 'NONE', *, *, #4521, .F. ) ;
#4058 = EDGE_CURVE ( 'NONE', #161, #9282, #5706, .T. ) ;
#4059 = CARTESIAN_POINT ( 'NONE',  ( -45.70000000000000300, -67.99999999999998600, 19.99999999999999600 ) ) ;
#4060 = DIRECTION ( 'NONE',  ( 1.000000000000000000, 0.0000000000000000000, 0.0000000000000000000 ) ) ;
#4061 = STYLED_ITEM ( 'NONE', ( #3986 ), #2738 ) ;
#4062 =( NAMED_UNIT ( * ) SI_UNIT ( $, .STERADIAN. ) SOLID_ANGLE_UNIT ( ) );
#4063 = ORIENTED_EDGE ( 'NONE', *, *, #9754, .F. ) ;
#4064 = MECHANICAL_DESIGN_GEOMETRIC_PRESENTATION_REPRESENTATION (  '', ( #1144 ), #7058 ) ;
#4065 = DIRECTION ( 'NONE',  ( 0.0000000000000000000, 0.0000000000000000000, -1.000000000000000000 ) ) ;
#4066 = DIRECTION ( 'NONE',  ( 1.000000000000000000, 0.0000000000000000000, -0.0000000000000000000 ) ) ;
#4067 = FILL_AREA_STYLE ('',( #205 ) ) ;
#4068 = ORIENTED_EDGE ( 'NONE', *, *, #8380, .F. ) ;
#4069 = CYLINDRICAL_SURFACE ( 'NONE', #2163, 16.50000000000000000 ) ;
#4070 = ORIENTED_EDGE ( 'NONE', *, *, #4222, .F. ) ;
#4071 = FACE_OUTER_BOUND ( 'NONE', #2245, .T. ) ;
#4072 = ORIENTED_EDGE ( 'NONE', *, *, #8565, .F. ) ;
#4073 = LINE ( 'NONE', #1752, #2476 ) ;
#4074 = AXIS2_PLACEMENT_3D ( 'NONE', #7082, #4739, #7901 ) ;
#4075 = CIRCLE ( 'NONE', #7172, 20.00000000000000000 ) ;
#4076 = CARTESIAN_POINT ( 'NONE',  ( -60.00000000000005000, 83.96446609406763200, 1.035533905932729800 ) ) ;
#4077 = EDGE_CURVE ( 'NONE', #8469, #4337, #3948, .T. ) ;
#4078 = AXIS2_PLACEMENT_3D ( 'NONE', #921, #6367, #1721 ) ;
#4079 = ORIENTED_EDGE ( 'NONE', *, *, #8753, .T. ) ;
#4080 = SURFACE_STYLE_USAGE ( .BOTH. , #9554 ) ;
#4081 = DIRECTION ( 'NONE',  ( 0.0000000000000000000, 0.0000000000000000000, 1.000000000000000000 ) ) ;
#4082 = EDGE_CURVE ( 'NONE', #5817, #6845, #7665, .T. ) ;
#4083 = FILL_AREA_STYLE_COLOUR ( '', #9570 ) ;
#4084 = DIRECTION ( 'NONE',  ( -1.000000000000000000, 0.0000000000000000000, 5.409414040636039400E-015 ) ) ;
#4085 = FACE_BOUND ( 'NONE', #7458, .T. ) ;
#4086 = VECTOR ( 'NONE', #4975, 1000.000000000000000 ) ;
#4087 = SURFACE_SIDE_STYLE ('',( #2769 ) ) ;
#4088 = EDGE_LOOP ( 'NONE', ( #9449, #447, #4341, #1995 ) ) ;
#4089 = SURFACE_STYLE_FILL_AREA ( #5085 ) ;
#4090 = DIRECTION ( 'NONE',  ( 0.0000000000000000000, 0.0000000000000000000, -1.000000000000000000 ) ) ;
#4091 = VERTEX_POINT ( 'NONE', #1416 ) ;
#4092 =( LENGTH_UNIT ( ) NAMED_UNIT ( * ) SI_UNIT ( .MILLI., .METRE. ) );
#4093 = STYLED_ITEM ( 'NONE', ( #244 ), #5290 ) ;
#4094 = SURFACE_SIDE_STYLE ('',( #7117 ) ) ;
#4095 = DIRECTION ( 'NONE',  ( -0.8660254037844381500, 0.0000000000000000000, 0.5000000000000010000 ) ) ;
#4096 = EDGE_CURVE ( 'NONE', #5553, #1751, #180, .T. ) ;
#4097 = MECHANICAL_DESIGN_GEOMETRIC_PRESENTATION_REPRESENTATION (  '', ( #9193 ), #457 ) ;
#4098 = DIRECTION ( 'NONE',  ( 3.304235192336776600E-017, 1.000000000000000000, -0.0000000000000000000 ) ) ;
#4099 = ORIENTED_EDGE ( 'NONE', *, *, #9053, .F. ) ;
#4100 = SURFACE_SIDE_STYLE ('',( #6035 ) ) ;
#4101 = LINE ( 'NONE', #286, #5733 ) ;
#4102 = LINE ( 'NONE', #385, #8898 ) ;
#4103 = EDGE_LOOP ( 'NONE', ( #6892, #5083, #3012, #4070 ) ) ;
#4104 = DIRECTION ( 'NONE',  ( 1.000000000000000000, -0.0000000000000000000, 0.0000000000000000000 ) ) ;
#4105 = DIRECTION ( 'NONE',  ( 0.0000000000000000000, 1.000000000000000000, -0.0000000000000000000 ) ) ;
#4106 = DIRECTION ( 'NONE',  ( 1.000000000000000000, 0.0000000000000000000, 0.0000000000000000000 ) ) ;
#4107 = FACE_OUTER_BOUND ( 'NONE', #198, .T. ) ;
#4108 = LINE ( 'NONE', #7550, #3376 ) ;
#4109 = SURFACE_STYLE_USAGE ( .BOTH. , #6468 ) ;
#4110 = VECTOR ( 'NONE', #8550, 1000.000000000000000 ) ;
#4111 = EDGE_LOOP ( 'NONE', ( #9244, #342, #5245, #3228 ) ) ;
#4112 = AXIS2_PLACEMENT_3D ( 'NONE', #4929, #1733, #7207 ) ;
#4113 = EDGE_LOOP ( 'NONE', ( #4534, #5645, #2022, #8715 ) ) ;
#4114 = VERTEX_POINT ( 'NONE', #8438 ) ;
#4115 = PRESENTATION_STYLE_ASSIGNMENT (( #1658 ) ) ;
#4116 = LINE ( 'NONE', #2689, #8795 ) ;
#4118 = DIRECTION ( 'NONE',  ( -0.7071067811865486800, 0.4999999999999964500, -0.5000000000000021100 ) ) ;
#4117 = UNCERTAINTY_MEASURE_WITH_UNIT (LENGTH_MEASURE( 1.000000000000000100E-005 ), #425, 'distance_accuracy_value', 'NONE');
#4119 = CARTESIAN_POINT ( 'NONE',  ( -41.15000000000000600, -67.99999999999998600, 22.00000000000000000 ) ) ;
#4120 = LINE ( 'NONE', #1247, #8076 ) ;
#4121 = CARTESIAN_POINT ( 'NONE',  ( -3.000000000000093700, 16.00000000000000000, 1.622824212190862500E-014 ) ) ;
#4122 = PLANE ( 'NONE',  #3650 ) ;
#4123 = ORIENTED_EDGE ( 'NONE', *, *, #3760, .F. ) ;
#4124 = ADVANCED_FACE ( 'NONE', ( #5588, #5467 ), #5303, .T. ) ;
#4125 = LINE ( 'NONE', #1393, #115 ) ;
#4126 = CIRCLE ( 'NONE', #6757, 2.999999999999994700 ) ;
#4127 = PRESENTATION_LAYER_ASSIGNMENT (  '', '', ( #7644 ) ) ;
#4128 = DIRECTION ( 'NONE',  ( 0.0000000000000000000, 0.0000000000000000000, -1.000000000000000000 ) ) ;
#4129 = SURFACE_SIDE_STYLE ('',( #1862 ) ) ;
#4130 = VERTEX_POINT ( 'NONE', #9963 ) ;
#4131 = PRESENTATION_LAYER_ASSIGNMENT (  '', '', ( #2884 ) ) ;
#4132 = DIRECTION ( 'NONE',  ( 0.0000000000000000000, 0.0000000000000000000, 1.000000000000000000 ) ) ;
#4133 =( NAMED_UNIT ( * ) PLANE_ANGLE_UNIT ( ) SI_UNIT ( $, .RADIAN. ) );
#4134 = SURFACE_SIDE_STYLE ('',( #6935 ) ) ;
#4135 = CARTESIAN_POINT ( 'NONE',  ( -50.00000000000007800, 12.99999999999998400, 19.99999999999999600 ) ) ;
#4136 = VECTOR ( 'NONE', #9111, 1000.000000000000000 ) ;
#4137 = CARTESIAN_POINT ( 'NONE',  ( -17.74823934929884600, 16.00000000000000000, -2.999999999999996400 ) ) ;
#4138 = DIRECTION ( 'NONE',  ( 0.0000000000000000000, 1.000000000000000000, 0.0000000000000000000 ) ) ;
#4139 = COLOUR_RGB ( '',1.000000000000000000, 1.000000000000000000, 1.000000000000000000 ) ;
#4140 = CARTESIAN_POINT ( 'NONE',  ( 3.000000000000002200, 16.00000000000000000, 17.74823934929884600 ) ) ;
#4141 = AXIS2_PLACEMENT_3D ( 'NONE', #9959, #2928, #1371 ) ;
#4142 = VECTOR ( 'NONE', #5905, 1000.000000000000100 ) ;
#4143 = EDGE_CURVE ( 'NONE', #6090, #7184, #7785, .T. ) ;
#4144 =( GEOMETRIC_REPRESENTATION_CONTEXT ( 3 ) GLOBAL_UNCERTAINTY_ASSIGNED_CONTEXT ( ( #8604 ) ) GLOBAL_UNIT_ASSIGNED_CONTEXT ( ( #3667, #5252, #6886 ) ) REPRESENTATION_CONTEXT ( 'NONE', 'WORKASPACE' ) );
#4145 = VECTOR ( 'NONE', #2548, 1000.000000000000000 ) ;
#4146 =( LENGTH_UNIT ( ) NAMED_UNIT ( * ) SI_UNIT ( .MILLI., .METRE. ) );
#4147 = EDGE_CURVE ( 'NONE', #8713, #6156, #67, .T. ) ;
#4148 = ORIENTED_EDGE ( 'NONE', *, *, #8301, .T. ) ;
#4149 =( NAMED_UNIT ( * ) PLANE_ANGLE_UNIT ( ) SI_UNIT ( $, .RADIAN. ) );
#4150 = CARTESIAN_POINT ( 'NONE',  ( -2.999999999999994700, 18.00000000000000400, -5.510910596163078700E-016 ) ) ;
#4151 = DIRECTION ( 'NONE',  ( 0.0000000000000000000, -1.000000000000000000, 0.0000000000000000000 ) ) ;
#4152 = FACE_OUTER_BOUND ( 'NONE', #6420, .T. ) ;
#4153 = FILL_AREA_STYLE ('',( #5045 ) ) ;
#4154 = PRESENTATION_STYLE_ASSIGNMENT (( #162 ) ) ;
#4155 = CARTESIAN_POINT ( 'NONE',  ( 0.0000000000000000000, 16.00000000000000000, 0.0000000000000000000 ) ) ;
#4156 =( GEOMETRIC_REPRESENTATION_CONTEXT ( 3 ) GLOBAL_UNCERTAINTY_ASSIGNED_CONTEXT ( ( #6910 ) ) GLOBAL_UNIT_ASSIGNED_CONTEXT ( ( #10072, #10037, #6227 ) ) REPRESENTATION_CONTEXT ( 'NONE', 'WORKASPACE' ) );
#4157 = EDGE_CURVE ( 'NONE', #5230, #1842, #7422, .T. ) ;
#4158 = AXIS2_PLACEMENT_3D ( 'NONE', #8471, #7600, #7662 ) ;
#4159 = CARTESIAN_POINT ( 'NONE',  ( -57.00000000000005000, -6.999999999999995600, 24.07317073170731800 ) ) ;
#4160 = FILL_AREA_STYLE_COLOUR ( '', #4732 ) ;
#4161 = DIRECTION ( 'NONE',  ( 0.0000000000000000000, -0.7071067811865474600, -0.7071067811865474600 ) ) ;
#4162 = DIRECTION ( 'NONE',  ( 0.0000000000000000000, 0.0000000000000000000, 1.000000000000000000 ) ) ;
#4163 = ORIENTED_EDGE ( 'NONE', *, *, #1091, .F. ) ;
#4164 = SURFACE_STYLE_FILL_AREA ( #10105 ) ;
#4165 = DIRECTION ( 'NONE',  ( 0.0000000000000000000, 0.0000000000000000000, -1.000000000000000000 ) ) ;
#4166 =( LENGTH_UNIT ( ) NAMED_UNIT ( * ) SI_UNIT ( .MILLI., .METRE. ) );
#4167 = SURFACE_SIDE_STYLE ('',( #7573 ) ) ;
#4168 =( LENGTH_UNIT ( ) NAMED_UNIT ( * ) SI_UNIT ( .MILLI., .METRE. ) );
#4169 =( NAMED_UNIT ( * ) SI_UNIT ( $, .STERADIAN. ) SOLID_ANGLE_UNIT ( ) );
#4170 = CARTESIAN_POINT ( 'NONE',  ( 122.4644660940669900, 122.4644660940674300, -30.00000000000000400 ) ) ;
#4171 = LINE ( 'NONE', #7424, #9721 ) ;
#4172 = PRESENTATION_LAYER_ASSIGNMENT (  '', '', ( #6976 ) ) ;
#4173 = AXIS2_PLACEMENT_3D ( 'NONE', #3520, #464, #1905 ) ;
#4174 = FILL_AREA_STYLE ('',( #1787 ) ) ;
#4175 = CARTESIAN_POINT ( 'NONE',  ( -60.00000000000005700, -72.00000000000000000, 3.000000000000002700 ) ) ;
#4176 = LINE ( 'NONE', #8352, #4051 ) ;
#4177 = FACE_BOUND ( 'NONE', #2475, .T. ) ;
#4178 = ADVANCED_FACE ( 'NONE', ( #5342 ), #8356, .F. ) ;
#4179 = UNCERTAINTY_MEASURE_WITH_UNIT (LENGTH_MEASURE( 1.000000000000000100E-005 ), #5233, 'distance_accuracy_value', 'NONE');
#4180 = FILL_AREA_STYLE_COLOUR ( '', #7048 ) ;
#4181 = EDGE_CURVE ( 'NONE', #4239, #9650, #1868, .T. ) ;
#4182 = DIRECTION ( 'NONE',  ( 0.0000000000000000000, 0.0000000000000000000, -1.000000000000000000 ) ) ;
#4183 = FACE_OUTER_BOUND ( 'NONE', #2374, .T. ) ;
#4184 = ORIENTED_EDGE ( 'NONE', *, *, #7553, .T. ) ;
#4185 = DIRECTION ( 'NONE',  ( -2.336447111136570900E-017, -0.7071067811865474600, -0.7071067811865474600 ) ) ;
#4186 = CARTESIAN_POINT ( 'NONE',  ( -12.55124549639639000, 16.00000000000000000, 10.71056658114729700 ) ) ;
#4187 = UNCERTAINTY_MEASURE_WITH_UNIT (LENGTH_MEASURE( 1.000000000000000100E-005 ), #2311, 'distance_accuracy_value', 'NONE');
#4188 = DIRECTION ( 'NONE',  ( 0.0000000000000000000, 1.000000000000000000, -0.0000000000000000000 ) ) ;
#4189 = VERTEX_POINT ( 'NONE', #7567 ) ;
#4190 = CARTESIAN_POINT ( 'NONE',  ( -52.00000000000004300, -89.99999999999997200, -30.00000000000000400 ) ) ;
#4191 = FACE_OUTER_BOUND ( 'NONE', #2749, .T. ) ;
#4192 = VERTEX_POINT ( 'NONE', #2078 ) ;
#4193 = CARTESIAN_POINT ( 'NONE',  ( -49.45000000000020200, -13.99999999999999800, 20.00000000000000000 ) ) ;
#4194 =( LENGTH_UNIT ( ) NAMED_UNIT ( * ) SI_UNIT ( .MILLI., .METRE. ) );
#4195 = PRESENTATION_STYLE_ASSIGNMENT (( #301 ) ) ;
#4196 = PLANE ( 'NONE',  #3013 ) ;
#4197 = FILL_AREA_STYLE_COLOUR ( '', #8698 ) ;
#4198 = VECTOR ( 'NONE', #1819, 1000.000000000000000 ) ;
#4199 = EDGE_LOOP ( 'NONE', ( #2962, #6698, #2734, #225 ) ) ;
#4200 = LINE ( 'NONE', #2862, #6552 ) ;
#4201 = VECTOR ( 'NONE', #5901, 1000.000000000000000 ) ;
#4202 =( NAMED_UNIT ( * ) SI_UNIT ( $, .STERADIAN. ) SOLID_ANGLE_UNIT ( ) );
#4203 =( LENGTH_UNIT ( ) NAMED_UNIT ( * ) SI_UNIT ( .MILLI., .METRE. ) );
#4204 = VERTEX_POINT ( 'NONE', #3566 ) ;
#4205 = CARTESIAN_POINT ( 'NONE',  ( -45.70000000000000300, -13.99999999999999800, 21.20000000000002100 ) ) ;
#4206 = AXIS2_PLACEMENT_3D ( 'NONE', #2813, #5972, #1258 ) ;
#4207 = VECTOR ( 'NONE', #3923, 1000.000000000000000 ) ;
#4208 = SURFACE_SIDE_STYLE ('',( #8523 ) ) ;
#4209 = EDGE_CURVE ( 'NONE', #8533, #7009, #1033, .T. ) ;
#4210 = ORIENTED_EDGE ( 'NONE', *, *, #211, .T. ) ;
#4211 = CARTESIAN_POINT ( 'NONE',  ( -19.99999999999998900, -164.8038475772933700, -5.000000000000004400 ) ) ;
#4212 = CARTESIAN_POINT ( 'NONE',  ( 1.499999999999998700, 16.00000000000000000, 2.598076211353307100 ) ) ;
#4213 = PRESENTATION_STYLE_ASSIGNMENT (( #7938 ) ) ;
#4214 = VERTEX_POINT ( 'NONE', #9939 ) ;
#4215 = VECTOR ( 'NONE', #3326, 1000.000000000000000 ) ;
#4216 = EDGE_LOOP ( 'NONE', ( #1929, #558, #2760, #4692 ) ) ;
#4217 = FILL_AREA_STYLE ('',( #372 ) ) ;
#4218 = CYLINDRICAL_SURFACE ( 'NONE', #8403, 16.50000000000000000 ) ;
#4219 = AXIS2_PLACEMENT_3D ( 'NONE', #8326, #6718, #8385 ) ;
#4220 = ORIENTED_EDGE ( 'NONE', *, *, #7342, .T. ) ;
#4221 = SURFACE_SIDE_STYLE ('',( #1399 ) ) ;
#4222 = EDGE_CURVE ( 'NONE', #3280, #2718, #2843, .T. ) ;
#4223 = AXIS2_PLACEMENT_3D ( 'NONE', #6026, #674, #3687 ) ;
#4224 = LINE ( 'NONE', #2091, #7324 ) ;
#4225 =( LENGTH_UNIT ( ) NAMED_UNIT ( * ) SI_UNIT ( .MILLI., .METRE. ) );
#4226 = DIRECTION ( 'NONE',  ( 0.0000000000000000000, 1.000000000000000000, 0.0000000000000000000 ) ) ;
#4227 = ORIENTED_EDGE ( 'NONE', *, *, #2181, .T. ) ;
#4228 = EDGE_CURVE ( 'NONE', #6524, #645, #8865, .T. ) ;
#4229 = SURFACE_SIDE_STYLE ('',( #1349 ) ) ;
#4230 = ADVANCED_FACE ( 'NONE', ( #4963 ), #7609, .F. ) ;
#4231 = COLOUR_RGB ( '',1.000000000000000000, 1.000000000000000000, 1.000000000000000000 ) ;
#4232 =( NAMED_UNIT ( * ) SI_UNIT ( $, .STERADIAN. ) SOLID_ANGLE_UNIT ( ) );
#4233 = ORIENTED_EDGE ( 'NONE', *, *, #7455, .F. ) ;
#4234 = VECTOR ( 'NONE', #3023, 1000.000000000000000 ) ;
#4235 = SURFACE_STYLE_USAGE ( .BOTH. , #1838 ) ;
#4236 = VERTEX_POINT ( 'NONE', #6676 ) ;
#4237 = DIRECTION ( 'NONE',  ( 0.0000000000000000000, 1.000000000000000000, -0.0000000000000000000 ) ) ;
#4238 = MECHANICAL_DESIGN_GEOMETRIC_PRESENTATION_REPRESENTATION (  '', ( #3185 ), #6039 ) ;
#4239 = VERTEX_POINT ( 'NONE', #6166 ) ;
#4240 = SURFACE_SIDE_STYLE ('',( #6633 ) ) ;
#4241 = DIRECTION ( 'NONE',  ( 0.0000000000000000000, 0.0000000000000000000, 1.000000000000000000 ) ) ;
#4242 = EDGE_CURVE ( 'NONE', #10102, #1058, #794, .T. ) ;
#4243 = MECHANICAL_DESIGN_GEOMETRIC_PRESENTATION_REPRESENTATION (  '', ( #2661 ), #8337 ) ;
#4244 = PLANE ( 'NONE',  #9303 ) ;
#4245 =( NAMED_UNIT ( * ) SI_UNIT ( $, .STERADIAN. ) SOLID_ANGLE_UNIT ( ) );
#4246 = PRESENTATION_STYLE_ASSIGNMENT (( #4318 ) ) ;
#4247 = DIRECTION ( 'NONE',  ( -0.0000000000000000000, -1.000000000000000000, -0.0000000000000000000 ) ) ;
#4248 = COLOUR_RGB ( '',0.6392156862745097500, 0.6117647058823529900, 0.5999999999999999800 ) ;
#4249 = DIRECTION ( 'NONE',  ( 0.0000000000000000000, 1.000000000000000000, 0.0000000000000000000 ) ) ;
#4250 = LINE ( 'NONE', #9040, #5629 ) ;
#4251 = ORIENTED_EDGE ( 'NONE', *, *, #7860, .F. ) ;
#4253 = ORIENTED_EDGE ( 'NONE', *, *, #2355, .T. ) ;
#4252 = PLANE ( 'NONE',  #2697 ) ;
#4254 = EDGE_LOOP ( 'NONE', ( #5260, #5266, #7952, #2883 ) ) ;
#4255 =( NAMED_UNIT ( * ) SI_UNIT ( $, .STERADIAN. ) SOLID_ANGLE_UNIT ( ) );
#4256 = VECTOR ( 'NONE', #3088, 999.9999999999998900 ) ;
#4257 = FACE_OUTER_BOUND ( 'NONE', #10026, .T. ) ;
#4258 = UNCERTAINTY_MEASURE_WITH_UNIT (LENGTH_MEASURE( 1.000000000000000100E-005 ), #284, 'distance_accuracy_value', 'NONE');
#4259 = CARTESIAN_POINT ( 'NONE',  ( -44.95000000000018000, -13.99999999999999800, 20.00000000000000000 ) ) ;
#4260 = ORIENTED_EDGE ( 'NONE', *, *, #7352, .T. ) ;
#4261 = STYLED_ITEM ( 'NONE', ( #4000 ), #9987 ) ;
#4262 = VERTEX_POINT ( 'NONE', #4522 ) ;
#4263 = VECTOR ( 'NONE', #8590, 1000.000000000000100 ) ;
#4264 = PLANE ( 'NONE',  #1767 ) ;
#4265 = SURFACE_SIDE_STYLE ('',( #1582 ) ) ;
#4266 = DIRECTION ( 'NONE',  ( 0.0000000000000000000, 0.0000000000000000000, 1.000000000000000000 ) ) ;
#4267 = FILL_AREA_STYLE_COLOUR ( '', #4520 ) ;
#4268 = DIRECTION ( 'NONE',  ( -0.0000000000000000000, -0.0000000000000000000, 1.000000000000000000 ) ) ;
#4269 = LINE ( 'NONE', #7305, #370 ) ;
#4270 = AXIS2_PLACEMENT_3D ( 'NONE', #5776, #8912, #2719 ) ;
#4271 = FACE_OUTER_BOUND ( 'NONE', #9343, .T. ) ;
#4272 = SURFACE_STYLE_FILL_AREA ( #6618 ) ;
#4273 = DIRECTION ( 'NONE',  ( -0.0000000000000000000, -0.0000000000000000000, -1.000000000000000000 ) ) ;
#4274 = PRESENTATION_LAYER_ASSIGNMENT (  '', '', ( #4950 ) ) ;
#4275 = DIRECTION ( 'NONE',  ( 0.0000000000000000000, 1.000000000000000000, 0.0000000000000000000 ) ) ;
#4276 = CARTESIAN_POINT ( 'NONE',  ( -60.00000000000005700, 22.99999999999995400, 7.999999999999998200 ) ) ;
#4277 = CARTESIAN_POINT ( 'NONE',  ( 135.0000000000000600, -79.92893218813439700, 29.40943406254641700 ) ) ;
#4278 = CARTESIAN_POINT ( 'NONE',  ( 114.9289321881344800, 115.0000000000000000, 3.000000000000049300 ) ) ;
#4279 = FILL_AREA_STYLE ('',( #1976 ) ) ;
#4280 = LINE ( 'NONE', #8899, #2918 ) ;
#4281 = VERTEX_POINT ( 'NONE', #8128 ) ;
#4282 = FILL_AREA_STYLE_COLOUR ( '', #3572 ) ;
#4283 = ADVANCED_FACE ( 'NONE', ( #1519 ), #584, .T. ) ;
#4284 =( LENGTH_UNIT ( ) NAMED_UNIT ( * ) SI_UNIT ( .MILLI., .METRE. ) );
#4285 =( GEOMETRIC_REPRESENTATION_CONTEXT ( 3 ) GLOBAL_UNCERTAINTY_ASSIGNED_CONTEXT ( ( #1569 ) ) GLOBAL_UNIT_ASSIGNED_CONTEXT ( ( #937, #8096, #5705 ) ) REPRESENTATION_CONTEXT ( 'NONE', 'WORKASPACE' ) );
#4286 = EDGE_LOOP ( 'NONE', ( #5196, #5608, #6336, #3575 ) ) ;
#4287 = EDGE_CURVE ( 'NONE', #6235, #1690, #9723, .T. ) ;
#4288 = PRESENTATION_LAYER_ASSIGNMENT (  '', '', ( #7798 ) ) ;
#4289 = CARTESIAN_POINT ( 'NONE',  ( 140.0000000000000000, 28.00000000000001400, -14.99999999999998600 ) ) ;
#4290 = DIRECTION ( 'NONE',  ( 0.0000000000000000000, 1.000000000000000000, -0.0000000000000000000 ) ) ;
#4291 = EDGE_CURVE ( 'NONE', #2877, #9740, #7995, .T. ) ;
#4292 = EDGE_LOOP ( 'NONE', ( #7789, #7649, #4915, #3951 ) ) ;
#4293 = VECTOR ( 'NONE', #2339, 1000.000000000000000 ) ;
#4294 = FILL_AREA_STYLE_COLOUR ( '', #9948 ) ;
#4295 =( LENGTH_UNIT ( ) NAMED_UNIT ( * ) SI_UNIT ( .MILLI., .METRE. ) );
#4296 =( NAMED_UNIT ( * ) SI_UNIT ( $, .STERADIAN. ) SOLID_ANGLE_UNIT ( ) );
#4297 =( LENGTH_UNIT ( ) NAMED_UNIT ( * ) SI_UNIT ( .MILLI., .METRE. ) );
#4298 = LINE ( 'NONE', #2825, #6780 ) ;
#4299 = AXIS2_PLACEMENT_3D ( 'NONE', #2438, #5717, #7249 ) ;
#4300 = VERTEX_POINT ( 'NONE', #8386 ) ;
#4301 = PRESENTATION_STYLE_ASSIGNMENT (( #2973 ) ) ;
#4302 = EDGE_CURVE ( 'NONE', #9743, #4491, #1496, .T. ) ;
#4303 = MECHANICAL_DESIGN_GEOMETRIC_PRESENTATION_REPRESENTATION (  '', ( #656 ), #2 ) ;
#4304 = DIRECTION ( 'NONE',  ( 1.000000000000000000, 0.0000000000000000000, 0.0000000000000000000 ) ) ;
#4305 = DIRECTION ( 'NONE',  ( 1.000000000000000000, -0.0000000000000000000, -0.0000000000000000000 ) ) ;
#4306 = LINE ( 'NONE', #7354, #4801 ) ;
#4307 = DIRECTION ( 'NONE',  ( -0.0000000000000000000, 0.0000000000000000000, -1.000000000000000000 ) ) ;
#4308 = DIRECTION ( 'NONE',  ( -1.000000000000000000, -7.715974976096476800E-017, 8.872693066038574800E-018 ) ) ;
#4309 = ADVANCED_FACE ( 'NONE', ( #2943 ), #2109, .F. ) ;
#4310 = VERTEX_POINT ( 'NONE', #7569 ) ;
#4311 = FILL_AREA_STYLE_COLOUR ( '', #1665 ) ;
#4312 = LINE ( 'NONE', #9732, #3319 ) ;
#4313 = UNCERTAINTY_MEASURE_WITH_UNIT (LENGTH_MEASURE( 1.000000000000000100E-005 ), #1782, 'distance_accuracy_value', 'NONE');
#4314 = FILL_AREA_STYLE ('',( #9505 ) ) ;
#4315 = DIRECTION ( 'NONE',  ( 0.0000000000000000000, 0.0000000000000000000, 1.000000000000000000 ) ) ;
#4316 = MECHANICAL_DESIGN_GEOMETRIC_PRESENTATION_REPRESENTATION (  '', ( #1511 ), #2013 ) ;
#4317 = AXIS2_PLACEMENT_3D ( 'NONE', #312, #4188, #1108 ) ;
#4318 = SURFACE_STYLE_USAGE ( .BOTH. , #2865 ) ;
#4319 = VERTEX_POINT ( 'NONE', #1350 ) ;
#4320 = ORIENTED_EDGE ( 'NONE', *, *, #9475, .T. ) ;
#4321 = DIRECTION ( 'NONE',  ( 0.0000000000000000000, -0.0000000000000000000, 1.000000000000000000 ) ) ;
#4322 = DIRECTION ( 'NONE',  ( 0.8660254037844379300, 0.0000000000000000000, -0.5000000000000012200 ) ) ;
#4323 = SURFACE_SIDE_STYLE ('',( #9965 ) ) ;
#4324 = FACE_BOUND ( 'NONE', #10104, .T. ) ;
#4325 = VERTEX_POINT ( 'NONE', #5930 ) ;
#4326 =( NAMED_UNIT ( * ) SI_UNIT ( $, .STERADIAN. ) SOLID_ANGLE_UNIT ( ) );
#4327 = LINE ( 'NONE', #9837, #4965 ) ;
#4328 = ORIENTED_EDGE ( 'NONE', *, *, #8458, .F. ) ;
#4329 = CARTESIAN_POINT ( 'NONE',  ( -58.00000000000004300, -5.999999999999992900, 18.00000000000000000 ) ) ;
#4330 = FILL_AREA_STYLE ('',( #5063 ) ) ;
#4331 = SURFACE_SIDE_STYLE ('',( #136 ) ) ;
#4332 = STYLED_ITEM ( 'NONE', ( #3078 ), #2319 ) ;
#4333 = ORIENTED_EDGE ( 'NONE', *, *, #4771, .F. ) ;
#4334 = FACE_OUTER_BOUND ( 'NONE', #2684, .T. ) ;
#4335 = ORIENTED_EDGE ( 'NONE', *, *, #2496, .T. ) ;
#4336 = LINE ( 'NONE', #9671, #4198 ) ;
#4337 = VERTEX_POINT ( 'NONE', #8327 ) ;
#4338 = ADVANCED_FACE ( 'NONE', ( #5064 ), #5803, .T. ) ;
#4339 = SURFACE_STYLE_FILL_AREA ( #6464 ) ;
#4340 = DIRECTION ( 'NONE',  ( 0.2810846377148205600, -0.6785983445458451100, 0.6785983445458488900 ) ) ;
#4341 = ORIENTED_EDGE ( 'NONE', *, *, #8575, .T. ) ;
#4342 =( NAMED_UNIT ( * ) SI_UNIT ( $, .STERADIAN. ) SOLID_ANGLE_UNIT ( ) );
#4343 = FILL_AREA_STYLE ('',( #2611 ) ) ;
#4344 = CARTESIAN_POINT ( 'NONE',  ( 135.0000000000000600, -79.92893218813439700, 43.00000000000000000 ) ) ;
#4345 = FACE_OUTER_BOUND ( 'NONE', #55, .T. ) ;
#4346 = COLOUR_RGB ( '',0.2941176470588235400, 0.2941176470588235400, 0.2941176470588235400 ) ;
#4347 = ORIENTED_EDGE ( 'NONE', *, *, #5642, .T. ) ;
#4348 = PLANE ( 'NONE',  #1211 ) ;
#4349 = ORIENTED_EDGE ( 'NONE', *, *, #2047, .F. ) ;
#4350 = PRESENTATION_LAYER_ASSIGNMENT (  '', '', ( #700 ) ) ;
#4351 = LINE ( 'NONE', #9251, #9871 ) ;
#4352 = ORIENTED_EDGE ( 'NONE', *, *, #3639, .T. ) ;
#4353 =( NAMED_UNIT ( * ) SI_UNIT ( $, .STERADIAN. ) SOLID_ANGLE_UNIT ( ) );
#4354 = EDGE_CURVE ( 'NONE', #9164, #7459, #1846, .T. ) ;
#4355 = PRESENTATION_LAYER_ASSIGNMENT (  '', '', ( #7722 ) ) ;
#4356 = DIRECTION ( 'NONE',  ( 0.0000000000000000000, 1.000000000000000000, 0.0000000000000000000 ) ) ;
#4357 = EDGE_CURVE ( 'NONE', #6592, #2857, #4549, .T. ) ;
#4358 = CARTESIAN_POINT ( 'NONE',  ( -49.45000000000001700, -49.99999999999998600, 21.20000000000002100 ) ) ;
#4359 =( NAMED_UNIT ( * ) SI_UNIT ( $, .STERADIAN. ) SOLID_ANGLE_UNIT ( ) );
#4360 = PRESENTATION_STYLE_ASSIGNMENT (( #3781 ) ) ;
#4361 = CIRCLE ( 'NONE', #7523, 4.999999999999997300 ) ;
#4362 = CARTESIAN_POINT ( 'NONE',  ( -32.13487607169489000, 110.1348760716947900, -1.086268125595458900 ) ) ;
#4363 = ORIENTED_EDGE ( 'NONE', *, *, #5953, .T. ) ;
#4364 = VECTOR ( 'NONE', #6993, 1000.000000000000000 ) ;
#4365 = LINE ( 'NONE', #5843, #9395 ) ;
#4366 = ORIENTED_EDGE ( 'NONE', *, *, #8953, .T. ) ;
#4367 = DIRECTION ( 'NONE',  ( 0.0000000000000000000, 1.000000000000000000, -0.0000000000000000000 ) ) ;
#4368 = DIRECTION ( 'NONE',  ( -1.000000000000000000, 0.0000000000000000000, 0.0000000000000000000 ) ) ;
#4369 = MECHANICAL_DESIGN_GEOMETRIC_PRESENTATION_REPRESENTATION (  '', ( #7734 ), #5450 ) ;
#4370 = LINE ( 'NONE', #4422, #3864 ) ;
#4371 = LINE ( 'NONE', #9778, #2026 ) ;
#4372 = EDGE_CURVE ( 'NONE', #2019, #4310, #3685, .T. ) ;
#4373 = AXIS2_PLACEMENT_3D ( 'NONE', #2050, #8254, #2012 ) ;
#4374 = DIRECTION ( 'NONE',  ( -0.0000000000000000000, -1.000000000000000000, -0.0000000000000000000 ) ) ;
#4375 = SURFACE_SIDE_STYLE ('',( #9234 ) ) ;
#4376 = SURFACE_STYLE_USAGE ( .BOTH. , #1230 ) ;
#4377 = EDGE_LOOP ( 'NONE', ( #3920, #7714, #6964, #3730 ) ) ;
#4378 = ORIENTED_EDGE ( 'NONE', *, *, #8376, .F. ) ;
#4379 = CARTESIAN_POINT ( 'NONE',  ( 10.71056658114729700, 16.00000000000000000, 12.55124549639639600 ) ) ;
#4380 = VECTOR ( 'NONE', #6391, 1000.000000000000000 ) ;
#4381 = FACE_OUTER_BOUND ( 'NONE', #724, .T. ) ;
#4382 = VECTOR ( 'NONE', #5782, 1000.000000000000100 ) ;
#4383 = FACE_OUTER_BOUND ( 'NONE', #5357, .T. ) ;
#4384 = CARTESIAN_POINT ( 'NONE',  ( 2.598076211353314200, 16.00000000000000000, 1.499999999999998700 ) ) ;
#4385 = FILL_AREA_STYLE_COLOUR ( '', #6132 ) ;
#4386 = DIRECTION ( 'NONE',  ( -0.5000000000000008900, 0.0000000000000000000, -0.8660254037844380400 ) ) ;
#4387 = EDGE_CURVE ( 'NONE', #4470, #7906, #399, .T. ) ;
#4388 = MECHANICAL_DESIGN_GEOMETRIC_PRESENTATION_REPRESENTATION (  '', ( #9125 ), #2444 ) ;
#4389 = ORIENTED_EDGE ( 'NONE', *, *, #769, .F. ) ;
#4390 = FILL_AREA_STYLE_COLOUR ( '', #336 ) ;
#4391 = UNCERTAINTY_MEASURE_WITH_UNIT (LENGTH_MEASURE( 1.000000000000000100E-005 ), #390, 'distance_accuracy_value', 'NONE');
#4392 = VECTOR ( 'NONE', #5463, 1000.000000000000000 ) ;
#4393 = EDGE_CURVE ( 'NONE', #291, #380, #2436, .T. ) ;
#4394 = DIRECTION ( 'NONE',  ( 0.7071067811865487900, -0.7071067811865463500, 0.0000000000000000000 ) ) ;
#4395 = EDGE_LOOP ( 'NONE', ( #954, #2295, #7575, #5660 ) ) ;
#4396 = CARTESIAN_POINT ( 'NONE',  ( -2.000000000000001800, 62.00000000000002800, 16.00000000000000000 ) ) ;
#4397 = DIRECTION ( 'NONE',  ( 0.0000000000000000000, 1.000000000000000000, -0.0000000000000000000 ) ) ;
#4398 = ADVANCED_FACE ( 'NONE', ( #3194 ), #6912, .F. ) ;
#4399 =( NAMED_UNIT ( * ) SI_UNIT ( $, .STERADIAN. ) SOLID_ANGLE_UNIT ( ) );
#4400 = CIRCLE ( 'NONE', #7088, 16.50000000000000000 ) ;
#4401 = SURFACE_STYLE_USAGE ( .BOTH. , #4323 ) ;
#4402 =( GEOMETRIC_REPRESENTATION_CONTEXT ( 3 ) GLOBAL_UNCERTAINTY_ASSIGNED_CONTEXT ( ( #5977 ) ) GLOBAL_UNIT_ASSIGNED_CONTEXT ( ( #9926, #7518, #495 ) ) REPRESENTATION_CONTEXT ( 'NONE', 'WORKASPACE' ) );
#4403 = PRESENTATION_LAYER_ASSIGNMENT (  '', '', ( #1953 ) ) ;
#4404 = CARTESIAN_POINT ( 'NONE',  ( -45.70000000000000300, -67.99999999999998600, 21.20000000000002100 ) ) ;
#4405 = LINE ( 'NONE', #9078, #4142 ) ;
#4406 =( NAMED_UNIT ( * ) PLANE_ANGLE_UNIT ( ) SI_UNIT ( $, .RADIAN. ) );
#4407 = ORIENTED_EDGE ( 'NONE', *, *, #133, .T. ) ;
#4408 = ORIENTED_EDGE ( 'NONE', *, *, #2898, .T. ) ;
#4409 = EDGE_CURVE ( 'NONE', #7684, #9748, #1363, .T. ) ;
#4410 = DIRECTION ( 'NONE',  ( -0.0000000000000000000, -0.0000000000000000000, -1.000000000000000000 ) ) ;
#4411 = AXIS2_PLACEMENT_3D ( 'NONE', #9940, #1458, #6956 ) ;
#4412 = VECTOR ( 'NONE', #3916, 1000.000000000000000 ) ;
#4413 = CARTESIAN_POINT ( 'NONE',  ( -10.70000000000000500, -74.00000000000000000, 19.99999999999999600 ) ) ;
#4414 = PRESENTATION_LAYER_ASSIGNMENT (  '', '', ( #3162 ) ) ;
#4415 = CARTESIAN_POINT ( 'NONE',  ( 1.500000000000006900, 16.00000000000000000, -2.598076211353325300 ) ) ;
#4416 =( NAMED_UNIT ( * ) SI_UNIT ( $, .STERADIAN. ) SOLID_ANGLE_UNIT ( ) );
#4417 = LINE ( 'NONE', #8040, #1489 ) ;
#4418 = EDGE_CURVE ( 'NONE', #2842, #7690, #35, .T. ) ;
#4419 = ADVANCED_FACE ( 'NONE', ( #9713 ), #6099, .T. ) ;
#4420 = CARTESIAN_POINT ( 'NONE',  ( -45.70000000000000300, -31.99999999999999300, 21.20000000000002100 ) ) ;
#4421 = DIRECTION ( 'NONE',  ( 0.0000000000000000000, 0.0000000000000000000, 1.000000000000000000 ) ) ;
#4422 = CARTESIAN_POINT ( 'NONE',  ( 257.0000000000000600, -6.000000000000009800, 24.00000000000000000 ) ) ;
#4423 = VERTEX_POINT ( 'NONE', #5393 ) ;
#4424 = VECTOR ( 'NONE', #3182, 1000.000000000000100 ) ;
#4425 = AXIS2_PLACEMENT_3D ( 'NONE', #619, #4527, #1456 ) ;
#4426 = EDGE_CURVE ( 'NONE', #9034, #2729, #6894, .T. ) ;
#4427 =( GEOMETRIC_REPRESENTATION_CONTEXT ( 3 ) GLOBAL_UNCERTAINTY_ASSIGNED_CONTEXT ( ( #9855 ) ) GLOBAL_UNIT_ASSIGNED_CONTEXT ( ( #129, #3952, #7174 ) ) REPRESENTATION_CONTEXT ( 'NONE', 'WORKASPACE' ) );
#4428 = DIRECTION ( 'NONE',  ( 1.000000000000000000, 2.538619720941669000E-016, 0.0000000000000000000 ) ) ;
#4429 = EDGE_CURVE ( 'NONE', #1042, #145, #6041, .T. ) ;
#4430 = FACE_OUTER_BOUND ( 'NONE', #3040, .T. ) ;
#4431 = DIRECTION ( 'NONE',  ( 3.097720492815727200E-016, 0.0000000000000000000, 1.000000000000000000 ) ) ;
#4432 = VECTOR ( 'NONE', #1217, 1000.000000000000000 ) ;
#4433 = SURFACE_STYLE_USAGE ( .BOTH. , #2062 ) ;
#4434 =( NAMED_UNIT ( * ) PLANE_ANGLE_UNIT ( ) SI_UNIT ( $, .RADIAN. ) );
#4435 = AXIS2_PLACEMENT_3D ( 'NONE', #8430, #4446, #4578 ) ;
#4436 = LINE ( 'NONE', #9452, #8990 ) ;
#4437 = ADVANCED_FACE ( 'NONE', ( #3673 ), #7709, .F. ) ;
#4438 = EDGE_CURVE ( 'NONE', #8284, #3142, #8842, .T. ) ;
#4439 = AXIS2_PLACEMENT_3D ( 'NONE', #6410, #5576, #3174 ) ;
#4440 = ORIENTED_EDGE ( 'NONE', *, *, #6503, .F. ) ;
#4441 = DIRECTION ( 'NONE',  ( -0.0000000000000000000, -1.000000000000000000, -0.0000000000000000000 ) ) ;
#4442 = UNCERTAINTY_MEASURE_WITH_UNIT (LENGTH_MEASURE( 1.000000000000000100E-005 ), #7659, 'distance_accuracy_value', 'NONE');
#4443 = SHAPE_DEFINITION_REPRESENTATION ( #7555, #9949 ) ;
#4444 = ORIENTED_EDGE ( 'NONE', *, *, #4291, .T. ) ;
#4445 = CARTESIAN_POINT ( 'NONE',  ( 135.0000000000000600, -6.000000000000009800, 24.00000000000000000 ) ) ;
#4446 = DIRECTION ( 'NONE',  ( -0.7071067811865477900, 0.4999999999999998300, -0.4999999999999998300 ) ) ;
#4448 = FACE_OUTER_BOUND ( 'NONE', #4292, .T. ) ;
#4447 = FILL_AREA_STYLE_COLOUR ( '', #9578 ) ;
#4449 = CARTESIAN_POINT ( 'NONE',  ( -6.000000000000006200, 10.00000000000000000, -13.99999999999999800 ) ) ;
#4450 = ORIENTED_EDGE ( 'NONE', *, *, #3096, .F. ) ;
#4451 = DIRECTION ( 'NONE',  ( -0.0000000000000000000, -1.000000000000000000, -0.0000000000000000000 ) ) ;
#4452 = DIRECTION ( 'NONE',  ( -3.965082230804130200E-016, 1.000000000000000000, 0.0000000000000000000 ) ) ;
#4453 = VECTOR ( 'NONE', #8417, 1000.000000000000000 ) ;
#4454 = PRESENTATION_LAYER_ASSIGNMENT (  '', '', ( #2669 ) ) ;
#4455 = AXIS2_PLACEMENT_3D ( 'NONE', #6150, #8466, #1410 ) ;
#4457 = CARTESIAN_POINT ( 'NONE',  ( -10.70000000000019100, -19.99999999999997500, 18.99999999999999600 ) ) ;
#4456 = LINE ( 'NONE', #2098, #3837 ) ;
#4458 = ORIENTED_EDGE ( 'NONE', *, *, #4889, .T. ) ;
#4459 = EDGE_LOOP ( 'NONE', ( #3060, #2592, #6934, #2869 ) ) ;
#4460 = DIRECTION ( 'NONE',  ( -0.0000000000000000000, 0.7071067811865474600, 0.7071067811865474600 ) ) ;
#4461 = FILL_AREA_STYLE_COLOUR ( '', #10058 ) ;
#4462 = ORIENTED_EDGE ( 'NONE', *, *, #983, .T. ) ;
#4463 = ORIENTED_EDGE ( 'NONE', *, *, #8568, .T. ) ;
#4464 = DIRECTION ( 'NONE',  ( 1.000000000000000000, 0.0000000000000000000, 0.0000000000000000000 ) ) ;
#4465 = CARTESIAN_POINT ( 'NONE',  ( -10.71056658114728900, 16.00000000000000000, 12.55124549639640300 ) ) ;
#4466 = STYLED_ITEM ( 'NONE', ( #5931 ), #2228 ) ;
#4467 = AXIS2_PLACEMENT_3D ( 'NONE', #9616, #999, #4081 ) ;
#4468 = VECTOR ( 'NONE', #5509, 1000.000000000000000 ) ;
#4469 = CARTESIAN_POINT ( 'NONE',  ( 0.0000000000000000000, 16.00000000000000000, 0.0000000000000000000 ) ) ;
#4470 = VERTEX_POINT ( 'NONE', #3081 ) ;
#4471 = EDGE_LOOP ( 'NONE', ( #8211, #7712, #2101, #8923 ) ) ;
#4472 = CARTESIAN_POINT ( 'NONE',  ( 137.0000000000000000, -6.000000000000009800, 24.00000000000000000 ) ) ;
#4473 = DIRECTION ( 'NONE',  ( -0.0000000000000000000, -0.0000000000000000000, 1.000000000000000000 ) ) ;
#4474 =( NAMED_UNIT ( * ) PLANE_ANGLE_UNIT ( ) SI_UNIT ( $, .RADIAN. ) );
#4475 =( GEOMETRIC_REPRESENTATION_CONTEXT ( 3 ) GLOBAL_UNCERTAINTY_ASSIGNED_CONTEXT ( ( #10029 ) ) GLOBAL_UNIT_ASSIGNED_CONTEXT ( ( #5524, #7115, #7807 ) ) REPRESENTATION_CONTEXT ( 'NONE', 'WORKASPACE' ) );
#4476 = VERTEX_POINT ( 'NONE', #8649 ) ;
#4477 = VECTOR ( 'NONE', #7216, 1000.000000000000100 ) ;
#4478 = EDGE_CURVE ( 'NONE', #6717, #8927, #280, .T. ) ;
#4479 = MECHANICAL_DESIGN_GEOMETRIC_PRESENTATION_REPRESENTATION (  '', ( #8892 ), #9930 ) ;
#4480 = CARTESIAN_POINT ( 'NONE',  ( 137.0000000000000000, -81.22351915977417000, 39.21533589650877600 ) ) ;
#4481 = LINE ( 'NONE', #1592, #5861 ) ;
#4482 = ORIENTED_EDGE ( 'NONE', *, *, #738, .T. ) ;
#4483 = EDGE_CURVE ( 'NONE', #2984, #4130, #8477, .T. ) ;
#4484 =( LENGTH_UNIT ( ) NAMED_UNIT ( * ) SI_UNIT ( .MILLI., .METRE. ) );
#4485 = EDGE_LOOP ( 'NONE', ( #5241, #3138, #1303, #490 ) ) ;
#4486 = ADVANCED_FACE ( 'NONE', ( #8601 ), #6774, .T. ) ;
#4487 = DIRECTION ( 'NONE',  ( -3.469446951953614700E-016, 1.000000000000000000, 0.0000000000000000000 ) ) ;
#4488 = DIRECTION ( 'NONE',  ( -1.000000000000000000, -7.751679288539131300E-017, 8.898818172703931000E-018 ) ) ;
#4489 = DIRECTION ( 'NONE',  ( -1.000000000000000000, 0.0000000000000000000, 0.0000000000000000000 ) ) ;
#4490 = SURFACE_STYLE_FILL_AREA ( #6446 ) ;
#4491 = VERTEX_POINT ( 'NONE', #3996 ) ;
#4492 = CARTESIAN_POINT ( 'NONE',  ( -38.70000000000006700, -55.99999999999997900, 19.99999999999999600 ) ) ;
#4493 = UNCERTAINTY_MEASURE_WITH_UNIT (LENGTH_MEASURE( 1.000000000000000100E-005 ), #6486, 'distance_accuracy_value', 'NONE');
#4494 =( GEOMETRIC_REPRESENTATION_CONTEXT ( 3 ) GLOBAL_UNCERTAINTY_ASSIGNED_CONTEXT ( ( #1324 ) ) GLOBAL_UNIT_ASSIGNED_CONTEXT ( ( #7969, #196, #1087 ) ) REPRESENTATION_CONTEXT ( 'NONE', 'WORKASPACE' ) );
#4495 = EDGE_LOOP ( 'NONE', ( #7160, #7181, #7247, #4458 ) ) ;
#4496 = ORIENTED_EDGE ( 'NONE', *, *, #3157, .F. ) ;
#4497 = EDGE_CURVE ( 'NONE', #7531, #4924, #152, .T. ) ;
#4498 = AXIS2_PLACEMENT_3D ( 'NONE', #1785, #4104, #4884 ) ;
#4499 =( NAMED_UNIT ( * ) SI_UNIT ( $, .STERADIAN. ) SOLID_ANGLE_UNIT ( ) );
#4500 = DIRECTION ( 'NONE',  ( 0.4999999999999999400, 0.0000000000000000000, -0.8660254037844387100 ) ) ;
#4501 = FACE_OUTER_BOUND ( 'NONE', #638, .T. ) ;
#4502 = LINE ( 'NONE', #3140, #1917 ) ;
#4503 = DIRECTION ( 'NONE',  ( -0.0000000000000000000, -0.0000000000000000000, 1.000000000000000000 ) ) ;
#4504 = LINE ( 'NONE', #3500, #10133 ) ;
#4505 = EDGE_LOOP ( 'NONE', ( #4816, #9497 ) ) ;
#4506 = PLANE ( 'NONE',  #5785 ) ;
#4507 = DIRECTION ( 'NONE',  ( 0.0000000000000000000, 1.000000000000000000, 0.0000000000000000000 ) ) ;
#4508 = VECTOR ( 'NONE', #7543, 1000.000000000000000 ) ;
#4509 = UNCERTAINTY_MEASURE_WITH_UNIT (LENGTH_MEASURE( 1.000000000000000100E-005 ), #6329, 'distance_accuracy_value', 'NONE');
#4510 = VECTOR ( 'NONE', #1137, 1000.000000000000000 ) ;
#4511 = PRESENTATION_STYLE_ASSIGNMENT (( #6794 ) ) ;
#4512 =( NAMED_UNIT ( * ) PLANE_ANGLE_UNIT ( ) SI_UNIT ( $, .RADIAN. ) );
#4513 = SURFACE_SIDE_STYLE ('',( #1583 ) ) ;
#4514 =( LENGTH_UNIT ( ) NAMED_UNIT ( * ) SI_UNIT ( .MILLI., .METRE. ) );
#4515 = LINE ( 'NONE', #4528, #2403 ) ;
#4516 = PRESENTATION_LAYER_ASSIGNMENT (  '', '', ( #7501 ) ) ;
#4517 = AXIS2_PLACEMENT_3D ( 'NONE', #1339, #3785, #6830 ) ;
#4518 = CARTESIAN_POINT ( 'NONE',  ( 143.3527310977960100, -68.38874669169715000, 11.35273109779605100 ) ) ;
#4519 =( NAMED_UNIT ( * ) SI_UNIT ( $, .STERADIAN. ) SOLID_ANGLE_UNIT ( ) );
#4520 = COLOUR_RGB ( '',0.9098039215686274400, 0.4431372549019607600, 0.03137254901960784300 ) ;
#4521 = EDGE_CURVE ( 'NONE', #6156, #2761, #2187, .T. ) ;
#4522 = CARTESIAN_POINT ( 'NONE',  ( -57.00000000000005000, -6.999999999999994700, 30.07317073170731400 ) ) ;
#4523 = SURFACE_SIDE_STYLE ('',( #1280 ) ) ;
#4524 = PRESENTATION_STYLE_ASSIGNMENT (( #1831 ) ) ;
#4525 = DIRECTION ( 'NONE',  ( -1.000000000000000000, 0.0000000000000000000, 1.445602896647338900E-016 ) ) ;
#4526 = VECTOR ( 'NONE', #898, 1000.000000000000000 ) ;
#4527 = DIRECTION ( 'NONE',  ( -0.0000000000000000000, -0.0000000000000000000, -1.000000000000000000 ) ) ;
#4528 = CARTESIAN_POINT ( 'NONE',  ( 135.0000000000000000, 22.99999999999995000, -14.99999999999993100 ) ) ;
#4529 = PRESENTATION_LAYER_ASSIGNMENT (  '', '', ( #5798 ) ) ;
#4530 = COLOUR_RGB ( '',1.000000000000000000, 1.000000000000000000, 1.000000000000000000 ) ;
#4531 = DIRECTION ( 'NONE',  ( 0.0000000000000000000, 0.0000000000000000000, 1.000000000000000000 ) ) ;
#4532 = ORIENTED_EDGE ( 'NONE', *, *, #7073, .T. ) ;
#4533 = DIRECTION ( 'NONE',  ( 0.0000000000000000000, 0.0000000000000000000, -1.000000000000000000 ) ) ;
#4534 = ORIENTED_EDGE ( 'NONE', *, *, #9715, .T. ) ;
#4535 = CARTESIAN_POINT ( 'NONE',  ( -10.00000000000008300, 32.99999999999998600, 18.00000000000000000 ) ) ;
#4536 = PLANE ( 'NONE',  #9019 ) ;
#4537 =( NAMED_UNIT ( * ) SI_UNIT ( $, .STERADIAN. ) SOLID_ANGLE_UNIT ( ) );
#4538 = SURFACE_STYLE_FILL_AREA ( #4899 ) ;
#4539 = ORIENTED_EDGE ( 'NONE', *, *, #8126, .F. ) ;
#4540 = VECTOR ( 'NONE', #7685, 1000.000000000000100 ) ;
#4541 = ADVANCED_FACE ( 'NONE', ( #8964 ), #4794, .T. ) ;
#4542 = DIRECTION ( 'NONE',  ( -1.000000000000000000, 0.0000000000000000000, 3.226857717675297300E-018 ) ) ;
#4543 = AXIS2_PLACEMENT_3D ( 'NONE', #8728, #179, #3302 ) ;
#4544 = AXIS2_PLACEMENT_3D ( 'NONE', #6671, #8184, #5101 ) ;
#4545 = SURFACE_STYLE_USAGE ( .BOTH. , #4513 ) ;
#4546 = EDGE_CURVE ( 'NONE', #7219, #8368, #8248, .T. ) ;
#4547 = CARTESIAN_POINT ( 'NONE',  ( -19.99999999999998900, -89.99999999999997200, -5.000000000000004400 ) ) ;
#4548 = ORIENTED_EDGE ( 'NONE', *, *, #1482, .F. ) ;
#4549 = LINE ( 'NONE', #2840, #9464 ) ;
#4550 =( NAMED_UNIT ( * ) SI_UNIT ( $, .STERADIAN. ) SOLID_ANGLE_UNIT ( ) );
#4551 = FILL_AREA_STYLE_COLOUR ( '', #8512 ) ;
#4552 = LINE ( 'NONE', #3502, #8262 ) ;
#4553 =( LENGTH_UNIT ( ) NAMED_UNIT ( * ) SI_UNIT ( .MILLI., .METRE. ) );
#4554 =( GEOMETRIC_REPRESENTATION_CONTEXT ( 3 ) GLOBAL_UNCERTAINTY_ASSIGNED_CONTEXT ( ( #6037 ) ) GLOBAL_UNIT_ASSIGNED_CONTEXT ( ( #7509, #7612, #544 ) ) REPRESENTATION_CONTEXT ( 'NONE', 'WORKASPACE' ) );
#4555 = VERTEX_POINT ( 'NONE', #5621 ) ;
#4556 = VECTOR ( 'NONE', #1064, 1000.000000000000000 ) ;
#4557 = EDGE_CURVE ( 'NONE', #2759, #3605, #1955, .T. ) ;
#4558 = PRESENTATION_LAYER_ASSIGNMENT (  '', '', ( #9492 ) ) ;
#4559 = SURFACE_SIDE_STYLE ('',( #4962 ) ) ;
#4560 = DIRECTION ( 'NONE',  ( -1.103661975445216100E-016, -0.7071067811865435800, 0.7071067811865514600 ) ) ;
#4561 = ADVANCED_FACE ( 'NONE', ( #4030 ), #4, .F. ) ;
#4562 = FACE_OUTER_BOUND ( 'NONE', #7086, .T. ) ;
#4563 = SURFACE_SIDE_STYLE ('',( #9144 ) ) ;
#4564 = SHAPE_REPRESENTATION ( 'scanner2', ( #6653, #2940, #3278, #6135 ), #8606 ) ;
#4565 = ORIENTED_EDGE ( 'NONE', *, *, #1757, .F. ) ;
#4566 =( NAMED_UNIT ( * ) PLANE_ANGLE_UNIT ( ) SI_UNIT ( $, .RADIAN. ) );
#4567 = UNCERTAINTY_MEASURE_WITH_UNIT (LENGTH_MEASURE( 1.000000000000000100E-005 ), #8515, 'distance_accuracy_value', 'NONE');
#4568 = DIRECTION ( 'NONE',  ( -0.0000000000000000000, -1.000000000000000000, -0.0000000000000000000 ) ) ;
#4569 = ORIENTED_EDGE ( 'NONE', *, *, #8575, .F. ) ;
#4570 = ORIENTED_EDGE ( 'NONE', *, *, #9623, .T. ) ;
#4571 = CIRCLE ( 'NONE', #4158, 6.000000000000000000 ) ;
#4572 = STYLED_ITEM ( 'NONE', ( #9538 ), #66 ) ;
#4573 =( GEOMETRIC_REPRESENTATION_CONTEXT ( 3 ) GLOBAL_UNCERTAINTY_ASSIGNED_CONTEXT ( ( #6226 ) ) GLOBAL_UNIT_ASSIGNED_CONTEXT ( ( #7163, #8696, #118 ) ) REPRESENTATION_CONTEXT ( 'NONE', 'WORKASPACE' ) );
#4574 = LINE ( 'NONE', #2576, #2216 ) ;
#4575 = ORIENTED_EDGE ( 'NONE', *, *, #7030, .T. ) ;
#4576 = EDGE_CURVE ( 'NONE', #2782, #7478, #3068, .T. ) ;
#4577 = ORIENTED_EDGE ( 'NONE', *, *, #2358, .T. ) ;
#4578 = DIRECTION ( 'NONE',  ( 0.0000000000000000000, -0.7071067811865474600, -0.7071067811865474600 ) ) ;
#4579 = CIRCLE ( 'NONE', #7444, 4.999999999999997300 ) ;
#4580 = CARTESIAN_POINT ( 'NONE',  ( 129.5147186257614200, -83.99999999999994300, 18.00000000000000000 ) ) ;
#4581 = ORIENTED_EDGE ( 'NONE', *, *, #7968, .F. ) ;
#4582 = CARTESIAN_POINT ( 'NONE',  ( -49.45000000000007400, -49.99999999999998600, 20.00000000000000000 ) ) ;
#4583 = COLOUR_RGB ( '',0.6392156862745097500, 0.6117647058823529900, 0.5999999999999999800 ) ;
#4584 = ORIENTED_EDGE ( 'NONE', *, *, #1, .F. ) ;
#4585 = FACE_OUTER_BOUND ( 'NONE', #8600, .T. ) ;
#4586 = VECTOR ( 'NONE', #7855, 1000.000000000000100 ) ;
#4587 = DIRECTION ( 'NONE',  ( -0.6785983445458455600, 0.2810846377148181800, -0.6785983445458493300 ) ) ;
#4588 = ORIENTED_EDGE ( 'NONE', *, *, #5492, .T. ) ;
#4589 = PRODUCT ( 'body', 'body', '', ( #1002 ) ) ;
#4590 = STYLED_ITEM ( 'NONE', ( #1644 ), #1127 ) ;
#4591 = AXIS2_PLACEMENT_3D ( 'NONE', #8787, #242, #2591 ) ;
#4592 = FILL_AREA_STYLE ('',( #8510 ) ) ;
#4593 = VECTOR ( 'NONE', #3048, 1000.000000000000000 ) ;
#4594 = ADVANCED_FACE ( 'NONE', ( #10050 ), #761, .T. ) ;
#4595 = VECTOR ( 'NONE', #2894, 1000.000000000000000 ) ;
#4596 = ORIENTED_EDGE ( 'NONE', *, *, #8953, .F. ) ;
#4597 = ORIENTED_EDGE ( 'NONE', *, *, #6835, .T. ) ;
#4598 = PLANE ( 'NONE',  #8826 ) ;
#4599 = ORIENTED_EDGE ( 'NONE', *, *, #6292, .T. ) ;
#4600 = DIRECTION ( 'NONE',  ( -0.6785983445458466700, 0.6785983445458466700, -0.2810846377148220100 ) ) ;
#4601 = VECTOR ( 'NONE', #9351, 1000.000000000000100 ) ;
#4602 = LINE ( 'NONE', #4944, #4858 ) ;
#4603 = EDGE_CURVE ( 'NONE', #542, #8053, #3911, .T. ) ;
#4604 =( NAMED_UNIT ( * ) PLANE_ANGLE_UNIT ( ) SI_UNIT ( $, .RADIAN. ) );
#4605 = CARTESIAN_POINT ( 'NONE',  ( -30.00000000000008200, 90.00000000000001400, 12.99999999999999800 ) ) ;
#4606 = ORIENTED_EDGE ( 'NONE', *, *, #5716, .F. ) ;
#4607 = CARTESIAN_POINT ( 'NONE',  ( 134.0000000000000600, -6.000000000000004400, 24.00000000000000000 ) ) ;
#4608 = MECHANICAL_DESIGN_GEOMETRIC_PRESENTATION_REPRESENTATION (  '', ( #4061 ), #2621 ) ;
#4609 = FACE_OUTER_BOUND ( 'NONE', #8639, .T. ) ;
#4610 = EDGE_LOOP ( 'NONE', ( #826, #1530 ) ) ;
#4611 = EDGE_LOOP ( 'NONE', ( #4842, #5093, #2926, #6363 ) ) ;
#4612 = PRESENTATION_LAYER_ASSIGNMENT (  '', '', ( #1600 ) ) ;
#4613 = DIRECTION ( 'NONE',  ( 0.7071067811865475700, 1.103971260012029400E-016, 0.7071067811865475700 ) ) ;
#4614 = COLOUR_RGB ( '',1.000000000000000000, 1.000000000000000000, 1.000000000000000000 ) ;
#4615 = SURFACE_STYLE_FILL_AREA ( #294 ) ;
#4616 = COLOUR_RGB ( '',1.000000000000000000, 1.000000000000000000, 1.000000000000000000 ) ;
#4617 = CARTESIAN_POINT ( 'NONE',  ( 0.0000000000000000000, 16.00000000000000000, 0.0000000000000000000 ) ) ;
#4618 = EDGE_LOOP ( 'NONE', ( #3474, #669, #5466, #3354 ) ) ;
#4619 = CARTESIAN_POINT ( 'NONE',  ( -46.45000000000008100, -49.99999999999998600, 20.00000000000000000 ) ) ;
#4620 =( LENGTH_UNIT ( ) NAMED_UNIT ( * ) SI_UNIT ( .MILLI., .METRE. ) );
#4621 = ADVANCED_FACE ( 'NONE', ( #7991, #9445 ), #8074, .T. ) ;
#4622 = ORIENTED_EDGE ( 'NONE', *, *, #7871, .F. ) ;
#4623 = PRESENTATION_LAYER_ASSIGNMENT (  '', '', ( #2297 ) ) ;
#4624 = SURFACE_STYLE_USAGE ( .BOTH. , #8470 ) ;
#4625 = PRESENTATION_STYLE_ASSIGNMENT (( #4677 ) ) ;
#4626 = LINE ( 'NONE', #8762, #8794 ) ;
#4627 = EDGE_CURVE ( 'NONE', #6845, #8887, #6270, .T. ) ;
#4628 = AXIS2_PLACEMENT_3D ( 'NONE', #4211, #6609, #6505 ) ;
#4629 =( LENGTH_UNIT ( ) NAMED_UNIT ( * ) SI_UNIT ( .MILLI., .METRE. ) );
#4630 = EDGE_CURVE ( 'NONE', #8050, #6111, #8592, .T. ) ;
#4631 = ORIENTED_EDGE ( 'NONE', *, *, #8324, .F. ) ;
#4632 = SURFACE_STYLE_FILL_AREA ( #9069 ) ;
#4633 = DIRECTION ( 'NONE',  ( -0.0000000000000000000, -0.0000000000000000000, 1.000000000000000000 ) ) ;
#4634 = DIRECTION ( 'NONE',  ( -0.0000000000000000000, 1.000000000000000000, -0.0000000000000000000 ) ) ;
#4635 = EDGE_LOOP ( 'NONE', ( #8840, #1695 ) ) ;
#4636 = UNCERTAINTY_MEASURE_WITH_UNIT (LENGTH_MEASURE( 1.000000000000000100E-005 ), #5946, 'distance_accuracy_value', 'NONE');
#4637 = CARTESIAN_POINT ( 'NONE',  ( -10.70000000000019100, -7.999999999999992900, 19.99999999999999600 ) ) ;
#4638 = FACE_OUTER_BOUND ( 'NONE', #5153, .T. ) ;
#4639 = VECTOR ( 'NONE', #3890, 999.9999999999998900 ) ;
#4640 = CARTESIAN_POINT ( 'NONE',  ( 140.9537178491527500, 28.95371784915276000, -15.39504286779634900 ) ) ;
#4641 = CARTESIAN_POINT ( 'NONE',  ( 232.9002952826898000, 17.97136309455533600, 22.24599782234960800 ) ) ;
#4643 = ORIENTED_EDGE ( 'NONE', *, *, #43, .T. ) ;
#4642 = PRESENTATION_LAYER_ASSIGNMENT (  '', '', ( #4093 ) ) ;
#4644 = EDGE_CURVE ( 'NONE', #4720, #7040, #9090, .T. ) ;
#4645 = AXIS2_PLACEMENT_3D ( 'NONE', #6555, #8939, #9769 ) ;
#4646 = FILL_AREA_STYLE_COLOUR ( '', #2266 ) ;
#4647 = CARTESIAN_POINT ( 'NONE',  ( 5.514414158440660100, 16.00000000000000000, -15.55124549639639800 ) ) ;
#4648 = DIRECTION ( 'NONE',  ( 0.0000000000000000000, 0.0000000000000000000, 1.000000000000000000 ) ) ;
#4649 = UNCERTAINTY_MEASURE_WITH_UNIT (LENGTH_MEASURE( 1.000000000000000100E-005 ), #4168, 'distance_accuracy_value', 'NONE');
#4650 = FACE_OUTER_BOUND ( 'NONE', #6839, .T. ) ;
#4651 = ADVANCED_FACE ( 'NONE', ( #1124 ), #8815, .T. ) ;
#4652 = CYLINDRICAL_SURFACE ( 'NONE', #1369, 4.999999999999997300 ) ;
#4653 = FILL_AREA_STYLE_COLOUR ( '', #3855 ) ;
#4654 = DIRECTION ( 'NONE',  ( 0.0000000000000000000, 0.0000000000000000000, 1.000000000000000000 ) ) ;
#4655 = LINE ( 'NONE', #9718, #2293 ) ;
#4656 = FILL_AREA_STYLE_COLOUR ( '', #4663 ) ;
#4657 = ORIENTED_EDGE ( 'NONE', *, *, #9192, .F. ) ;
#4658 = AXIS2_PLACEMENT_3D ( 'NONE', #2949, #4613, #6181 ) ;
#4659 = MECHANICAL_DESIGN_GEOMETRIC_PRESENTATION_REPRESENTATION (  '', ( #5730 ), #9783 ) ;
#4660 = DIRECTION ( 'NONE',  ( -1.239088197126290800E-016, -0.0000000000000000000, -1.000000000000000000 ) ) ;
#4661 = ORIENTED_EDGE ( 'NONE', *, *, #54, .F. ) ;
#4662 = CARTESIAN_POINT ( 'NONE',  ( -30.00000000000008200, 90.00000000000001400, 18.00000000000000000 ) ) ;
#4663 = COLOUR_RGB ( '',1.000000000000000000, 1.000000000000000000, 1.000000000000000000 ) ;
#4664 = EDGE_LOOP ( 'NONE', ( #3245, #4657, #610, #5831 ) ) ;
#4665 = PLANE ( 'NONE',  #1428 ) ;
#4666 = CARTESIAN_POINT ( 'NONE',  ( 134.0000000000000600, -79.51471862576130400, 18.00000000000000000 ) ) ;
#4667 = VECTOR ( 'NONE', #8747, 1000.000000000000000 ) ;
#4668 = DIRECTION ( 'NONE',  ( 0.0000000000000000000, -1.000000000000000000, 0.0000000000000000000 ) ) ;
#4669 = DIRECTION ( 'NONE',  ( -0.0000000000000000000, -1.000000000000000000, -0.0000000000000000000 ) ) ;
#4670 =( NAMED_UNIT ( * ) SI_UNIT ( $, .STERADIAN. ) SOLID_ANGLE_UNIT ( ) );
#4671 = ADVANCED_FACE ( 'NONE', ( #8358 ), #4841, .T. ) ;
#4672 = AXIS2_PLACEMENT_3D ( 'NONE', #412, #5904, #1105 ) ;
#4673 = SURFACE_STYLE_USAGE ( .BOTH. , #755 ) ;
#4674 = ORIENTED_EDGE ( 'NONE', *, *, #517, .T. ) ;
#4675 = COLOUR_RGB ( '',0.2823529411764705800, 0.6627450980392156600, 0.3254901960784313800 ) ;
#4676 = COLOUR_RGB ( '',0.9098039215686274400, 0.4431372549019607600, 0.03137254901960784300 ) ;
#4677 = SURFACE_STYLE_USAGE ( .BOTH. , #2183 ) ;
#4678 = DIRECTION ( 'NONE',  ( -0.0000000000000000000, -1.000000000000000000, -0.0000000000000000000 ) ) ;
#4679 = CARTESIAN_POINT ( 'NONE',  ( 0.0000000000000000000, -5.999999999999992900, 18.00000000000000000 ) ) ;
#4680 = FACE_OUTER_BOUND ( 'NONE', #5962, .T. ) ;
#4681 = SURFACE_STYLE_USAGE ( .BOTH. , #16 ) ;
#4682 = LINE ( 'NONE', #8716, #4936 ) ;
#4683 = AXIS2_PLACEMENT_3D ( 'NONE', #7109, #3947, #8570 ) ;
#4684 = EDGE_CURVE ( 'NONE', #5259, #7478, #260, .T. ) ;
#4685 = STYLED_ITEM ( 'NONE', ( #6131 ), #6454 ) ;
#4686 = EDGE_CURVE ( 'NONE', #9711, #9626, #5170, .T. ) ;
#4688 = VECTOR ( 'NONE', #1774, 1000.000000000000100 ) ;
#4687 =( NAMED_UNIT ( * ) PLANE_ANGLE_UNIT ( ) SI_UNIT ( $, .RADIAN. ) );
#4689 = LINE ( 'NONE', #839, #9359 ) ;
#4690 = EDGE_LOOP ( 'NONE', ( #902, #6759, #8519, #3139, #8884, #1205, #1065, #576, #2280, #955, #9211, #1392 ) ) ;
#4691 = SURFACE_SIDE_STYLE ('',( #13 ) ) ;
#4692 = ORIENTED_EDGE ( 'NONE', *, *, #3176, .T. ) ;
#4693 = ORIENTED_EDGE ( 'NONE', *, *, #5679, .F. ) ;
#4694 = DIRECTION ( 'NONE',  ( 0.0000000000000000000, 0.0000000000000000000, 1.000000000000000000 ) ) ;
#4695 =( LENGTH_UNIT ( ) NAMED_UNIT ( * ) SI_UNIT ( .MILLI., .METRE. ) );
#4696 = SURFACE_STYLE_FILL_AREA ( #5447 ) ;
#4697 = STYLED_ITEM ( 'NONE', ( #522 ), #4561 ) ;
#4698 = SURFACE_STYLE_FILL_AREA ( #8735 ) ;
#4699 = UNCERTAINTY_MEASURE_WITH_UNIT (LENGTH_MEASURE( 1.000000000000000100E-005 ), #6588, 'distance_accuracy_value', 'NONE');
#4700 = EDGE_CURVE ( 'NONE', #3377, #2132, #3055, .T. ) ;
#4701 = AXIS2_PLACEMENT_3D ( 'NONE', #4420, #642, #8379 ) ;
#4702 = EDGE_LOOP ( 'NONE', ( #6435, #5307, #604, #5055 ) ) ;
#4703 = DIRECTION ( 'NONE',  ( 1.000000000000000000, 0.0000000000000000000, 0.0000000000000000000 ) ) ;
#4704 = UNCERTAINTY_MEASURE_WITH_UNIT (LENGTH_MEASURE( 1.000000000000000100E-005 ), #8843, 'distance_accuracy_value', 'NONE');
#4705 = DIRECTION ( 'NONE',  ( 1.000000000000000000, 2.538619720941669000E-016, 0.0000000000000000000 ) ) ;
#4706 = LINE ( 'NONE', #4637, #10088 ) ;
#4707 = CARTESIAN_POINT ( 'NONE',  ( 134.0000000000000600, -5.999999999999992900, 38.00000000000000000 ) ) ;
#4708 = CARTESIAN_POINT ( 'NONE',  ( 127.7071067811866200, -59.70710678118648900, -9.908116907963236700 ) ) ;
#4709 = ORIENTED_EDGE ( 'NONE', *, *, #7267, .F. ) ;
#4710 = VECTOR ( 'NONE', #5275, 1000.000000000000000 ) ;
#4711 = SURFACE_STYLE_FILL_AREA ( #6684 ) ;
#4712 = SURFACE_SIDE_STYLE ('',( #3036 ) ) ;
#4713 = DIRECTION ( 'NONE',  ( -0.0000000000000000000, -0.0000000000000000000, -1.000000000000000000 ) ) ;
#4714 = SURFACE_SIDE_STYLE ('',( #492 ) ) ;
#4715 = VERTEX_POINT ( 'NONE', #1749 ) ;
#4716 = PRESENTATION_STYLE_ASSIGNMENT (( #1380 ) ) ;
#4717 = LINE ( 'NONE', #8021, #4086 ) ;
#4718 = AXIS2_PLACEMENT_3D ( 'NONE', #5506, #2357, #8667 ) ;
#4720 = VERTEX_POINT ( 'NONE', #9600 ) ;
#4719 = MECHANICAL_DESIGN_GEOMETRIC_PRESENTATION_REPRESENTATION (  '', ( #733 ), #9319 ) ;
#4721 = TOROIDAL_SURFACE ( 'NONE', #9033, 0.7500000000000072200, 3.000000000000000000 ) ;
#4722 = ORIENTED_EDGE ( 'NONE', *, *, #2615, .T. ) ;
#4723 = PRESENTATION_STYLE_ASSIGNMENT (( #5650 ) ) ;
#4724 = ORIENTED_EDGE ( 'NONE', *, *, #1215, .F. ) ;
#4725 = EDGE_CURVE ( 'NONE', #1756, #3825, #8582, .T. ) ;
#4726 = DIRECTION ( 'NONE',  ( 1.000000000000000000, 7.715974976096476800E-017, -9.503822836411521100E-018 ) ) ;
#4727 = CARTESIAN_POINT ( 'NONE',  ( -21.46979889422991800, -66.04026814102714100, -68.53020110577037400 ) ) ;
#4728 = DIRECTION ( 'NONE',  ( -1.000000000000000000, -2.538619720941669000E-016, 0.0000000000000000000 ) ) ;
#4729 = ADVANCED_FACE ( 'NONE', ( #1827 ), #7742, .F. ) ;
#4730 = CARTESIAN_POINT ( 'NONE',  ( 0.0000000000000000000, 16.00000000000000000, 0.0000000000000000000 ) ) ;
#4731 = EDGE_LOOP ( 'NONE', ( #8026, #8646, #4790, #8467 ) ) ;
#4732 = COLOUR_RGB ( '',1.000000000000000000, 1.000000000000000000, 1.000000000000000000 ) ;
#4733 = CARTESIAN_POINT ( 'NONE',  ( -60.00000000000005700, 22.99999999999995400, -19.99999999999998900 ) ) ;
#4734 = ORIENTED_EDGE ( 'NONE', *, *, #1263, .T. ) ;
#4735 =( GEOMETRIC_REPRESENTATION_CONTEXT ( 3 ) GLOBAL_UNCERTAINTY_ASSIGNED_CONTEXT ( ( #640 ) ) GLOBAL_UNIT_ASSIGNED_CONTEXT ( ( #6930, #1507, #662 ) ) REPRESENTATION_CONTEXT ( 'NONE', 'WORKASPACE' ) );
#4736 = CARTESIAN_POINT ( 'NONE',  ( 135.0000000000000600, -79.92893218813439700, 43.00000000000000000 ) ) ;
#4737 =( NAMED_UNIT ( * ) PLANE_ANGLE_UNIT ( ) SI_UNIT ( $, .RADIAN. ) );
#4738 = ORIENTED_EDGE ( 'NONE', *, *, #7968, .T. ) ;
#4739 = DIRECTION ( 'NONE',  ( 0.4999999999999999400, -0.0000000000000000000, 0.8660254037844387100 ) ) ;
#4740 = VERTEX_POINT ( 'NONE', #1120 ) ;
#4741 = CARTESIAN_POINT ( 'NONE',  ( 3.449228994783101500E-015, 20.00000000000000000, 14.00000000000000000 ) ) ;
#4742 = FACE_OUTER_BOUND ( 'NONE', #5110, .T. ) ;
#4743 = FACE_OUTER_BOUND ( 'NONE', #4485, .T. ) ;
#4744 = ORIENTED_EDGE ( 'NONE', *, *, #5438, .F. ) ;
#4745 = EDGE_LOOP ( 'NONE', ( #3828, #8287, #3468, #7594 ) ) ;
#4746 = CARTESIAN_POINT ( 'NONE',  ( 2.999999999999994700, 18.00000000000000400, -14.00000000000000000 ) ) ;
#4747 = ORIENTED_EDGE ( 'NONE', *, *, #3708, .F. ) ;
#4748 = ORIENTED_EDGE ( 'NONE', *, *, #7726, .T. ) ;
#4749 = DIRECTION ( 'NONE',  ( 1.000000000000000000, 0.0000000000000000000, -2.847060021387389100E-016 ) ) ;
#4750 = COLOUR_RGB ( '',0.2823529411764705800, 0.6627450980392156600, 0.3254901960784313800 ) ;
#4751 = SURFACE_STYLE_USAGE ( .BOTH. , #4714 ) ;
#4752 = AXIS2_PLACEMENT_3D ( 'NONE', #3456, #4249, #9744 ) ;
#4753 = VECTOR ( 'NONE', #153, 1000.000000000000000 ) ;
#4754 = PRESENTATION_LAYER_ASSIGNMENT (  '', '', ( #9997 ) ) ;
#4755 = ORIENTED_EDGE ( 'NONE', *, *, #9551, .T. ) ;
#4756 = EDGE_CURVE ( 'NONE', #2759, #3133, #6261, .T. ) ;
#4757 = PRODUCT_DEFINITION_SHAPE ( 'NONE', 'NONE',  #10137 ) ;
#4758 = ORIENTED_EDGE ( 'NONE', *, *, #1059, .F. ) ;
#4759 = EDGE_LOOP ( 'NONE', ( #3613, #4565, #1808, #2230 ) ) ;
#4760 = CARTESIAN_POINT ( 'NONE',  ( 15.55124549639639900, 0.0000000000000000000, 5.514414158440658300 ) ) ;
#4761 = CARTESIAN_POINT ( 'NONE',  ( -41.94999999999998900, -67.99999999999998600, 21.20000000000002100 ) ) ;
#4762 = CARTESIAN_POINT ( 'NONE',  ( -6.000000000000006200, 20.00000000000000000, -13.99999999999999800 ) ) ;
#4763 = DIRECTION ( 'NONE',  ( 0.0000000000000000000, 1.000000000000000000, 0.0000000000000000000 ) ) ;
#4764 = ORIENTED_EDGE ( 'NONE', *, *, #3384, .F. ) ;
#4765 = ORIENTED_EDGE ( 'NONE', *, *, #9681, .F. ) ;
#4766 = DIRECTION ( 'NONE',  ( 1.224646799147353200E-016, 1.000000000000000000, -0.0000000000000000000 ) ) ;
#4767 =( NAMED_UNIT ( * ) SI_UNIT ( $, .STERADIAN. ) SOLID_ANGLE_UNIT ( ) );
#4768 = AXIS2_PLACEMENT_3D ( 'NONE', #5999, #5207, #511 ) ;
#4769 = COLOUR_RGB ( '',0.9098039215686274400, 0.4431372549019607600, 0.03137254901960784300 ) ;
#4770 = UNCERTAINTY_MEASURE_WITH_UNIT (LENGTH_MEASURE( 1.000000000000000100E-005 ), #6529, 'distance_accuracy_value', 'NONE');
#4771 = EDGE_CURVE ( 'NONE', #6581, #7670, #3904, .T. ) ;
#4772 = LINE ( 'NONE', #5193, #9795 ) ;
#4773 = EDGE_CURVE ( 'NONE', #9290, #7670, #4655, .T. ) ;
#4774 = CARTESIAN_POINT ( 'NONE',  ( -49.72603787292737800, -85.20289431520711800, 39.70547844614137000 ) ) ;
#4775 = DIRECTION ( 'NONE',  ( 1.000000000000000000, 0.0000000000000000000, 0.0000000000000000000 ) ) ;
#4776 = PRESENTATION_STYLE_ASSIGNMENT (( #2203 ) ) ;
#4777 = FILL_AREA_STYLE_COLOUR ( '', #6074 ) ;
#4778 = VECTOR ( 'NONE', #6626, 1000.000000000000000 ) ;
#4779 = PRESENTATION_LAYER_ASSIGNMENT (  '', '', ( #7811 ) ) ;
#4780 = AXIS2_PLACEMENT_3D ( 'NONE', #5673, #6349, #6449 ) ;
#4781 = DIRECTION ( 'NONE',  ( 0.0000000000000000000, -0.0000000000000000000, 1.000000000000000000 ) ) ;
#4782 = DIRECTION ( 'NONE',  ( -1.018207257638561400E-015, -1.000000000000000000, 0.0000000000000000000 ) ) ;
#4783 = CARTESIAN_POINT ( 'NONE',  ( -44.95000000000018000, -13.99999999999999800, 23.00000000000000000 ) ) ;
#4784 = LINE ( 'NONE', #2461, #7623 ) ;
#4785 = ORIENTED_EDGE ( 'NONE', *, *, #4627, .T. ) ;
#4786 = ORIENTED_EDGE ( 'NONE', *, *, #2450, .F. ) ;
#4787 = CARTESIAN_POINT ( 'NONE',  ( -55.00000000000005700, -64.92893218813451000, 3.000000000000005800 ) ) ;
#4788 = FILL_AREA_STYLE ('',( #6307 ) ) ;
#4789 = AXIS2_PLACEMENT_3D ( 'NONE', #675, #2235, #9336 ) ;
#4790 = ORIENTED_EDGE ( 'NONE', *, *, #5716, .T. ) ;
#4791 =( NAMED_UNIT ( * ) PLANE_ANGLE_UNIT ( ) SI_UNIT ( $, .RADIAN. ) );
#4792 = ORIENTED_EDGE ( 'NONE', *, *, #5970, .T. ) ;
#4793 = COLOUR_RGB ( '',0.9098039215686274400, 0.4431372549019607600, 0.03137254901960784300 ) ;
#4794 = CYLINDRICAL_SURFACE ( 'NONE', #2367, 6.000000000000000000 ) ;
#4795 =( LENGTH_UNIT ( ) NAMED_UNIT ( * ) SI_UNIT ( .MILLI., .METRE. ) );
#4796 = CYLINDRICAL_SURFACE ( 'NONE', #9591, 2.999999999999994700 ) ;
#4797 = SURFACE_STYLE_USAGE ( .BOTH. , #7965 ) ;
#4798 = CARTESIAN_POINT ( 'NONE',  ( -50.50000000000008500, 90.00000000000001400, 18.00000000000000000 ) ) ;
#4799 = EDGE_CURVE ( 'NONE', #7164, #9367, #9923, .T. ) ;
#4800 = CARTESIAN_POINT ( 'NONE',  ( 0.0000000000000000000, 0.0000000000000000000, 0.0000000000000000000 ) ) ;
#4801 = VECTOR ( 'NONE', #4268, 1000.000000000000000 ) ;
#4802 = AXIS2_PLACEMENT_3D ( 'NONE', #7435, #369, #1881 ) ;
#4803 =( LENGTH_UNIT ( ) NAMED_UNIT ( * ) SI_UNIT ( .MILLI., .METRE. ) );
#4804 = CIRCLE ( 'NONE', #5652, 3.750000000000010200 ) ;
#4805 = ORIENTED_EDGE ( 'NONE', *, *, #1963, .T. ) ;
#4806 = DIRECTION ( 'NONE',  ( -1.000000000000000000, 0.0000000000000000000, 2.847060021387389100E-016 ) ) ;
#4807 = CARTESIAN_POINT ( 'NONE',  ( -55.00000000000005700, 23.00000000000001100, 0.0000000000000000000 ) ) ;
#4808 = CIRCLE ( 'NONE', #117, 18.00000000000000000 ) ;
#4809 = COLOUR_RGB ( '',0.9098039215686274400, 0.4431372549019607600, 0.03137254901960784300 ) ;
#4810 = PRESENTATION_STYLE_ASSIGNMENT (( #5878 ) ) ;
#4811 = EDGE_LOOP ( 'NONE', ( #6474, #8910, #5368, #3513 ) ) ;
#4812 = PLANE ( 'NONE',  #4930 ) ;
#4813 = EDGE_CURVE ( 'NONE', #8678, #9168, #8100, .T. ) ;
#4814 =( GEOMETRIC_REPRESENTATION_CONTEXT ( 3 ) GLOBAL_UNCERTAINTY_ASSIGNED_CONTEXT ( ( #4971 ) ) GLOBAL_UNIT_ASSIGNED_CONTEXT ( ( #5653, #37, #4032 ) ) REPRESENTATION_CONTEXT ( 'NONE', 'WORKASPACE' ) );
#4815 =( LENGTH_UNIT ( ) NAMED_UNIT ( * ) SI_UNIT ( .MILLI., .METRE. ) );
#4816 = ORIENTED_EDGE ( 'NONE', *, *, #585, .T. ) ;
#4817 = DIRECTION ( 'NONE',  ( -0.0000000000000000000, 0.0000000000000000000, -1.000000000000000000 ) ) ;
#4818 = EDGE_CURVE ( 'NONE', #7009, #9989, #633, .T. ) ;
#4819 = SURFACE_SIDE_STYLE ('',( #7977 ) ) ;
#4820 = VERTEX_POINT ( 'NONE', #1950 ) ;
#4821 =( NAMED_UNIT ( * ) SI_UNIT ( $, .STERADIAN. ) SOLID_ANGLE_UNIT ( ) );
#4822 = VECTOR ( 'NONE', #7358, 1000.000000000000000 ) ;
#4823 = ORIENTED_EDGE ( 'NONE', *, *, #6508, .F. ) ;
#4824 = DIRECTION ( 'NONE',  ( 0.0000000000000000000, 0.0000000000000000000, -1.000000000000000000 ) ) ;
#4825 = CIRCLE ( 'NONE', #518, 2.999999999999994700 ) ;
#4826 = VERTEX_POINT ( 'NONE', #8119 ) ;
#4827 = FILL_AREA_STYLE_COLOUR ( '', #7155 ) ;
#4828 = UNCERTAINTY_MEASURE_WITH_UNIT (LENGTH_MEASURE( 1.000000000000000100E-005 ), #6702, 'distance_accuracy_value', 'NONE');
#4829 = SURFACE_SIDE_STYLE ('',( #6836 ) ) ;
#4830 = ORIENTED_EDGE ( 'NONE', *, *, #70, .T. ) ;
#4831 = SURFACE_STYLE_FILL_AREA ( #1382 ) ;
#4832 = FACE_OUTER_BOUND ( 'NONE', #4216, .T. ) ;
#4833 = CARTESIAN_POINT ( 'NONE',  ( 59.99999999999995000, 120.0000000000000000, -35.00000000000000000 ) ) ;
#4834 = AXIS2_PLACEMENT_3D ( 'NONE', #6880, #1383, #9308 ) ;
#4835 = ORIENTED_EDGE ( 'NONE', *, *, #9159, .F. ) ;
#4836 = EDGE_LOOP ( 'NONE', ( #5326, #3254, #6193, #2199 ) ) ;
#4837 = COLOUR_RGB ( '',1.000000000000000000, 1.000000000000000000, 1.000000000000000000 ) ;
#4838 = EDGE_CURVE ( 'NONE', #7252, #1446, #6883, .T. ) ;
#4839 = MECHANICAL_DESIGN_GEOMETRIC_PRESENTATION_REPRESENTATION (  '', ( #1557 ), #8061 ) ;
#4840 = ORIENTED_EDGE ( 'NONE', *, *, #3959, .T. ) ;
#4841 = PLANE ( 'NONE',  #1259 ) ;
#4842 = ORIENTED_EDGE ( 'NONE', *, *, #1922, .T. ) ;
#4843 = DIRECTION ( 'NONE',  ( 0.0000000000000000000, 1.000000000000000000, -0.0000000000000000000 ) ) ;
#4844 =( LENGTH_UNIT ( ) NAMED_UNIT ( * ) SI_UNIT ( .MILLI., .METRE. ) );
#4845 = LINE ( 'NONE', #2396, #7928 ) ;
#4847 = EDGE_LOOP ( 'NONE', ( #3517, #9852 ) ) ;
#4846 = DIRECTION ( 'NONE',  ( 1.000000000000000000, -0.0000000000000000000, -0.0000000000000000000 ) ) ;
#4848 = SURFACE_STYLE_USAGE ( .BOTH. , #3318 ) ;
#4849 = ORIENTED_EDGE ( 'NONE', *, *, #8753, .F. ) ;
#4850 = DIRECTION ( 'NONE',  ( 0.0000000000000000000, 0.0000000000000000000, 1.000000000000000000 ) ) ;
#4851 = LINE ( 'NONE', #6236, #1773 ) ;
#4852 = CIRCLE ( 'NONE', #2080, 18.00000000000000000 ) ;
#4853 = ORIENTED_EDGE ( 'NONE', *, *, #4725, .F. ) ;
#4854 = ADVANCED_FACE ( 'NONE', ( #6148 ), #2175, .T. ) ;
#4855 = STYLED_ITEM ( 'NONE', ( #3494 ), #615 ) ;
#4856 = STYLED_ITEM ( 'NONE', ( #1111 ), #9702 ) ;
#4857 = LINE ( 'NONE', #2231, #3131 ) ;
#4858 = VECTOR ( 'NONE', #9161, 1000.000000000000000 ) ;
#4859 = EDGE_LOOP ( 'NONE', ( #8426, #2742, #9520, #9041 ) ) ;
#4860 = DIRECTION ( 'NONE',  ( 0.0000000000000000000, -0.7071067811865514600, -0.7071067811865435800 ) ) ;
#4861 = DIRECTION ( 'NONE',  ( 0.0000000000000000000, 0.0000000000000000000, 1.000000000000000000 ) ) ;
#4862 = EDGE_LOOP ( 'NONE', ( #8880, #3151, #9384, #1191 ) ) ;
#4863 = CARTESIAN_POINT ( 'NONE',  ( 0.0000000000000000000, 16.00000000000000000, 0.0000000000000000000 ) ) ;
#4864 = EDGE_LOOP ( 'NONE', ( #10094, #4622 ) ) ;
#4865 = CARTESIAN_POINT ( 'NONE',  ( 121.8793608660981000, -59.49418551186909100, -1.879360866097867100 ) ) ;
#4866 = SURFACE_SIDE_STYLE ('',( #2112 ) ) ;
#4867 =( NAMED_UNIT ( * ) PLANE_ANGLE_UNIT ( ) SI_UNIT ( $, .RADIAN. ) );
#4868 = FACE_OUTER_BOUND ( 'NONE', #2902, .T. ) ;
#4869 = LINE ( 'NONE', #8106, #2766 ) ;
#4870 = FILL_AREA_STYLE_COLOUR ( '', #8498 ) ;
#4871 = LINE ( 'NONE', #7899, #7215 ) ;
#4872 = MECHANICAL_DESIGN_GEOMETRIC_PRESENTATION_REPRESENTATION (  '', ( #7116 ), #2151 ) ;
#4873 = CARTESIAN_POINT ( 'NONE',  ( 140.0000000000000000, -81.99999999999998600, -30.00000000000000400 ) ) ;
#4874 = ORIENTED_EDGE ( 'NONE', *, *, #8694, .F. ) ;
#4875 = CARTESIAN_POINT ( 'NONE',  ( 2.598076211353304900, 0.0000000000000000000, -1.499999999999997300 ) ) ;
#4876 = AXIS2_PLACEMENT_3D ( 'NONE', #9823, #8362, #5150 ) ;
#4877 = VERTEX_POINT ( 'NONE', #7341 ) ;
#4878 = CARTESIAN_POINT ( 'NONE',  ( -19.99999999999998900, -164.8038475772933700, -2.000000000000001800 ) ) ;
#4879 = LINE ( 'NONE', #5626, #1206 ) ;
#4880 = DIRECTION ( 'NONE',  ( 1.000000000000000000, 8.673617379884036700E-017, 0.0000000000000000000 ) ) ;
#4881 =( LENGTH_UNIT ( ) NAMED_UNIT ( * ) SI_UNIT ( .MILLI., .METRE. ) );
#4882 = VECTOR ( 'NONE', #8227, 1000.000000000000000 ) ;
#4883 = FACE_OUTER_BOUND ( 'NONE', #5725, .T. ) ;
#4884 = DIRECTION ( 'NONE',  ( 0.0000000000000000000, 0.0000000000000000000, -1.000000000000000000 ) ) ;
#4885 = VERTEX_POINT ( 'NONE', #7442 ) ;
#4886 = SURFACE_SIDE_STYLE ('',( #2114 ) ) ;
#4887 =( GEOMETRIC_REPRESENTATION_CONTEXT ( 3 ) GLOBAL_UNCERTAINTY_ASSIGNED_CONTEXT ( ( #7921 ) ) GLOBAL_UNIT_ASSIGNED_CONTEXT ( ( #6310, #7034, #3101 ) ) REPRESENTATION_CONTEXT ( 'NONE', 'WORKASPACE' ) );
#4888 = PRESENTATION_STYLE_ASSIGNMENT (( #2127 ) ) ;
#4889 = EDGE_CURVE ( 'NONE', #2740, #1842, #5907, .T. ) ;
#4890 = MECHANICAL_DESIGN_GEOMETRIC_PRESENTATION_REPRESENTATION (  '', ( #7722 ), #6801 ) ;
#4891 = EDGE_CURVE ( 'NONE', #9164, #5709, #9810, .T. ) ;
#4892 = ORIENTED_EDGE ( 'NONE', *, *, #6489, .T. ) ;
#4894 = PLANE ( 'NONE',  #8605 ) ;
#4893 = UNCERTAINTY_MEASURE_WITH_UNIT (LENGTH_MEASURE( 1.000000000000000100E-005 ), #3153, 'distance_accuracy_value', 'NONE');
#4895 = DIRECTION ( 'NONE',  ( 0.0000000000000000000, -0.0000000000000000000, -1.000000000000000000 ) ) ;
#4896 = CARTESIAN_POINT ( 'NONE',  ( -49.51471862576142500, -83.99999999999995700, 18.00000000000000000 ) ) ;
#4897 = VECTOR ( 'NONE', #2458, 1000.000000000000000 ) ;
#4898 = LINE ( 'NONE', #1130, #2407 ) ;
#4899 = FILL_AREA_STYLE ('',( #4083 ) ) ;
#4900 = FILL_AREA_STYLE ('',( #7241 ) ) ;
#4901 = PLANE ( 'NONE',  #5651 ) ;
#4902 = MECHANICAL_DESIGN_GEOMETRIC_PRESENTATION_REPRESENTATION (  '', ( #3304 ), #7210 ) ;
#4903 = EDGE_CURVE ( 'NONE', #9711, #6213, #3543, .T. ) ;
#4904 = PRESENTATION_LAYER_ASSIGNMENT (  '', '', ( #5050 ) ) ;
#4905 = CARTESIAN_POINT ( 'NONE',  ( -5.514414158440667200, 16.00000000000000000, -15.55124549639639400 ) ) ;
#4906 = VECTOR ( 'NONE', #8233, 1000.000000000000000 ) ;
#4907 =( NAMED_UNIT ( * ) SI_UNIT ( $, .STERADIAN. ) SOLID_ANGLE_UNIT ( ) );
#4908 = SURFACE_STYLE_FILL_AREA ( #7403 ) ;
#4909 = VECTOR ( 'NONE', #7999, 1000.000000000000000 ) ;
#4910 = FILL_AREA_STYLE_COLOUR ( '', #8145 ) ;
#4911 = ORIENTED_EDGE ( 'NONE', *, *, #6091, .T. ) ;
#4912 = EDGE_LOOP ( 'NONE', ( #7347, #6218, #6611, #7384 ) ) ;
#4913 = CARTESIAN_POINT ( 'NONE',  ( -45.70000000000000300, -31.99999999999999300, 22.00000000000000000 ) ) ;
#4914 = CIRCLE ( 'NONE', #7697, 4.999999999999997300 ) ;
#4915 = ORIENTED_EDGE ( 'NONE', *, *, #304, .F. ) ;
#4916 = DIRECTION ( 'NONE',  ( -0.6785983445458436700, 0.6785983445458512200, 0.2810846377148182300 ) ) ;
#4917 = MECHANICAL_DESIGN_GEOMETRIC_PRESENTATION_REPRESENTATION (  '', ( #4572 ), #6703 ) ;
#4918 = PRODUCT_DEFINITION_SHAPE ( 'NONE', 'NONE',  #10139 ) ;
#4919 = DIRECTION ( 'NONE',  ( -1.000000000000000000, 0.0000000000000000000, 0.0000000000000000000 ) ) ;
#4920 = DIRECTION ( 'NONE',  ( 0.0000000000000000000, 0.0000000000000000000, 1.000000000000000000 ) ) ;
#4921 = ADVANCED_FACE ( 'NONE', ( #3784 ), #8941, .F. ) ;
#4922 = DIRECTION ( 'NONE',  ( 1.000000000000000000, -9.407730928207788800E-017, 0.0000000000000000000 ) ) ;
#4923 = EDGE_CURVE ( 'NONE', #8396, #9869, #1475, .T. ) ;
#4924 = VERTEX_POINT ( 'NONE', #5898 ) ;
#4925 = VECTOR ( 'NONE', #3019, 1000.000000000000000 ) ;
#4926 = CARTESIAN_POINT ( 'NONE',  ( -58.00000000000004300, -5.999999999999992900, 38.00000000000000000 ) ) ;
#4927 = MANIFOLD_SOLID_BREP ( 'º¸½º-µ¹Ãâ1', #5976 ) ;
#4928 = CARTESIAN_POINT ( 'NONE',  ( -1.999999999999946300, -77.99999999999998600, 16.00000000000000000 ) ) ;
#4929 = CARTESIAN_POINT ( 'NONE',  ( 0.0000000000000000000, 10.00000000000000000, 0.0000000000000000000 ) ) ;
#4930 = AXIS2_PLACEMENT_3D ( 'NONE', #871, #6337, #8664 ) ;
#4931 = MECHANICAL_DESIGN_GEOMETRIC_PRESENTATION_REPRESENTATION (  '', ( #2670 ), #5485 ) ;
#4932 = FACE_OUTER_BOUND ( 'NONE', #3518, .T. ) ;
#4933 =( NAMED_UNIT ( * ) SI_UNIT ( $, .STERADIAN. ) SOLID_ANGLE_UNIT ( ) );
#4934 = DIRECTION ( 'NONE',  ( 0.0000000000000000000, 0.0000000000000000000, 1.000000000000000000 ) ) ;
#4935 = DIRECTION ( 'NONE',  ( 1.000000000000000000, 8.673617379884036700E-017, 0.0000000000000000000 ) ) ;
#4936 = VECTOR ( 'NONE', #1092, 1000.000000000000000 ) ;
#4937 = PLANE ( 'NONE',  #2315 ) ;
#4938 = PRESENTATION_STYLE_ASSIGNMENT (( #7111 ) ) ;
#4939 = LINE ( 'NONE', #1902, #2453 ) ;
#4940 = CIRCLE ( 'NONE', #2121, 16.50000000000000000 ) ;
#4941 = EDGE_LOOP ( 'NONE', ( #3471, #6891, #352, #6853 ) ) ;
#4942 = EDGE_CURVE ( 'NONE', #6408, #7967, #4898, .T. ) ;
#4943 =( LENGTH_UNIT ( ) NAMED_UNIT ( * ) SI_UNIT ( .MILLI., .METRE. ) );
#4944 = CARTESIAN_POINT ( 'NONE',  ( -87.31625643961068300, 60.00000000000001400, -30.00000000000000400 ) ) ;
#4945 = SURFACE_STYLE_USAGE ( .BOTH. , #5681 ) ;
#4946 = STYLED_ITEM ( 'NONE', ( #5622 ), #2628 ) ;
#4947 = ORIENTED_EDGE ( 'NONE', *, *, #9929, .F. ) ;
#4948 = CARTESIAN_POINT ( 'NONE',  ( -30.00000000000008200, 14.99999999999998200, 15.00000000000000000 ) ) ;
#4949 = ORIENTED_EDGE ( 'NONE', *, *, #8458, .T. ) ;
#4950 = STYLED_ITEM ( 'NONE', ( #8952 ), #6162 ) ;
#4951 = VECTOR ( 'NONE', #1984, 1000.000000000000000 ) ;
#4952 = SURFACE_STYLE_USAGE ( .BOTH. , #4208 ) ;
#4953 = EDGE_CURVE ( 'NONE', #1667, #3220, #4011, .T. ) ;
#4954 = PRESENTATION_STYLE_ASSIGNMENT (( #10099 ) ) ;
#4955 = PRESENTATION_STYLE_ASSIGNMENT (( #5676 ) ) ;
#4956 =( NAMED_UNIT ( * ) PLANE_ANGLE_UNIT ( ) SI_UNIT ( $, .RADIAN. ) );
#4957 = CARTESIAN_POINT ( 'NONE',  ( -10.70000000000012900, -37.99999999999997900, 18.99999999999999600 ) ) ;
#4958 = UNCERTAINTY_MEASURE_WITH_UNIT (LENGTH_MEASURE( 1.000000000000000100E-005 ), #1323, 'distance_accuracy_value', 'NONE');
#4959 = CARTESIAN_POINT ( 'NONE',  ( -45.70000000000000300, -49.99999999999998600, 22.00000000000000000 ) ) ;
#4960 = ORIENTED_EDGE ( 'NONE', *, *, #367, .F. ) ;
#4962 = SURFACE_STYLE_FILL_AREA ( #6097 ) ;
#4961 =( NAMED_UNIT ( * ) PLANE_ANGLE_UNIT ( ) SI_UNIT ( $, .RADIAN. ) );
#4963 = FACE_OUTER_BOUND ( 'NONE', #2724, .T. ) ;
#4964 = VERTEX_POINT ( 'NONE', #226 ) ;
#4965 = VECTOR ( 'NONE', #8282, 1000.000000000000000 ) ;
#4966 = PRESENTATION_LAYER_ASSIGNMENT (  '', '', ( #6877 ) ) ;
#4967 = VECTOR ( 'NONE', #5828, 1000.000000000000000 ) ;
#4968 = CARTESIAN_POINT ( 'NONE',  ( -50.00000000000008500, 32.99999999999997900, 19.99999999999999600 ) ) ;
#4969 = EDGE_CURVE ( 'NONE', #5940, #7478, #3046, .T. ) ;
#4970 = ORIENTED_EDGE ( 'NONE', *, *, #2588, .F. ) ;
#4971 = UNCERTAINTY_MEASURE_WITH_UNIT (LENGTH_MEASURE( 1.000000000000000100E-005 ), #5653, 'distance_accuracy_value', 'NONE');
#4972 = EDGE_CURVE ( 'NONE', #1207, #9813, #3655, .T. ) ;
#4973 = CARTESIAN_POINT ( 'NONE',  ( -60.00000000000005000, 119.9999999999999700, 18.00000000000000000 ) ) ;
#4974 = APPLICATION_CONTEXT ( 'automotive_design' ) ;
#4975 = DIRECTION ( 'NONE',  ( 3.965082230804130200E-016, -1.000000000000000000, -0.0000000000000000000 ) ) ;
#4976 = FACE_BOUND ( 'NONE', #4635, .T. ) ;
#4977 = LINE ( 'NONE', #4047, #6317 ) ;
#4978 = CARTESIAN_POINT ( 'NONE',  ( 0.0000000000000000000, 0.0000000000000000000, 0.0000000000000000000 ) ) ;
#4979 = EDGE_LOOP ( 'NONE', ( #5862, #6936, #3239, #5990 ) ) ;
#4980 = EDGE_LOOP ( 'NONE', ( #5714, #1424, #9023, #8494 ) ) ;
#4981 = ADVANCED_FACE ( 'NONE', ( #1702 ), #3451, .T. ) ;
#4982 = COLOUR_RGB ( '',1.000000000000000000, 1.000000000000000000, 1.000000000000000000 ) ;
#4983 = VECTOR ( 'NONE', #6398, 1000.000000000000000 ) ;
#4984 = DIRECTION ( 'NONE',  ( 0.0000000000000000000, 0.0000000000000000000, 1.000000000000000000 ) ) ;
#4985 = ORIENTED_EDGE ( 'NONE', *, *, #9150, .T. ) ;
#4986 = DIRECTION ( 'NONE',  ( 0.0000000000000000000, 0.0000000000000000000, 1.000000000000000000 ) ) ;
#4987 = PLANE ( 'NONE',  #7515 ) ;
#4988 = STYLED_ITEM ( 'NONE', ( #628 ), #4927 ) ;
#4989 = CARTESIAN_POINT ( 'NONE',  ( -41.94999999999999600, -13.99999999999999800, 21.20000000000002100 ) ) ;
#4990 = LINE ( 'NONE', #8671, #8895 ) ;
#4991 = EDGE_CURVE ( 'NONE', #7510, #6450, #10032, .T. ) ;
#4992 = STYLED_ITEM ( 'NONE', ( #9838 ), #8369 ) ;
#4993 = CARTESIAN_POINT ( 'NONE',  ( -46.45000000000001000, -67.99999999999998600, 23.00000000000000000 ) ) ;
#4994 = PLANE ( 'NONE',  #5759 ) ;
#4995 = VERTEX_POINT ( 'NONE', #9629 ) ;
#4996 = SURFACE_SIDE_STYLE ('',( #5550 ) ) ;
#4997 = PRESENTATION_STYLE_ASSIGNMENT (( #5918 ) ) ;
#4998 = EDGE_LOOP ( 'NONE', ( #7391, #9388, #6283, #1994 ) ) ;
#4999 = FILL_AREA_STYLE_COLOUR ( '', #729 ) ;
#5000 = DIRECTION ( 'NONE',  ( -0.0000000000000000000, -0.0000000000000000000, -1.000000000000000000 ) ) ;
#5001 = CARTESIAN_POINT ( 'NONE',  ( 0.0000000000000000000, 0.0000000000000000000, 0.0000000000000000000 ) ) ;
#5002 = CIRCLE ( 'NONE', #3072, 20.50000000000000000 ) ;
#5003 = DIRECTION ( 'NONE',  ( 0.0000000000000000000, 0.0000000000000000000, 1.000000000000000000 ) ) ;
#5004 = ORIENTED_EDGE ( 'NONE', *, *, #9830, .F. ) ;
#5005 = FACE_OUTER_BOUND ( 'NONE', #2180, .T. ) ;
#5006 = ORIENTED_EDGE ( 'NONE', *, *, #9013, .T. ) ;
#5007 = VERTEX_POINT ( 'NONE', #264 ) ;
#5008 = DIRECTION ( 'NONE',  ( -0.0000000000000000000, -1.000000000000000000, -0.0000000000000000000 ) ) ;
#5009 = MECHANICAL_DESIGN_GEOMETRIC_PRESENTATION_REPRESENTATION (  '', ( #3201 ), #7765 ) ;
#5010 = MECHANICAL_DESIGN_GEOMETRIC_PRESENTATION_REPRESENTATION (  '', ( #8012 ), #6641 ) ;
#5011 = EDGE_LOOP ( 'NONE', ( #5373, #5382, #7540, #722 ) ) ;
#5012 = ORIENTED_EDGE ( 'NONE', *, *, #202, .F. ) ;
#5013 = DIRECTION ( 'NONE',  ( 0.7071067811865509000, -0.4999999999999948400, 0.5000000000000004400 ) ) ;
#5014 =( NAMED_UNIT ( * ) SI_UNIT ( $, .STERADIAN. ) SOLID_ANGLE_UNIT ( ) );
#5015 = PLANE ( 'NONE',  #104 ) ;
#5016 = DIRECTION ( 'NONE',  ( -0.0000000000000000000, -1.000000000000000000, -0.0000000000000000000 ) ) ;
#5017 = SURFACE_STYLE_FILL_AREA ( #6028 ) ;
#5018 = DIRECTION ( 'NONE',  ( 0.0000000000000000000, 0.0000000000000000000, 1.000000000000000000 ) ) ;
#5019 = VERTEX_POINT ( 'NONE', #5713 ) ;
#5020 = VERTEX_POINT ( 'NONE', #5811 ) ;
#5021 = ORIENTED_EDGE ( 'NONE', *, *, #5235, .T. ) ;
#5022 =( LENGTH_UNIT ( ) NAMED_UNIT ( * ) SI_UNIT ( .MILLI., .METRE. ) );
#5023 = COLOUR_RGB ( '',0.9098039215686274400, 0.4431372549019607600, 0.03137254901960784300 ) ;
#5024 = MECHANICAL_DESIGN_GEOMETRIC_PRESENTATION_REPRESENTATION (  '', ( #9738 ), #6451 ) ;
#5025 = PLANE ( 'NONE',  #10011 ) ;
#5026 = EDGE_LOOP ( 'NONE', ( #9017, #5302 ) ) ;
#5027 = MECHANICAL_DESIGN_GEOMETRIC_PRESENTATION_REPRESENTATION (  '', ( #3415 ), #7516 ) ;
#5028 = ORIENTED_EDGE ( 'NONE', *, *, #757, .T. ) ;
#5029 =( NAMED_UNIT ( * ) PLANE_ANGLE_UNIT ( ) SI_UNIT ( $, .RADIAN. ) );
#5030 =( NAMED_UNIT ( * ) SI_UNIT ( $, .STERADIAN. ) SOLID_ANGLE_UNIT ( ) );
#5031 = VECTOR ( 'NONE', #5363, 1000.000000000000000 ) ;
#5032 = FILL_AREA_STYLE_COLOUR ( '', #8237 ) ;
#5033 = COLOUR_RGB ( '',0.9098039215686274400, 0.4431372549019607600, 0.03137254901960784300 ) ;
#5034 = DIRECTION ( 'NONE',  ( -0.0000000000000000000, -0.0000000000000000000, -1.000000000000000000 ) ) ;
#5035 = PLANE ( 'NONE',  #4802 ) ;
#5036 = ADVANCED_FACE ( 'NONE', ( #5897 ), #1041, .F. ) ;
#5037 = LINE ( 'NONE', #8969, #6631 ) ;
#5038 = EDGE_CURVE ( 'NONE', #2890, #2350, #1591, .T. ) ;
#5039 = AXIS2_PLACEMENT_3D ( 'NONE', #8475, #3015, #1419 ) ;
#5040 = DIRECTION ( 'NONE',  ( 0.0000000000000000000, 1.000000000000000000, -0.0000000000000000000 ) ) ;
#5041 = FACE_OUTER_BOUND ( 'NONE', #245, .T. ) ;
#5042 = EDGE_CURVE ( 'NONE', #10098, #3753, #371, .T. ) ;
#5043 = CARTESIAN_POINT ( 'NONE',  ( -58.00000000000005000, -81.17157287525381500, 29.50035899087223300 ) ) ;
#5044 = CARTESIAN_POINT ( 'NONE',  ( 2.598076211353314200, 16.00000000000000000, 1.499999999999998700 ) ) ;
#5045 = FILL_AREA_STYLE_COLOUR ( '', #7000 ) ;
#5046 = APPLICATION_CONTEXT ( 'automotive_design' ) ;
#5047 = EDGE_LOOP ( 'NONE', ( #7930, #6096, #4253, #2541 ) ) ;
#5048 = ORIENTED_EDGE ( 'NONE', *, *, #9150, .F. ) ;
#5049 = EDGE_CURVE ( 'NONE', #4715, #7098, #5289, .T. ) ;
#5050 = STYLED_ITEM ( 'NONE', ( #2850 ), #8117 ) ;
#5051 = CARTESIAN_POINT ( 'NONE',  ( -50.25000000000000000, -49.99999999999998600, 22.00000000000000000 ) ) ;
#5052 = FILL_AREA_STYLE_COLOUR ( '', #8987 ) ;
#5053 = DIRECTION ( 'NONE',  ( 0.0000000000000000000, -0.0000000000000000000, 1.000000000000000000 ) ) ;
#5054 = DIRECTION ( 'NONE',  ( 0.7071067811865507900, 0.0000000000000000000, 0.7071067811865441300 ) ) ;
#5055 = ORIENTED_EDGE ( 'NONE', *, *, #500, .F. ) ;
#5056 = VECTOR ( 'NONE', #6368, 1000.000000000000000 ) ;
#5057 = DIRECTION ( 'NONE',  ( 0.5000000000000008900, 0.0000000000000000000, 0.8660254037844380400 ) ) ;
#5058 = CARTESIAN_POINT ( 'NONE',  ( -40.70000000000001000, -67.99999999999998600, 22.00000000000000000 ) ) ;
#5059 = CARTESIAN_POINT ( 'NONE',  ( -53.70000000000021600, -75.99999999999998600, 19.99999999999999600 ) ) ;
#5060 = AXIS2_PLACEMENT_3D ( 'NONE', #6154, #5335, #8544 ) ;
#5061 = AXIS2_PLACEMENT_3D ( 'NONE', #1509, #1476, #7006 ) ;
#5062 = DIRECTION ( 'NONE',  ( -0.8660254037844387100, 0.0000000000000000000, 0.4999999999999999400 ) ) ;
#5063 = FILL_AREA_STYLE_COLOUR ( '', #6024 ) ;
#5064 = FACE_OUTER_BOUND ( 'NONE', #5852, .T. ) ;
#5065 = DIRECTION ( 'NONE',  ( 1.000000000000000000, 0.0000000000000000000, 0.0000000000000000000 ) ) ;
#5066 = EDGE_CURVE ( 'NONE', #3395, #6918, #9197, .T. ) ;
#5067 = CARTESIAN_POINT ( 'NONE',  ( -16.87042614893939800, 16.00000000000000000, 6.276043463296116600 ) ) ;
#5068 = VECTOR ( 'NONE', #257, 1000.000000000000100 ) ;
#5069 = LINE ( 'NONE', #5933, #1378 ) ;
#5070 = CIRCLE ( 'NONE', #2257, 2.999999999999994700 ) ;
#5071 = VERTEX_POINT ( 'NONE', #9596 ) ;
#5072 =( NAMED_UNIT ( * ) PLANE_ANGLE_UNIT ( ) SI_UNIT ( $, .RADIAN. ) );
#5073 = PLANE ( 'NONE',  #3291 ) ;
#5074 = DIRECTION ( 'NONE',  ( -3.304235192336776600E-017, -1.000000000000000000, 0.0000000000000000000 ) ) ;
#5075 =( GEOMETRIC_REPRESENTATION_CONTEXT ( 3 ) GLOBAL_UNCERTAINTY_ASSIGNED_CONTEXT ( ( #1855 ) ) GLOBAL_UNIT_ASSIGNED_CONTEXT ( ( #4295, #5072, #8195 ) ) REPRESENTATION_CONTEXT ( 'NONE', 'WORKASPACE' ) );
#5076 =( GEOMETRIC_REPRESENTATION_CONTEXT ( 3 ) GLOBAL_UNCERTAINTY_ASSIGNED_CONTEXT ( ( #3749 ) ) GLOBAL_UNIT_ASSIGNED_CONTEXT ( ( #3429, #2694, #1096 ) ) REPRESENTATION_CONTEXT ( 'NONE', 'WORKASPACE' ) );
#5077 = LINE ( 'NONE', #9590, #2829 ) ;
#5078 = LINE ( 'NONE', #5980, #7158 ) ;
#5079 = CIRCLE ( 'NONE', #8404, 17.99999999999999600 ) ;
#5080 = ADVANCED_FACE ( 'NONE', ( #5041 ), #1012, .F. ) ;
#5081 = ORIENTED_EDGE ( 'NONE', *, *, #4429, .T. ) ;
#5082 = CARTESIAN_POINT ( 'NONE',  ( -55.00000000000005700, 20.92893218813445700, 2.999999999999995100 ) ) ;
#5083 = ORIENTED_EDGE ( 'NONE', *, *, #2093, .F. ) ;
#5084 = COLOUR_RGB ( '',0.9098039215686274400, 0.4431372549019607600, 0.03137254901960784300 ) ;
#5085 = FILL_AREA_STYLE ('',( #8462 ) ) ;
#5086 = CARTESIAN_POINT ( 'NONE',  ( 6.276043463296112200, 0.0000000000000000000, 16.87042614893939800 ) ) ;
#5087 = ORIENTED_EDGE ( 'NONE', *, *, #1269, .F. ) ;
#5089 = LINE ( 'NONE', #5136, #2103 ) ;
#5088 = DIRECTION ( 'NONE',  ( 0.8660254037844381500, 0.0000000000000000000, -0.5000000000000010000 ) ) ;
#5090 = CARTESIAN_POINT ( 'NONE',  ( 129.9289321881345000, -84.99999999999997200, 29.78048780487804600 ) ) ;
#5091 = UNCERTAINTY_MEASURE_WITH_UNIT (LENGTH_MEASURE( 1.000000000000000100E-005 ), #1732, 'distance_accuracy_value', 'NONE');
#5092 = PRESENTATION_LAYER_ASSIGNMENT (  '', '', ( #9994 ) ) ;
#5093 = ORIENTED_EDGE ( 'NONE', *, *, #7280, .T. ) ;
#5094 = DIRECTION ( 'NONE',  ( -3.218254023069285500E-018, -0.07297563831157799500, -0.9973337235915658000 ) ) ;
#5095 = STYLED_ITEM ( 'NONE', ( #4524 ), #6281 ) ;
#5096 = VERTEX_POINT ( 'NONE', #3519 ) ;
#5097 = VECTOR ( 'NONE', #3903, 1000.000000000000000 ) ;
#5098 = EDGE_CURVE ( 'NONE', #4964, #6318, #4772, .T. ) ;
#5099 = EDGE_LOOP ( 'NONE', ( #8756, #7343, #9386, #9264 ) ) ;
#5100 = CARTESIAN_POINT ( 'NONE',  ( 8.541180064162162700E-016, 16.00000000000000000, 2.999999999999998200 ) ) ;
#5101 = DIRECTION ( 'NONE',  ( 0.0000000000000000000, 0.0000000000000000000, -1.000000000000000000 ) ) ;
#5102 = ORIENTED_EDGE ( 'NONE', *, *, #9670, .F. ) ;
#5103 = ORIENTED_EDGE ( 'NONE', *, *, #8047, .F. ) ;
#5104 = EDGE_LOOP ( 'NONE', ( #5620, #4123, #3786, #7012 ) ) ;
#5105 = CARTESIAN_POINT ( 'NONE',  ( 0.0000000000000000000, 0.0000000000000000000, 0.0000000000000000000 ) ) ;
#5106 =( LENGTH_UNIT ( ) NAMED_UNIT ( * ) SI_UNIT ( .MILLI., .METRE. ) );
#5107 = CIRCLE ( 'NONE', #7854, 18.00000000000000000 ) ;
#5108 =( NAMED_UNIT ( * ) PLANE_ANGLE_UNIT ( ) SI_UNIT ( $, .RADIAN. ) );
#5109 = ADVANCED_FACE ( 'NONE', ( #6501 ), #8309, .F. ) ;
#5110 = EDGE_LOOP ( 'NONE', ( #2489, #3631, #7065, #2116 ) ) ;
#5111 = ORIENTED_EDGE ( 'NONE', *, *, #3163, .T. ) ;
#5112 = DIRECTION ( 'NONE',  ( 1.000000000000000000, 0.0000000000000000000, 0.0000000000000000000 ) ) ;
#5113 = CIRCLE ( 'NONE', #2572, 18.00000000000000000 ) ;
#5114 = EDGE_CURVE ( 'NONE', #9501, #1804, #6751, .T. ) ;
#5115 = AXIS2_PLACEMENT_3D ( 'NONE', #8909, #3447, #4128 ) ;
#5116 = FACE_OUTER_BOUND ( 'NONE', #3300, .T. ) ;
#5117 = CARTESIAN_POINT ( 'NONE',  ( -30.00000000000008200, 30.99999999999998200, 15.00000000000000000 ) ) ;
#5118 = ORIENTED_EDGE ( 'NONE', *, *, #9226, .F. ) ;
#5119 = DIRECTION ( 'NONE',  ( 0.7071067811865462400, 0.7071067811865489100, -0.0000000000000000000 ) ) ;
#5120 = FACE_BOUND ( 'NONE', #1639, .T. ) ;
#5121 = DIRECTION ( 'NONE',  ( 0.0000000000000000000, 0.0000000000000000000, -1.000000000000000000 ) ) ;
#5122 = ORIENTED_EDGE ( 'NONE', *, *, #7559, .F. ) ;
#5123 = LINE ( 'NONE', #189, #4477 ) ;
#5124 = ORIENTED_EDGE ( 'NONE', *, *, #3851, .F. ) ;
#5125 = ORIENTED_EDGE ( 'NONE', *, *, #6525, .T. ) ;
#5126 = FILL_AREA_STYLE ('',( #2653 ) ) ;
#5127 = SURFACE_SIDE_STYLE ('',( #580 ) ) ;
#5128 = CARTESIAN_POINT ( 'NONE',  ( -49.92893218813452400, -84.99999999999997200, 43.00000000000000000 ) ) ;
#5129 = DIRECTION ( 'NONE',  ( 9.050731179009430500E-016, 0.0000000000000000000, 1.000000000000000000 ) ) ;
#5130 = AXIS2_PLACEMENT_3D ( 'NONE', #1005, #9529, #4824 ) ;
#5131 = AXIS2_PLACEMENT_3D ( 'NONE', #8069, #8916, #8103 ) ;
#5132 = SURFACE_STYLE_USAGE ( .BOTH. , #9832 ) ;
#5133 = CARTESIAN_POINT ( 'NONE',  ( 99.99999999999994300, -164.8038475772933700, -2.000000000000001800 ) ) ;
#5134 = EDGE_CURVE ( 'NONE', #7534, #4885, #7611, .T. ) ;
#5135 = ORIENTED_EDGE ( 'NONE', *, *, #7915, .T. ) ;
#5136 = CARTESIAN_POINT ( 'NONE',  ( -40.70000000000001000, -49.99999999999998600, 22.00000000000000000 ) ) ;
#5137 = CARTESIAN_POINT ( 'NONE',  ( -38.70000000000019500, -19.99999999999997500, 18.99999999999999600 ) ) ;
#5138 = ORIENTED_EDGE ( 'NONE', *, *, #9556, .T. ) ;
#5139 =( NAMED_UNIT ( * ) SI_UNIT ( $, .STERADIAN. ) SOLID_ANGLE_UNIT ( ) );
#5140 = ADVANCED_FACE ( 'NONE', ( #493 ), #6019, .F. ) ;
#5141 = LINE ( 'NONE', #958, #3268 ) ;
#5142 = CIRCLE ( 'NONE', #6073, 20.00000000000000000 ) ;
#5143 = CARTESIAN_POINT ( 'NONE',  ( -1.500000000000012400, 0.0000000000000000000, -2.598076211353328400 ) ) ;
#5144 = SURFACE_STYLE_USAGE ( .BOTH. , #6000 ) ;
#5145 = ORIENTED_EDGE ( 'NONE', *, *, #9880, .T. ) ;
#5146 =( GEOMETRIC_REPRESENTATION_CONTEXT ( 3 ) GLOBAL_UNCERTAINTY_ASSIGNED_CONTEXT ( ( #2597 ) ) GLOBAL_UNIT_ASSIGNED_CONTEXT ( ( #4695, #4737, #3079 ) ) REPRESENTATION_CONTEXT ( 'NONE', 'WORKASPACE' ) );
#5147 = STYLED_ITEM ( 'NONE', ( #5597 ), #10109 ) ;
#5148 = SURFACE_SIDE_STYLE ('',( #6287 ) ) ;
#5149 = CARTESIAN_POINT ( 'NONE',  ( 16.22498073958795200, 16.00000000000000000, 2.999999999999999100 ) ) ;
#5150 = DIRECTION ( 'NONE',  ( 0.0000000000000000000, 0.0000000000000000000, 1.000000000000000000 ) ) ;
#5151 = LINE ( 'NONE', #663, #3154 ) ;
#5152 = FILL_AREA_STYLE_COLOUR ( '', #624 ) ;
#5153 = EDGE_LOOP ( 'NONE', ( #7299, #5433, #883, #381 ) ) ;
#5154 = EDGE_CURVE ( 'NONE', #1690, #6834, #4400, .T. ) ;
#5155 = CARTESIAN_POINT ( 'NONE',  ( 5.999999999999995600, 20.00000000000000000, -14.00000000000000400 ) ) ;
#5156 = FACE_OUTER_BOUND ( 'NONE', #695, .T. ) ;
#5157 = AXIS2_PLACEMENT_3D ( 'NONE', #3155, #3964, #103 ) ;
#5158 = SURFACE_STYLE_FILL_AREA ( #3383 ) ;
#5159 = DIRECTION ( 'NONE',  ( -0.7071067811865485700, 0.5000000000000021100, 0.4999999999999965600 ) ) ;
#5160 =( GEOMETRIC_REPRESENTATION_CONTEXT ( 3 ) GLOBAL_UNCERTAINTY_ASSIGNED_CONTEXT ( ( #9664 ) ) GLOBAL_UNIT_ASSIGNED_CONTEXT ( ( #3933, #3124, #5594 ) ) REPRESENTATION_CONTEXT ( 'NONE', 'WORKASPACE' ) );
#5161 = PLANE ( 'NONE',  #5541 ) ;
#5162 = FILL_AREA_STYLE ('',( #4385 ) ) ;
#5163 = CARTESIAN_POINT ( 'NONE',  ( -57.00000000000004300, -8.568412586562278200, 30.26635325761315400 ) ) ;
#5164 = ADVANCED_FACE ( 'NONE', ( #3770 ), #7519, .F. ) ;
#5165 = DIRECTION ( 'NONE',  ( 0.0000000000000000000, 0.0000000000000000000, 1.000000000000000000 ) ) ;
#5166 = ORIENTED_EDGE ( 'NONE', *, *, #8931, .T. ) ;
#5167 = UNCERTAINTY_MEASURE_WITH_UNIT (LENGTH_MEASURE( 1.000000000000000100E-005 ), #1518, 'distance_accuracy_value', 'NONE');
#5168 = VECTOR ( 'NONE', #149, 1000.000000000000000 ) ;
#5169 = DIRECTION ( 'NONE',  ( -0.0000000000000000000, -0.0000000000000000000, 1.000000000000000000 ) ) ;
#5170 = LINE ( 'NONE', #231, #1231 ) ;
#5171 = VERTEX_POINT ( 'NONE', #5086 ) ;
#5172 = DIRECTION ( 'NONE',  ( 0.0000000000000000000, 1.000000000000000000, 0.0000000000000000000 ) ) ;
#5173 = PRESENTATION_LAYER_ASSIGNMENT (  '', '', ( #2353 ) ) ;
#5174 = ORIENTED_EDGE ( 'NONE', *, *, #643, .F. ) ;
#5175 = EDGE_CURVE ( 'NONE', #1093, #4236, #618, .T. ) ;
#5176 = AXIS2_PLACEMENT_3D ( 'NONE', #2486, #4781, #4066 ) ;
#5177 = CARTESIAN_POINT ( 'NONE',  ( 140.0000000000000000, -72.00000000000000000, 3.000000000000009800 ) ) ;
#5178 = DIRECTION ( 'NONE',  ( -0.0000000000000000000, -0.0000000000000000000, 1.000000000000000000 ) ) ;
#5179 = EDGE_CURVE ( 'NONE', #9760, #1705, #5886, .T. ) ;
#5180 = VERTEX_POINT ( 'NONE', #7694 ) ;
#5181 = DIRECTION ( 'NONE',  ( 1.000000000000000000, 0.0000000000000000000, 0.0000000000000000000 ) ) ;
#5182 = FILL_AREA_STYLE_COLOUR ( '', #7362 ) ;
#5183 =( LENGTH_UNIT ( ) NAMED_UNIT ( * ) SI_UNIT ( .MILLI., .METRE. ) );
#5184 = CARTESIAN_POINT ( 'NONE',  ( 59.99999999999995000, 120.0000000000000000, -24.99999999999999600 ) ) ;
#5185 = PRESENTATION_LAYER_ASSIGNMENT (  '', '', ( #2654 ) ) ;
#5186 = ORIENTED_EDGE ( 'NONE', *, *, #4478, .T. ) ;
#5187 = ADVANCED_FACE ( 'NONE', ( #6625 ), #560, .F. ) ;
#5188 = EDGE_CURVE ( 'NONE', #6417, #933, #1455, .T. ) ;
#5189 = AXIS2_PLACEMENT_3D ( 'NONE', #3146, #2233, #2301 ) ;
#5190 = DIRECTION ( 'NONE',  ( -0.0000000000000000000, -1.000000000000000000, -0.0000000000000000000 ) ) ;
#5191 = DIRECTION ( 'NONE',  ( -1.000000000000000000, -0.0000000000000000000, -0.0000000000000000000 ) ) ;
#5192 = DIRECTION ( 'NONE',  ( -0.6785983445458474400, 0.2810846377148180100, -0.6785983445458475500 ) ) ;
#5193 = CARTESIAN_POINT ( 'NONE',  ( -60.00000000000005700, -81.99999999999998600, -35.00000000000000000 ) ) ;
#5194 = FACE_OUTER_BOUND ( 'NONE', #2771, .T. ) ;
#5195 = CARTESIAN_POINT ( 'NONE',  ( 99.99999999999994300, -164.8038475772933700, -5.000000000000004400 ) ) ;
#5196 = ORIENTED_EDGE ( 'NONE', *, *, #50, .F. ) ;
#5197 = FILL_AREA_STYLE ('',( #2828 ) ) ;
#5198 = AXIS2_PLACEMENT_3D ( 'NONE', #4978, #3335, #5512 ) ;
#5199 = AXIS2_PLACEMENT_3D ( 'NONE', #9427, #9455, #844 ) ;
#5200 = CIRCLE ( 'NONE', #5939, 16.50000000000000000 ) ;
#5201 = CARTESIAN_POINT ( 'NONE',  ( -55.00000000000005700, -66.99999999999998600, -12.92893218813450300 ) ) ;
#5202 = DIRECTION ( 'NONE',  ( 0.0000000000000000000, 0.0000000000000000000, -1.000000000000000000 ) ) ;
#5203 = VECTOR ( 'NONE', #2888, 1000.000000000000000 ) ;
#5204 =( NAMED_UNIT ( * ) SI_UNIT ( $, .STERADIAN. ) SOLID_ANGLE_UNIT ( ) );
#5205 = ORIENTED_EDGE ( 'NONE', *, *, #7401, .F. ) ;
#5206 = EDGE_LOOP ( 'NONE', ( #2394, #8014, #1873, #5917 ) ) ;
#5207 = DIRECTION ( 'NONE',  ( -1.000000000000000000, 0.0000000000000000000, 0.0000000000000000000 ) ) ;
#5208 = DIRECTION ( 'NONE',  ( -7.322026659352881900E-017, 0.9973337235915658000, -0.07297563831157799500 ) ) ;
#5209 = ORIENTED_EDGE ( 'NONE', *, *, #7476, .F. ) ;
#5210 = VECTOR ( 'NONE', #2167, 1000.000000000000100 ) ;
#5211 = VERTEX_POINT ( 'NONE', #1473 ) ;
#5212 =( LENGTH_UNIT ( ) NAMED_UNIT ( * ) SI_UNIT ( .MILLI., .METRE. ) );
#5213 = CARTESIAN_POINT ( 'NONE',  ( -54.00000000000002800, -79.51471862576134700, 29.37912575310449300 ) ) ;
#5214 =( GEOMETRIC_REPRESENTATION_CONTEXT ( 3 ) GLOBAL_UNCERTAINTY_ASSIGNED_CONTEXT ( ( #8974 ) ) GLOBAL_UNIT_ASSIGNED_CONTEXT ( ( #2159, #5108, #8330 ) ) REPRESENTATION_CONTEXT ( 'NONE', 'WORKASPACE' ) );
#5215 = PRESENTATION_LAYER_ASSIGNMENT (  '', '', ( #9210 ) ) ;
#5216 = VECTOR ( 'NONE', #8740, 1000.000000000000000 ) ;
#5217 = ORIENTED_EDGE ( 'NONE', *, *, #3946, .T. ) ;
#5218 = DIRECTION ( 'NONE',  ( 0.0000000000000000000, 0.0000000000000000000, -1.000000000000000000 ) ) ;
#5219 = UNCERTAINTY_MEASURE_WITH_UNIT (LENGTH_MEASURE( 1.000000000000000100E-005 ), #2978, 'distance_accuracy_value', 'NONE');
#5220 = ORIENTED_EDGE ( 'NONE', *, *, #5179, .T. ) ;
#5221 = CARTESIAN_POINT ( 'NONE',  ( 3.000000000000000000, 0.0000000000000000000, -17.74823934929884600 ) ) ;
#5222 = DIRECTION ( 'NONE',  ( 1.000000000000000000, 0.0000000000000000000, 0.0000000000000000000 ) ) ;
#5223 = LINE ( 'NONE', #5737, #1771 ) ;
#5224 = DIRECTION ( 'NONE',  ( -1.000000000000000000, 4.410038880822904900E-017, -0.0000000000000000000 ) ) ;
#5225 = VERTEX_POINT ( 'NONE', #7725 ) ;
#5226 = SURFACE_STYLE_USAGE ( .BOTH. , #3523 ) ;
#5227 = EDGE_LOOP ( 'NONE', ( #1078, #2633 ) ) ;
#5228 = LINE ( 'NONE', #165, #6576 ) ;
#5229 = STYLED_ITEM ( 'NONE', ( #2130 ), #3093 ) ;
#5230 = VERTEX_POINT ( 'NONE', #2954 ) ;
#5231 = EDGE_CURVE ( 'NONE', #8154, #7191, #5151, .T. ) ;
#5232 = MECHANICAL_DESIGN_GEOMETRIC_PRESENTATION_REPRESENTATION (  '', ( #4685 ), #8048 ) ;
#5233 =( LENGTH_UNIT ( ) NAMED_UNIT ( * ) SI_UNIT ( .MILLI., .METRE. ) );
#5234 = FILL_AREA_STYLE ('',( #4551 ) ) ;
#5235 = EDGE_CURVE ( 'NONE', #6674, #2984, #9546, .T. ) ;
#5236 = DIRECTION ( 'NONE',  ( 0.0000000000000000000, 0.0000000000000000000, -1.000000000000000000 ) ) ;
#5237 =( LENGTH_UNIT ( ) NAMED_UNIT ( * ) SI_UNIT ( .MILLI., .METRE. ) );
#5238 = LINE ( 'NONE', #7852, #2493 ) ;
#5239 = ADVANCED_FACE ( 'NONE', ( #8564 ), #7654, .T. ) ;
#5240 = DIRECTION ( 'NONE',  ( 0.0000000000000000000, 0.0000000000000000000, 1.000000000000000000 ) ) ;
#5241 = ORIENTED_EDGE ( 'NONE', *, *, #4903, .T. ) ;
#5242 = COLOUR_RGB ( '',0.4941176470588235500, 0.4941176470588235500, 0.4941176470588235500 ) ;
#5243 = VECTOR ( 'NONE', #3215, 1000.000000000000000 ) ;
#5244 = DIRECTION ( 'NONE',  ( 1.224646799147353200E-016, -0.0000000000000000000, 1.000000000000000000 ) ) ;
#5245 = ORIENTED_EDGE ( 'NONE', *, *, #3959, .F. ) ;
#5246 = DIRECTION ( 'NONE',  ( -0.0000000000000000000, -0.0000000000000000000, -1.000000000000000000 ) ) ;
#5247 = CARTESIAN_POINT ( 'NONE',  ( 3.000000000000002200, 16.00000000000000000, 16.22498073958795200 ) ) ;
#5248 = AXIS2_PLACEMENT_3D ( 'NONE', #648, #8480, #2907 ) ;
#5249 = VECTOR ( 'NONE', #8502, 1000.000000000000000 ) ;
#5250 = EDGE_CURVE ( 'NONE', #7252, #9377, #3643, .T. ) ;
#5251 = MECHANICAL_DESIGN_GEOMETRIC_PRESENTATION_REPRESENTATION (  '', ( #6630 ), #6819 ) ;
#5253 = EDGE_LOOP ( 'NONE', ( #6863, #9014, #9327, #4057 ) ) ;
#5252 =( NAMED_UNIT ( * ) PLANE_ANGLE_UNIT ( ) SI_UNIT ( $, .RADIAN. ) );
#5254 = FILL_AREA_STYLE ('',( #5938 ) ) ;
#5255 = DIRECTION ( 'NONE',  ( 0.6785983445458468900, 0.6785983445458468900, -0.2810846377148207800 ) ) ;
#5256 = SURFACE_STYLE_FILL_AREA ( #8742 ) ;
#5257 = ORIENTED_EDGE ( 'NONE', *, *, #6202, .F. ) ;
#5258 = ORIENTED_EDGE ( 'NONE', *, *, #7778, .T. ) ;
#5259 = VERTEX_POINT ( 'NONE', #2160 ) ;
#5260 = ORIENTED_EDGE ( 'NONE', *, *, #7487, .F. ) ;
#5261 = CARTESIAN_POINT ( 'NONE',  ( -40.70000000000001000, -31.99999999999999300, 19.99999999999999600 ) ) ;
#5262 = VECTOR ( 'NONE', #7120, 1000.000000000000000 ) ;
#5263 = FACE_OUTER_BOUND ( 'NONE', #7667, .T. ) ;
#5264 = CIRCLE ( 'NONE', #5039, 18.00000000000000000 ) ;
#5265 = DIRECTION ( 'NONE',  ( 1.000000000000000000, 0.0000000000000000000, 0.0000000000000000000 ) ) ;
#5266 = ORIENTED_EDGE ( 'NONE', *, *, #1161, .F. ) ;
#5267 = STYLED_ITEM ( 'NONE', ( #8776 ), #742 ) ;
#5268 = PRESENTATION_LAYER_ASSIGNMENT (  '', '', ( #8079 ) ) ;
#5269 = CARTESIAN_POINT ( 'NONE',  ( 1.499999999999994000, 16.00000000000000000, -2.598076211353305800 ) ) ;
#5270 = ORIENTED_EDGE ( 'NONE', *, *, #1287, .F. ) ;
#5271 = EDGE_LOOP ( 'NONE', ( #2805, #605, #452, #7978, #76, #818, #1175, #8002 ) ) ;
#5272 = CARTESIAN_POINT ( 'NONE',  ( -48.00000000000008500, 14.99999999999998200, 15.00000000000000000 ) ) ;
#5273 = FACE_OUTER_BOUND ( 'NONE', #6758, .T. ) ;
#5274 = EDGE_CURVE ( 'NONE', #5397, #797, #6615, .T. ) ;
#5275 = DIRECTION ( 'NONE',  ( 0.0000000000000000000, -0.7071067811865435800, 0.7071067811865514600 ) ) ;
#5276 = ORIENTED_EDGE ( 'NONE', *, *, #2700, .F. ) ;
#5277 = CARTESIAN_POINT ( 'NONE',  ( 17.74823934929884600, 16.00000000000000000, -3.000000000000001300 ) ) ;
#5278 = CARTESIAN_POINT ( 'NONE',  ( -45.70000000000000300, -67.99999999999998600, 22.00000000000000000 ) ) ;
#5279 = CARTESIAN_POINT ( 'NONE',  ( -58.00000000000004300, -81.17157287525383000, 38.00000000000000000 ) ) ;
#5280 = DIRECTION ( 'NONE',  ( -0.0000000000000000000, 1.000000000000000000, 0.0000000000000000000 ) ) ;
#5281 = CARTESIAN_POINT ( 'NONE',  ( -87.31625643961068300, 60.00000000000001400, -30.00000000000005300 ) ) ;
#5282 = AXIS2_PLACEMENT_3D ( 'NONE', #6897, #9289, #7723 ) ;
#5283 = PRODUCT_DEFINITION ( 'UNKNOWN', '', #682, #1478 ) ;
#5284 = SURFACE_SIDE_STYLE ('',( #6779 ) ) ;
#5285 = LINE ( 'NONE', #3736, #3408 ) ;
#5286 = UNCERTAINTY_MEASURE_WITH_UNIT (LENGTH_MEASURE( 1.000000000000000100E-005 ), #9693, 'distance_accuracy_value', 'NONE');
#5287 = DIRECTION ( 'NONE',  ( 0.0000000000000000000, 0.0000000000000000000, 1.000000000000000000 ) ) ;
#5288 = SURFACE_SIDE_STYLE ('',( #2791 ) ) ;
#5289 = LINE ( 'NONE', #1815, #1113 ) ;
#5290 = ADVANCED_FACE ( 'NONE', ( #2277 ), #6898, .T. ) ;
#5291 =( NAMED_UNIT ( * ) SI_UNIT ( $, .STERADIAN. ) SOLID_ANGLE_UNIT ( ) );
#5292 = STYLED_ITEM ( 'NONE', ( #9163 ), #2886 ) ;
#5293 = UNCERTAINTY_MEASURE_WITH_UNIT (LENGTH_MEASURE( 1.000000000000000100E-005 ), #4795, 'distance_accuracy_value', 'NONE');
#5294 = LINE ( 'NONE', #7268, #8702 ) ;
#5295 = AXIS2_PLACEMENT_3D ( 'NONE', #4863, #969, #1924 ) ;
#5296 = FILL_AREA_STYLE ('',( #525 ) ) ;
#5297 = CARTESIAN_POINT ( 'NONE',  ( -10.70000000000006700, -55.99999999999997900, 18.99999999999999600 ) ) ;
#5298 = VECTOR ( 'NONE', #7323, 1000.000000000000000 ) ;
#5299 = EDGE_CURVE ( 'NONE', #1601, #7777, #4126, .T. ) ;
#5300 = PLANE ( 'NONE',  #474 ) ;
#5301 = EDGE_LOOP ( 'NONE', ( #5745, #9504, #5400, #514 ) ) ;
#5302 = ORIENTED_EDGE ( 'NONE', *, *, #5472, .F. ) ;
#5303 = PLANE ( 'NONE',  #8121 ) ;
#5304 = SURFACE_STYLE_USAGE ( .BOTH. , #4523 ) ;
#5305 = SURFACE_SIDE_STYLE ('',( #6736 ) ) ;
#5306 = CARTESIAN_POINT ( 'NONE',  ( -44.95000000000005300, -49.99999999999998600, 23.00000000000000000 ) ) ;
#5307 = ORIENTED_EDGE ( 'NONE', *, *, #1595, .F. ) ;
#5308 = SURFACE_STYLE_FILL_AREA ( #1597 ) ;
#5309 = AXIS2_PLACEMENT_3D ( 'NONE', #4913, #7185, #5646 ) ;
#5310 = EDGE_CURVE ( 'NONE', #3258, #145, #1212, .T. ) ;
#5311 = AXIS2_PLACEMENT_3D ( 'NONE', #95, #222, #906 ) ;
#5312 = DIRECTION ( 'NONE',  ( 1.000000000000000000, 0.0000000000000000000, 0.0000000000000000000 ) ) ;
#5313 = EDGE_CURVE ( 'NONE', #1793, #6382, #7841, .T. ) ;
#5314 =( NAMED_UNIT ( * ) SI_UNIT ( $, .STERADIAN. ) SOLID_ANGLE_UNIT ( ) );
#5315 = SURFACE_STYLE_FILL_AREA ( #5398 ) ;
#5316 = CIRCLE ( 'NONE', #6504, 16.50000000000000000 ) ;
#5317 = SURFACE_STYLE_USAGE ( .BOTH. , #10039 ) ;
#5318 = PRESENTATION_STYLE_ASSIGNMENT (( #9985 ) ) ;
#5319 = FILL_AREA_STYLE_COLOUR ( '', #3888 ) ;
#5320 = CARTESIAN_POINT ( 'NONE',  ( 8.000000000000049700, 114.0000000000000000, 15.99999999999999600 ) ) ;
#5321 = CARTESIAN_POINT ( 'NONE',  ( 135.0000000000000000, -64.92893218813448200, 2.999999999999952900 ) ) ;
#5322 = MECHANICAL_DESIGN_GEOMETRIC_PRESENTATION_REPRESENTATION (  '', ( #7811 ), #7619 ) ;
#5323 = CYLINDRICAL_SURFACE ( 'NONE', #6990, 18.00000000000000000 ) ;
#5324 = LINE ( 'NONE', #1053, #9829 ) ;
#5325 = STYLED_ITEM ( 'NONE', ( #1200 ), #232 ) ;
#5326 = ORIENTED_EDGE ( 'NONE', *, *, #10124, .T. ) ;
#5327 = DIRECTION ( 'NONE',  ( 0.6785983445458468900, 0.6785983445458468900, 0.2810846377148206700 ) ) ;
#5328 = DIRECTION ( 'NONE',  ( -0.0000000000000000000, -1.000000000000000000, -0.0000000000000000000 ) ) ;
#5329 =( LENGTH_UNIT ( ) NAMED_UNIT ( * ) SI_UNIT ( .MILLI., .METRE. ) );
#5330 =( LENGTH_UNIT ( ) NAMED_UNIT ( * ) SI_UNIT ( .MILLI., .METRE. ) );
#5332 = LINE ( 'NONE', #771, #9605 ) ;
#5331 =( NAMED_UNIT ( * ) PLANE_ANGLE_UNIT ( ) SI_UNIT ( $, .RADIAN. ) );
#5333 = CARTESIAN_POINT ( 'NONE',  ( -45.70000000000019500, -13.99999999999999800, 20.00000000000000000 ) ) ;
#5334 = VERTEX_POINT ( 'NONE', #6183 ) ;
#5335 = DIRECTION ( 'NONE',  ( 0.0000000000000000000, 0.0000000000000000000, 1.000000000000000000 ) ) ;
#5336 = CARTESIAN_POINT ( 'NONE',  ( -55.00000000000002800, -79.92893218813443900, 43.00000000000000000 ) ) ;
#5337 =( LENGTH_UNIT ( ) NAMED_UNIT ( * ) SI_UNIT ( .MILLI., .METRE. ) );
#5338 = SHAPE_REPRESENTATION_RELATIONSHIP ( 'NONE' , 'NONE' ,  #9467, #6857 ) ;
#5339 = AXIS2_PLACEMENT_3D ( 'NONE', #5449, #2141, #7733 ) ;
#5340 = MECHANICAL_DESIGN_GEOMETRIC_PRESENTATION_REPRESENTATION (  '', ( #1953 ), #9527 ) ;
#5341 = CARTESIAN_POINT ( 'NONE',  ( -45.70000000000000300, -49.99999999999998600, 22.00000000000000000 ) ) ;
#5342 = FACE_OUTER_BOUND ( 'NONE', #4745, .T. ) ;
#5343 = VERTEX_POINT ( 'NONE', #5539 ) ;
#5344 = ADVANCED_FACE ( 'NONE', ( #2046, #5273 ), #1634, .T. ) ;
#5345 = COLOUR_RGB ( '',0.6392156862745097500, 0.6117647058823529900, 0.5999999999999999800 ) ;
#5346 = EDGE_LOOP ( 'NONE', ( #1063, #34, #4849, #8086 ) ) ;
#5347 = CARTESIAN_POINT ( 'NONE',  ( 0.0000000000000000000, 16.00000000000000000, 0.0000000000000000000 ) ) ;
#5348 =( LENGTH_UNIT ( ) NAMED_UNIT ( * ) SI_UNIT ( .MILLI., .METRE. ) );
#5349 = CARTESIAN_POINT ( 'NONE',  ( -55.00000000000005700, -1.206045845202921800E-015, -14.99999999999998400 ) ) ;
#5350 = LINE ( 'NONE', #7868, #3715 ) ;
#5351 = VECTOR ( 'NONE', #2142, 1000.000000000000000 ) ;
#5352 = FILL_AREA_STYLE_COLOUR ( '', #8848 ) ;
#5353 = CONICAL_SURFACE ( 'NONE', #6906, 3.000000000000002700, 0.04008340807841039700 ) ;
#5354 = EDGE_LOOP ( 'NONE', ( #3180, #4577, #8663, #5935 ) ) ;
#5355 = COLOUR_RGB ( '',0.2823529411764705800, 0.6627450980392156600, 0.3254901960784313800 ) ;
#5356 = CARTESIAN_POINT ( 'NONE',  ( 0.0000000000000000000, 0.0000000000000000000, 0.0000000000000000000 ) ) ;
#5357 = EDGE_LOOP ( 'NONE', ( #3156, #9662, #8299, #8355 ) ) ;
#5358 = PRESENTATION_STYLE_ASSIGNMENT (( #6711 ) ) ;
#5359 = EDGE_CURVE ( 'NONE', #5979, #1641, #6248, .T. ) ;
#5361 = ORIENTED_EDGE ( 'NONE', *, *, #872, .T. ) ;
#5360 = DIRECTION ( 'NONE',  ( 0.0000000000000000000, -0.0000000000000000000, 1.000000000000000000 ) ) ;
#5362 = UNCERTAINTY_MEASURE_WITH_UNIT (LENGTH_MEASURE( 1.000000000000000100E-005 ), #7463, 'distance_accuracy_value', 'NONE');
#5363 = DIRECTION ( 'NONE',  ( -0.0000000000000000000, -0.0000000000000000000, -1.000000000000000000 ) ) ;
#5364 =( GEOMETRIC_REPRESENTATION_CONTEXT ( 3 ) GLOBAL_UNCERTAINTY_ASSIGNED_CONTEXT ( ( #1135 ) ) GLOBAL_UNIT_ASSIGNED_CONTEXT ( ( #9066, #9094, #4353 ) ) REPRESENTATION_CONTEXT ( 'NONE', 'WORKASPACE' ) );
#5365 = ORIENTED_EDGE ( 'NONE', *, *, #9865, .F. ) ;
#5366 = PRESENTATION_STYLE_ASSIGNMENT (( #3661 ) ) ;
#5367 = FACE_OUTER_BOUND ( 'NONE', #4980, .T. ) ;
#5368 = ORIENTED_EDGE ( 'NONE', *, *, #2593, .F. ) ;
#5369 = DIRECTION ( 'NONE',  ( 0.4999999999999981100, 0.4999999999999998300, -0.7071067811865491300 ) ) ;
#5370 = VERTEX_POINT ( 'NONE', #7132 ) ;
#5371 = SURFACE_STYLE_FILL_AREA ( #3186 ) ;
#5372 = VECTOR ( 'NONE', #3752, 1000.000000000000000 ) ;
#5373 = ORIENTED_EDGE ( 'NONE', *, *, #8654, .T. ) ;
#5374 = SURFACE_SIDE_STYLE ('',( #2999 ) ) ;
#5375 = FILL_AREA_STYLE_COLOUR ( '', #737 ) ;
#5376 =( NAMED_UNIT ( * ) SI_UNIT ( $, .STERADIAN. ) SOLID_ANGLE_UNIT ( ) );
#5377 = ADVANCED_FACE ( 'NONE', ( #2787 ), #5567, .F. ) ;
#5378 = DIRECTION ( 'NONE',  ( 0.0000000000000000000, 1.000000000000000000, -0.0000000000000000000 ) ) ;
#5379 = VECTOR ( 'NONE', #6903, 1000.000000000000000 ) ;
#5380 = AXIS2_PLACEMENT_3D ( 'NONE', #9586, #1003, #6485 ) ;
#5381 = FILL_AREA_STYLE ('',( #7863 ) ) ;
#5382 = ORIENTED_EDGE ( 'NONE', *, *, #3875, .F. ) ;
#5383 = LINE ( 'NONE', #4774, #835 ) ;
#5384 = EDGE_CURVE ( 'NONE', #5945, #3220, #1797, .T. ) ;
#5385 = PRESENTATION_LAYER_ASSIGNMENT (  '', '', ( #1344 ) ) ;
#5386 = FACE_OUTER_BOUND ( 'NONE', #509, .T. ) ;
#5387 = ORIENTED_EDGE ( 'NONE', *, *, #561, .T. ) ;
#5388 =( LENGTH_UNIT ( ) NAMED_UNIT ( * ) SI_UNIT ( .MILLI., .METRE. ) );
#5389 = EDGE_LOOP ( 'NONE', ( #426, #6206, #5166, #8408 ) ) ;
#5390 = EDGE_CURVE ( 'NONE', #2123, #4964, #10130, .T. ) ;
#5391 = CARTESIAN_POINT ( 'NONE',  ( -45.70000000000000300, -13.99999999999999800, 22.00000000000000000 ) ) ;
#5392 = DIRECTION ( 'NONE',  ( -0.0000000000000000000, -1.000000000000000000, -0.0000000000000000000 ) ) ;
#5393 = CARTESIAN_POINT ( 'NONE',  ( -11.47219588600273200, 0.0000000000000000000, 13.87042614893940000 ) ) ;
#5394 = DIRECTION ( 'NONE',  ( 0.0000000000000000000, 0.9924997185854459400, -0.1222469165574757400 ) ) ;
#5395 = LINE ( 'NONE', #6745, #9049 ) ;
#5396 = VECTOR ( 'NONE', #6806, 1000.000000000000000 ) ;
#5397 = VERTEX_POINT ( 'NONE', #7004 ) ;
#5398 = FILL_AREA_STYLE ('',( #3570 ) ) ;
#5399 = PRESENTATION_LAYER_ASSIGNMENT (  '', '', ( #4697 ) ) ;
#5400 = ORIENTED_EDGE ( 'NONE', *, *, #4773, .F. ) ;
#5401 = DIRECTION ( 'NONE',  ( 0.0000000000000000000, 0.0000000000000000000, 1.000000000000000000 ) ) ;
#5402 = EDGE_CURVE ( 'NONE', #2232, #9989, #8073, .T. ) ;
#5403 = STYLED_ITEM ( 'NONE', ( #6320 ), #7875 ) ;
#5404 = CARTESIAN_POINT ( 'NONE',  ( -45.70000000000000300, -67.99999999999998600, 19.99999999999999600 ) ) ;
#5405 = CARTESIAN_POINT ( 'NONE',  ( 135.0000000000000000, 11.96446609406730100, 11.96446609406717000 ) ) ;
#5406 = FILL_AREA_STYLE_COLOUR ( '', #4769 ) ;
#5407 = VERTEX_POINT ( 'NONE', #6342 ) ;
#5408 = VECTOR ( 'NONE', #2773, 1000.000000000000000 ) ;
#5409 = ADVANCED_FACE ( 'NONE', ( #1448 ), #3759, .F. ) ;
#5410 = CARTESIAN_POINT ( 'NONE',  ( -55.00000000000005700, -33.96446609406726200, 33.96446609406726200 ) ) ;
#5411 = VECTOR ( 'NONE', #1329, 1000.000000000000000 ) ;
#5412 =( NAMED_UNIT ( * ) SI_UNIT ( $, .STERADIAN. ) SOLID_ANGLE_UNIT ( ) );
#5413 = ORIENTED_EDGE ( 'NONE', *, *, #1059, .T. ) ;
#5414 = PRESENTATION_LAYER_ASSIGNMENT (  '', '', ( #2385 ) ) ;
#5415 = PRESENTATION_LAYER_ASSIGNMENT (  '', '', ( #4856 ) ) ;
#5416 = CARTESIAN_POINT ( 'NONE',  ( -50.50000000000008500, 90.00000000000001400, 12.99999999999999800 ) ) ;
#5417 = PRESENTATION_STYLE_ASSIGNMENT (( #9347 ) ) ;
#5418 = COLOUR_RGB ( '',1.000000000000000000, 1.000000000000000000, 1.000000000000000000 ) ;
#5419 = DIRECTION ( 'NONE',  ( 0.0000000000000000000, 1.000000000000000000, 0.0000000000000000000 ) ) ;
#5420 = DIRECTION ( 'NONE',  ( -0.0000000000000000000, 1.000000000000000000, -0.0000000000000000000 ) ) ;
#5421 = UNCERTAINTY_MEASURE_WITH_UNIT (LENGTH_MEASURE( 1.000000000000000100E-005 ), #6778, 'distance_accuracy_value', 'NONE');
#5422 = ORIENTED_EDGE ( 'NONE', *, *, #9181, .T. ) ;
#5423 = LINE ( 'NONE', #5736, #3290 ) ;
#5424 = CARTESIAN_POINT ( 'NONE',  ( 140.0000000000000000, -81.99999999999998600, 0.0000000000000000000 ) ) ;
#5425 = DIRECTION ( 'NONE',  ( 0.0000000000000000000, 0.0000000000000000000, -1.000000000000000000 ) ) ;
#5426 = MECHANICAL_DESIGN_GEOMETRIC_PRESENTATION_REPRESENTATION (  '', ( #1253 ), #3412 ) ;
#5427 = COLOUR_RGB ( '',0.09803921568627450800, 0.09803921568627450800, 0.09803921568627450800 ) ;
#5428 = CARTESIAN_POINT ( 'NONE',  ( 138.0000000000000000, -1.050887573964497200, 23.63786982248520700 ) ) ;
#5429 = ORIENTED_EDGE ( 'NONE', *, *, #7133, .T. ) ;
#5430 = ADVANCED_FACE ( 'NONE', ( #4381 ), #20, .T. ) ;
#5431 = STYLED_ITEM ( 'NONE', ( #9108 ), #5757 ) ;
#5432 = CARTESIAN_POINT ( 'NONE',  ( 138.0000000000000000, -81.17157287525383000, 29.50035899087223300 ) ) ;
#5433 = ORIENTED_EDGE ( 'NONE', *, *, #9013, .F. ) ;
#5434 = COLOUR_RGB ( '',0.6392156862745097500, 0.6117647058823529900, 0.5999999999999999800 ) ;
#5435 = ORIENTED_EDGE ( 'NONE', *, *, #1743, .T. ) ;
#5436 = ORIENTED_EDGE ( 'NONE', *, *, #1817, .F. ) ;
#5437 = CARTESIAN_POINT ( 'NONE',  ( 140.0000000000000000, 111.9999999999999700, -24.99999999999999600 ) ) ;
#5438 = EDGE_CURVE ( 'NONE', #4189, #3717, #4502, .T. ) ;
#5439 = AXIS2_PLACEMENT_3D ( 'NONE', #8361, #2082, #9207 ) ;
#5440 = FILL_AREA_STYLE ('',( #7859 ) ) ;
#5441 = CONICAL_SURFACE ( 'NONE', #4517, 3.000000000000002700, 0.04008340807841039700 ) ;
#5442 = EDGE_CURVE ( 'NONE', #7164, #7465, #355, .T. ) ;
#5443 = DIRECTION ( 'NONE',  ( 1.000000000000000000, 0.0000000000000000000, 0.0000000000000000000 ) ) ;
#5444 = DIRECTION ( 'NONE',  ( 0.0000000000000000000, -1.000000000000000000, 0.0000000000000000000 ) ) ;
#5445 = ORIENTED_EDGE ( 'NONE', *, *, #9943, .F. ) ;
#5446 =( NAMED_UNIT ( * ) SI_UNIT ( $, .STERADIAN. ) SOLID_ANGLE_UNIT ( ) );
#5447 = FILL_AREA_STYLE ('',( #2332 ) ) ;
#5448 = LINE ( 'NONE', #7614, #5799 ) ;
#5449 = CARTESIAN_POINT ( 'NONE',  ( -60.00000000000005000, 119.9999999999999700, -24.99999999999999600 ) ) ;
#5450 =( GEOMETRIC_REPRESENTATION_CONTEXT ( 3 ) GLOBAL_UNCERTAINTY_ASSIGNED_CONTEXT ( ( #9960 ) ) GLOBAL_UNIT_ASSIGNED_CONTEXT ( ( #9917, #2023, #6849 ) ) REPRESENTATION_CONTEXT ( 'NONE', 'WORKASPACE' ) );
#5451 = CIRCLE ( 'NONE', #7318, 20.50000000000000000 ) ;
#5452 = EDGE_CURVE ( 'NONE', #432, #7783, #4626, .T. ) ;
#5453 =( GEOMETRIC_REPRESENTATION_CONTEXT ( 3 ) GLOBAL_UNCERTAINTY_ASSIGNED_CONTEXT ( ( #6988 ) ) GLOBAL_UNIT_ASSIGNED_CONTEXT ( ( #957, #6425, #2341 ) ) REPRESENTATION_CONTEXT ( 'NONE', 'WORKASPACE' ) );
#5454 = DIRECTION ( 'NONE',  ( -7.751679288539131300E-017, 1.000000000000000000, 0.0000000000000000000 ) ) ;
#5455 = SURFACE_SIDE_STYLE ('',( #4164 ) ) ;
#5456 =( NAMED_UNIT ( * ) PLANE_ANGLE_UNIT ( ) SI_UNIT ( $, .RADIAN. ) );
#5457 = ORIENTED_EDGE ( 'NONE', *, *, #6668, .T. ) ;
#5458 = DIRECTION ( 'NONE',  ( 0.0000000000000000000, -1.000000000000000000, 0.0000000000000000000 ) ) ;
#5459 = LINE ( 'NONE', #1007, #4688 ) ;
#5460 = COLOUR_RGB ( '',0.9098039215686274400, 0.4431372549019607600, 0.03137254901960784300 ) ;
#5461 = FILL_AREA_STYLE ('',( #6556 ) ) ;
#5462 = ORIENTED_EDGE ( 'NONE', *, *, #6013, .T. ) ;
#5463 = DIRECTION ( 'NONE',  ( 0.0000000000000000000, 1.000000000000000000, 0.0000000000000000000 ) ) ;
#5464 = SURFACE_STYLE_USAGE ( .BOTH. , #7643 ) ;
#5465 = DIRECTION ( 'NONE',  ( 2.336447111136583800E-017, 0.7071067811865514600, 0.7071067811865435800 ) ) ;
#5466 = ORIENTED_EDGE ( 'NONE', *, *, #872, .F. ) ;
#5467 = FACE_OUTER_BOUND ( 'NONE', #9522, .T. ) ;
#5468 = EDGE_CURVE ( 'NONE', #4877, #2145, #3269, .T. ) ;
#5469 =( GEOMETRIC_REPRESENTATION_CONTEXT ( 3 ) GLOBAL_UNCERTAINTY_ASSIGNED_CONTEXT ( ( #4704 ) ) GLOBAL_UNIT_ASSIGNED_CONTEXT ( ( #8843, #4133, #9632 ) ) REPRESENTATION_CONTEXT ( 'NONE', 'WORKASPACE' ) );
#5470 = SURFACE_STYLE_USAGE ( .BOTH. , #3747 ) ;
#5471 = EDGE_LOOP ( 'NONE', ( #5920, #7580 ) ) ;
#5472 = EDGE_CURVE ( 'NONE', #9282, #161, #7831, .T. ) ;
#5473 = DIRECTION ( 'NONE',  ( 0.0000000000000000000, 1.000000000000000000, 0.0000000000000000000 ) ) ;
#5474 = PRESENTATION_STYLE_ASSIGNMENT (( #1532 ) ) ;
#5475 = SURFACE_STYLE_USAGE ( .BOTH. , #10125 ) ;
#5476 = ADVANCED_FACE ( 'NONE', ( #8323 ), #5998, .T. ) ;
#5477 = FILL_AREA_STYLE ('',( #9358 ) ) ;
#5478 = SURFACE_STYLE_FILL_AREA ( #3624 ) ;
#5479 = VERTEX_POINT ( 'NONE', #4896 ) ;
#5480 = COLOUR_RGB ( '',0.2823529411764705800, 0.6627450980392156600, 0.3254901960784313800 ) ;
#5481 = DIRECTION ( 'NONE',  ( -0.0000000000000000000, -1.000000000000000000, -0.0000000000000000000 ) ) ;
#5482 = ORIENTED_EDGE ( 'NONE', *, *, #9691, .F. ) ;
#5483 = DIRECTION ( 'NONE',  ( -0.8660254037844387100, 0.0000000000000000000, 0.4999999999999999400 ) ) ;
#5484 = PRESENTATION_LAYER_ASSIGNMENT (  '', '', ( #7895 ) ) ;
#5485 =( GEOMETRIC_REPRESENTATION_CONTEXT ( 3 ) GLOBAL_UNCERTAINTY_ASSIGNED_CONTEXT ( ( #7738 ) ) GLOBAL_UNIT_ASSIGNED_CONTEXT ( ( #8659, #2318, #7025 ) ) REPRESENTATION_CONTEXT ( 'NONE', 'WORKASPACE' ) );
#5486 = FILL_AREA_STYLE ('',( #7041 ) ) ;
#5487 = ORIENTED_EDGE ( 'NONE', *, *, #2643, .T. ) ;
#5488 = UNCERTAINTY_MEASURE_WITH_UNIT (LENGTH_MEASURE( 1.000000000000000100E-005 ), #7253, 'distance_accuracy_value', 'NONE');
#5489 = ORIENTED_EDGE ( 'NONE', *, *, #3047, .F. ) ;
#5490 = DIRECTION ( 'NONE',  ( 0.0000000000000000000, 0.0000000000000000000, 1.000000000000000000 ) ) ;
#5491 = FACE_OUTER_BOUND ( 'NONE', #7916, .T. ) ;
#5492 = EDGE_CURVE ( 'NONE', #2010, #6843, #5142, .T. ) ;
#5493 =( LENGTH_UNIT ( ) NAMED_UNIT ( * ) SI_UNIT ( .MILLI., .METRE. ) );
#5494 = ORIENTED_EDGE ( 'NONE', *, *, #3492, .T. ) ;
#5495 = CARTESIAN_POINT ( 'NONE',  ( 128.4644660940672900, -86.46446609406723400, -35.00000000000000000 ) ) ;
#5496 = EDGE_LOOP ( 'NONE', ( #5258, #10116, #1317, #4709 ) ) ;
#5497 = AXIS2_PLACEMENT_3D ( 'NONE', #8785, #4920, #5724 ) ;
#5498 = EDGE_CURVE ( 'NONE', #2810, #1058, #6360, .T. ) ;
#5499 = DIRECTION ( 'NONE',  ( -0.5000000000000010000, 0.0000000000000000000, -0.8660254037844381500 ) ) ;
#5500 = PRESENTATION_STYLE_ASSIGNMENT (( #4624 ) ) ;
#5501 = ORIENTED_EDGE ( 'NONE', *, *, #1684, .F. ) ;
#5502 = DIRECTION ( 'NONE',  ( 0.0000000000000000000, 0.0000000000000000000, 1.000000000000000000 ) ) ;
#5503 = LINE ( 'NONE', #7743, #4234 ) ;
#5504 = EDGE_LOOP ( 'NONE', ( #3560, #10128, #3712, #3143 ) ) ;
#5505 = ORIENTED_EDGE ( 'NONE', *, *, #9491, .T. ) ;
#5506 = CARTESIAN_POINT ( 'NONE',  ( -45.70000000000013100, -31.99999999999999300, 23.00000000000000000 ) ) ;
#5507 = CARTESIAN_POINT ( 'NONE',  ( -49.45000000000001700, -67.99999999999998600, 21.20000000000002100 ) ) ;
#5508 = VERTEX_POINT ( 'NONE', #3298 ) ;
#5509 = DIRECTION ( 'NONE',  ( 4.907487367202160900E-018, 0.9991967677517890100, -0.04007267540828052900 ) ) ;
#5510 = PRESENTATION_LAYER_ASSIGNMENT (  '', '', ( #7070 ) ) ;
#5511 = ORIENTED_EDGE ( 'NONE', *, *, #6710, .T. ) ;
#5512 = DIRECTION ( 'NONE',  ( 0.0000000000000000000, 0.0000000000000000000, 1.000000000000000000 ) ) ;
#5513 = FACE_OUTER_BOUND ( 'NONE', #4979, .T. ) ;
#5514 = EDGE_CURVE ( 'NONE', #7534, #9598, #2038, .T. ) ;
#5515 = MECHANICAL_DESIGN_GEOMETRIC_PRESENTATION_REPRESENTATION (  '', ( #7736 ), #1284 ) ;
#5516 = DIRECTION ( 'NONE',  ( 1.000000000000000000, 0.0000000000000000000, 0.0000000000000000000 ) ) ;
#5517 = EDGE_CURVE ( 'NONE', #4130, #2677, #3030, .T. ) ;
#5518 = LINE ( 'NONE', #4362, #3750 ) ;
#5519 = CIRCLE ( 'NONE', #3233, 6.000000000000001800 ) ;
#5520 = EDGE_LOOP ( 'NONE', ( #5840, #2887, #3802, #8162 ) ) ;
#5521 = CARTESIAN_POINT ( 'NONE',  ( -55.00000000000005000, -6.999999999999994700, 30.07317073170731400 ) ) ;
#5522 = EDGE_LOOP ( 'NONE', ( #5511, #1747, #8591, #3425 ) ) ;
#5523 = EDGE_LOOP ( 'NONE', ( #5081, #9260 ) ) ;
#5524 =( LENGTH_UNIT ( ) NAMED_UNIT ( * ) SI_UNIT ( .MILLI., .METRE. ) );
#5525 = CIRCLE ( 'NONE', #6868, 4.999999999999997300 ) ;
#5526 = COLOUR_RGB ( '',0.9098039215686274400, 0.4431372549019607600, 0.03137254901960784300 ) ;
#5527 = DIRECTION ( 'NONE',  ( -0.0000000000000000000, -0.0000000000000000000, -1.000000000000000000 ) ) ;
#5528 = ORIENTED_EDGE ( 'NONE', *, *, #9181, .F. ) ;
#5529 = ADVANCED_FACE ( 'NONE', ( #4257 ), #7924, .F. ) ;
#5530 = DIRECTION ( 'NONE',  ( -1.000000000000000000, 0.0000000000000000000, 3.226857717675297300E-018 ) ) ;
#5531 = EDGE_CURVE ( 'NONE', #3850, #1641, #7771, .T. ) ;
#5532 = AXIS2_PLACEMENT_3D ( 'NONE', #6491, #8675, #4018 ) ;
#5533 = DIRECTION ( 'NONE',  ( -1.000000000000000000, 0.0000000000000000000, 0.0000000000000000000 ) ) ;
#5534 =( NAMED_UNIT ( * ) PLANE_ANGLE_UNIT ( ) SI_UNIT ( $, .RADIAN. ) );
#5535 = SURFACE_STYLE_FILL_AREA ( #6859 ) ;
#5536 = VECTOR ( 'NONE', #620, 1000.000000000000000 ) ;
#5537 = FACE_BOUND ( 'NONE', #4847, .T. ) ;
#5538 = CARTESIAN_POINT ( 'NONE',  ( -2.999999999999994700, 18.00000000000000400, -5.510910596163078700E-016 ) ) ;
#5539 = CARTESIAN_POINT ( 'NONE',  ( 13.87042614893939300, 16.00000000000000000, -11.47219588600274100 ) ) ;
#5540 =( NAMED_UNIT ( * ) SI_UNIT ( $, .STERADIAN. ) SOLID_ANGLE_UNIT ( ) );
#5541 = AXIS2_PLACEMENT_3D ( 'NONE', #7492, #8943, #4307 ) ;
#5542 = STYLED_ITEM ( 'NONE', ( #2731 ), #10055 ) ;
#5543 = CARTESIAN_POINT ( 'NONE',  ( -2.999999999999997800, 0.0000000000000000000, 17.74823934929884600 ) ) ;
#5544 = UNCERTAINTY_MEASURE_WITH_UNIT (LENGTH_MEASURE( 1.000000000000000100E-005 ), #9182, 'distance_accuracy_value', 'NONE');
#5545 = DIRECTION ( 'NONE',  ( 0.0000000000000000000, 0.0000000000000000000, 1.000000000000000000 ) ) ;
#5546 = VECTOR ( 'NONE', #875, 1000.000000000000100 ) ;
#5547 = CARTESIAN_POINT ( 'NONE',  ( 140.0000000000000000, 111.9999999999998900, 18.00000000000000000 ) ) ;
#5548 = CARTESIAN_POINT ( 'NONE',  ( -41.94999999999998900, -31.99999999999999300, 21.20000000000002100 ) ) ;
#5549 = SURFACE_STYLE_FILL_AREA ( #5788 ) ;
#5550 = SURFACE_STYLE_FILL_AREA ( #5751 ) ;
#5551 = ADVANCED_FACE ( 'NONE', ( #8852 ), #5936, .T. ) ;
#5552 = EDGE_LOOP ( 'NONE', ( #8485, #9479, #10091, #8240 ) ) ;
#5553 = VERTEX_POINT ( 'NONE', #8197 ) ;
#5554 = SURFACE_STYLE_USAGE ( .BOTH. , #2306 ) ;
#5555 = DIRECTION ( 'NONE',  ( 0.0000000000000000000, 0.0000000000000000000, 1.000000000000000000 ) ) ;
#5556 = AXIS2_PLACEMENT_3D ( 'NONE', #3635, #2024, #4368 ) ;
#5557 =( GEOMETRIC_REPRESENTATION_CONTEXT ( 3 ) GLOBAL_UNCERTAINTY_ASSIGNED_CONTEXT ( ( #6480 ) ) GLOBAL_UNIT_ASSIGNED_CONTEXT ( ( #7790, #9453, #85 ) ) REPRESENTATION_CONTEXT ( 'NONE', 'WORKASPACE' ) );
#5558 = ORIENTED_EDGE ( 'NONE', *, *, #7053, .T. ) ;
#5559 = FACE_OUTER_BOUND ( 'NONE', #6344, .T. ) ;
#5560 = PLANE ( 'NONE',  #9679 ) ;
#5561 = SURFACE_SIDE_STYLE ('',( #9495 ) ) ;
#5562 = SURFACE_STYLE_FILL_AREA ( #3737 ) ;
#5563 =( GEOMETRIC_REPRESENTATION_CONTEXT ( 3 ) GLOBAL_UNCERTAINTY_ASSIGNED_CONTEXT ( ( #1688 ) ) GLOBAL_UNIT_ASSIGNED_CONTEXT ( ( #7839, #5584, #3116 ) ) REPRESENTATION_CONTEXT ( 'NONE', 'WORKASPACE' ) );
#5564 = CARTESIAN_POINT ( 'NONE',  ( 140.0000000000000000, 28.00000000000001400, 2.999999999999884500 ) ) ;
#5565 = EDGE_CURVE ( 'NONE', #7349, #2481, #2448, .T. ) ;
#5566 = STYLED_ITEM ( 'NONE', ( #7718 ), #7231 ) ;
#5567 = PLANE ( 'NONE',  #821 ) ;
#5568 = EDGE_CURVE ( 'NONE', #6940, #4964, #1741, .T. ) ;
#5570 = LINE ( 'NONE', #5155, #3449 ) ;
#5569 = CARTESIAN_POINT ( 'NONE',  ( 2.598076211353326700, 16.00000000000000000, 1.500000000000007800 ) ) ;
#5571 = ADVANCED_FACE ( 'NONE', ( #4177, #6909, #532 ), #5015, .T. ) ;
#5572 = VECTOR ( 'NONE', #7513, 1000.000000000000000 ) ;
#5573 = DIRECTION ( 'NONE',  ( -1.000000000000000000, 0.0000000000000000000, 0.0000000000000000000 ) ) ;
#5574 =( NAMED_UNIT ( * ) SI_UNIT ( $, .STERADIAN. ) SOLID_ANGLE_UNIT ( ) );
#5575 = EDGE_LOOP ( 'NONE', ( #1326, #8743, #6127, #1942 ) ) ;
#5576 = DIRECTION ( 'NONE',  ( -0.0000000000000000000, -0.0000000000000000000, -1.000000000000000000 ) ) ;
#5577 = PRESENTATION_STYLE_ASSIGNMENT (( #4109 ) ) ;
#5578 = ORIENTED_EDGE ( 'NONE', *, *, #7813, .T. ) ;
#5579 = FILL_AREA_STYLE ('',( #4910 ) ) ;
#5580 = MECHANICAL_DESIGN_GEOMETRIC_PRESENTATION_REPRESENTATION (  '', ( #316 ), #6627 ) ;
#5581 = EDGE_CURVE ( 'NONE', #7658, #1970, #5451, .T. ) ;
#5582 = MECHANICAL_DESIGN_GEOMETRIC_PRESENTATION_REPRESENTATION (  '', ( #8638 ), #3445 ) ;
#5583 = VERTEX_POINT ( 'NONE', #8900 ) ;
#5584 =( NAMED_UNIT ( * ) PLANE_ANGLE_UNIT ( ) SI_UNIT ( $, .RADIAN. ) );
#5585 = CARTESIAN_POINT ( 'NONE',  ( 0.0000000000000000000, 16.00000000000000000, 0.0000000000000000000 ) ) ;
#5586 = PRESENTATION_STYLE_ASSIGNMENT (( #3181 ) ) ;
#5587 = DIRECTION ( 'NONE',  ( -0.0000000000000000000, -1.000000000000000000, -0.0000000000000000000 ) ) ;
#5588 = FACE_BOUND ( 'NONE', #8869, .T. ) ;
#5589 = DIRECTION ( 'NONE',  ( -1.000000000000000000, -2.538619720941669000E-016, 0.0000000000000000000 ) ) ;
#5590 = ORIENTED_EDGE ( 'NONE', *, *, #4630, .T. ) ;
#5591 = VECTOR ( 'NONE', #472, 1000.000000000000100 ) ;
#5592 = LINE ( 'NONE', #309, #8398 ) ;
#5593 =( NAMED_UNIT ( * ) PLANE_ANGLE_UNIT ( ) SI_UNIT ( $, .RADIAN. ) );
#5594 =( NAMED_UNIT ( * ) SI_UNIT ( $, .STERADIAN. ) SOLID_ANGLE_UNIT ( ) );
#5595 = FILL_AREA_STYLE ('',( #110 ) ) ;
#5596 = ORIENTED_EDGE ( 'NONE', *, *, #1485, .T. ) ;
#5597 = PRESENTATION_STYLE_ASSIGNMENT (( #8888 ) ) ;
#5598 = AXIS2_PLACEMENT_3D ( 'NONE', #8636, #2331, #9393 ) ;
#5600 = VERTEX_POINT ( 'NONE', #4186 ) ;
#5599 = MECHANICAL_DESIGN_GEOMETRIC_PRESENTATION_REPRESENTATION (  '', ( #3591 ), #1185 ) ;
#5601 = FACE_OUTER_BOUND ( 'NONE', #6799, .T. ) ;
#5602 = ORIENTED_EDGE ( 'NONE', *, *, #2837, .F. ) ;
#5603 = CIRCLE ( 'NONE', #879, 6.000000000000001800 ) ;
#5604 = ORIENTED_EDGE ( 'NONE', *, *, #706, .F. ) ;
#5605 = DIRECTION ( 'NONE',  ( 0.0000000000000000000, 0.0000000000000000000, 1.000000000000000000 ) ) ;
#5606 = FILL_AREA_STYLE_COLOUR ( '', #6378 ) ;
#5607 = CARTESIAN_POINT ( 'NONE',  ( 15.55124549639639600, 16.00000000000000000, -5.514414158440661900 ) ) ;
#5608 = ORIENTED_EDGE ( 'NONE', *, *, #4972, .F. ) ;
#5609 = ORIENTED_EDGE ( 'NONE', *, *, #843, .T. ) ;
#5610 = LINE ( 'NONE', #2983, #8897 ) ;
#5611 = LINE ( 'NONE', #4445, #2491 ) ;
#5612 = CARTESIAN_POINT ( 'NONE',  ( -60.00000000000005700, 28.00000000000001400, 2.999999999999884500 ) ) ;
#5613 = UNCERTAINTY_MEASURE_WITH_UNIT (LENGTH_MEASURE( 1.000000000000000100E-005 ), #4194, 'distance_accuracy_value', 'NONE');
#5614 = ORIENTED_EDGE ( 'NONE', *, *, #1023, .F. ) ;
#5615 =( GEOMETRIC_REPRESENTATION_CONTEXT ( 3 ) GLOBAL_UNCERTAINTY_ASSIGNED_CONTEXT ( ( #5662 ) ) GLOBAL_UNIT_ASSIGNED_CONTEXT ( ( #7480, #346, #9002 ) ) REPRESENTATION_CONTEXT ( 'NONE', 'WORKASPACE' ) );
#5616 = PRESENTATION_LAYER_ASSIGNMENT (  '', '', ( #2400 ) ) ;
#5617 = CARTESIAN_POINT ( 'NONE',  ( 16.87042614893939800, 16.00000000000000000, -6.276043463296108600 ) ) ;
#5618 = DIRECTION ( 'NONE',  ( -0.7071067811865445800, -1.795075219531747400E-016, 0.7071067811865504600 ) ) ;
#5619 = CARTESIAN_POINT ( 'NONE',  ( 132.0000000000000000, -89.99999999999997200, -30.00000000000000000 ) ) ;
#5620 = ORIENTED_EDGE ( 'NONE', *, *, #5514, .T. ) ;
#5621 = CARTESIAN_POINT ( 'NONE',  ( -10.00000000000008300, 12.99999999999998800, 18.00000000000000000 ) ) ;
#5622 = PRESENTATION_STYLE_ASSIGNMENT (( #2248 ) ) ;
#5623 = ORIENTED_EDGE ( 'NONE', *, *, #7001, .F. ) ;
#5624 = ORIENTED_EDGE ( 'NONE', *, *, #3693, .T. ) ;
#5625 = FILL_AREA_STYLE_COLOUR ( '', #9516 ) ;
#5626 = CARTESIAN_POINT ( 'NONE',  ( -8.541180064162155800E-016, 16.00000000000000000, -2.999999999999996000 ) ) ;
#5627 = FACE_OUTER_BOUND ( 'NONE', #7099, .T. ) ;
#5628 = AXIS2_PLACEMENT_3D ( 'NONE', #2072, #1308, #7596 ) ;
#5629 = VECTOR ( 'NONE', #7565, 1000.000000000000100 ) ;
#5630 = FACE_OUTER_BOUND ( 'NONE', #9565, .T. ) ;
#5631 = STYLED_ITEM ( 'NONE', ( #6492 ), #6628 ) ;
#5632 = ORIENTED_EDGE ( 'NONE', *, *, #8789, .F. ) ;
#5633 = EDGE_CURVE ( 'NONE', #9836, #8442, #10070, .T. ) ;
#5634 = EDGE_LOOP ( 'NONE', ( #3087, #3554, #1125, #8779 ) ) ;
#5635 = VECTOR ( 'NONE', #10087, 1000.000000000000000 ) ;
#5636 = CARTESIAN_POINT ( 'NONE',  ( -1.999999999999946300, -77.99999999999998600, 18.00000000000000000 ) ) ;
#5637 = CARTESIAN_POINT ( 'NONE',  ( 116.9999999999999400, 120.0000000000000100, 7.999999999999998200 ) ) ;
#5638 = ORIENTED_EDGE ( 'NONE', *, *, #120, .F. ) ;
#5639 = SURFACE_SIDE_STYLE ('',( #1407 ) ) ;
#5640 = CARTESIAN_POINT ( 'NONE',  ( -60.00000000000005700, 28.00000000000001400, -19.99999999999998900 ) ) ;
#5641 = PRESENTATION_LAYER_ASSIGNMENT (  '', '', ( #3304 ) ) ;
#5642 = EDGE_CURVE ( 'NONE', #7510, #5397, #6535, .T. ) ;
#5643 = AXIS2_PLACEMENT_3D ( 'NONE', #5674, #944, #6379 ) ;
#5644 =( NAMED_UNIT ( * ) PLANE_ANGLE_UNIT ( ) SI_UNIT ( $, .RADIAN. ) );
#5645 = ORIENTED_EDGE ( 'NONE', *, *, #1577, .F. ) ;
#5646 = DIRECTION ( 'NONE',  ( -1.000000000000000000, 0.0000000000000000000, 0.0000000000000000000 ) ) ;
#5647 = LINE ( 'NONE', #1066, #2916 ) ;
#5648 = DIRECTION ( 'NONE',  ( 1.000000000000000000, 0.0000000000000000000, -0.0000000000000000000 ) ) ;
#5649 = DIRECTION ( 'NONE',  ( 0.0000000000000000000, 1.000000000000000000, 0.0000000000000000000 ) ) ;
#5650 = SURFACE_STYLE_USAGE ( .BOTH. , #6296 ) ;
#5651 = AXIS2_PLACEMENT_3D ( 'NONE', #8729, #4014, #7137 ) ;
#5652 = AXIS2_PLACEMENT_3D ( 'NONE', #7898, #4241, #5778 ) ;
#5653 =( LENGTH_UNIT ( ) NAMED_UNIT ( * ) SI_UNIT ( .MILLI., .METRE. ) );
#5654 = SURFACE_STYLE_USAGE ( .BOTH. , #2590 ) ;
#5655 = DIRECTION ( 'NONE',  ( -0.0000000000000000000, -0.0000000000000000000, -1.000000000000000000 ) ) ;
#5656 = EDGE_LOOP ( 'NONE', ( #307, #9844, #7805, #1488 ) ) ;
#5657 = EDGE_CURVE ( 'NONE', #4319, #8180, #2950, .T. ) ;
#5658 = SPHERICAL_SURFACE ( 'NONE', #5497, 6.000000000000001800 ) ;
#5659 = VECTOR ( 'NONE', #275, 1000.000000000000000 ) ;
#5660 = ORIENTED_EDGE ( 'NONE', *, *, #7607, .T. ) ;
#5661 = EDGE_LOOP ( 'NONE', ( #793, #8279, #8259, #4352 ) ) ;
#5663 = FILL_AREA_STYLE ('',( #5794 ) ) ;
#5662 = UNCERTAINTY_MEASURE_WITH_UNIT (LENGTH_MEASURE( 1.000000000000000100E-005 ), #7480, 'distance_accuracy_value', 'NONE');
#5664 = CARTESIAN_POINT ( 'NONE',  ( -10.00000000000008300, 12.99999999999998800, 19.99999999999999600 ) ) ;
#5665 = DIRECTION ( 'NONE',  ( 0.0000000000000000000, 0.0000000000000000000, 1.000000000000000000 ) ) ;
#5666 = VERTEX_POINT ( 'NONE', #5832 ) ;
#5667 =( GEOMETRIC_REPRESENTATION_CONTEXT ( 3 ) GLOBAL_UNCERTAINTY_ASSIGNED_CONTEXT ( ( #5544 ) ) GLOBAL_UNIT_ASSIGNED_CONTEXT ( ( #9182, #586, #10129 ) ) REPRESENTATION_CONTEXT ( 'NONE', 'WORKASPACE' ) );
#5668 = PRESENTATION_LAYER_ASSIGNMENT (  '', '', ( #5147 ) ) ;
#5669 =( REPRESENTATION_RELATIONSHIP ('NONE','NONE', #4564, #9949 ) REPRESENTATION_RELATIONSHIP_WITH_TRANSFORMATION ( #8008 )SHAPE_REPRESENTATION_RELATIONSHIP( ) );
#5670 = ORIENTED_EDGE ( 'NONE', *, *, #7982, .T. ) ;
#5671 = SURFACE_STYLE_FILL_AREA ( #108 ) ;
#5672 = PLANE ( 'NONE',  #5848 ) ;
#5673 = CARTESIAN_POINT ( 'NONE',  ( -5.123298599248370700E-015, 18.00000000000000400, -14.00000000000000000 ) ) ;
#5674 = CARTESIAN_POINT ( 'NONE',  ( 0.0000000000000000000, -87.99999999999997200, 38.00000000000000000 ) ) ;
#5675 = LINE ( 'NONE', #6083, #5791 ) ;
#5676 = SURFACE_STYLE_USAGE ( .BOTH. , #945 ) ;
#5677 = ORIENTED_EDGE ( 'NONE', *, *, #9934, .F. ) ;
#5678 = COLOUR_RGB ( '',0.6392156862745097500, 0.6117647058823529900, 0.5999999999999999800 ) ;
#5679 = EDGE_CURVE ( 'NONE', #9168, #4214, #4312, .T. ) ;
#5680 = CARTESIAN_POINT ( 'NONE',  ( 0.0000000000000000000, 0.0000000000000000000, -30.00000000000000400 ) ) ;
#5681 = SURFACE_SIDE_STYLE ('',( #7124 ) ) ;
#5682 = STYLED_ITEM ( 'NONE', ( #3256 ), #2676 ) ;
#5683 = SURFACE_SIDE_STYLE ('',( #5256 ) ) ;
#5684 =( GEOMETRIC_REPRESENTATION_CONTEXT ( 3 ) GLOBAL_UNCERTAINTY_ASSIGNED_CONTEXT ( ( #2467 ) ) GLOBAL_UNIT_ASSIGNED_CONTEXT ( ( #5493, #7055, #7848 ) ) REPRESENTATION_CONTEXT ( 'NONE', 'WORKASPACE' ) );
#5685 = FACE_OUTER_BOUND ( 'NONE', #5104, .T. ) ;
#5686 = SURFACE_SIDE_STYLE ('',( #4339 ) ) ;
#5687 = ORIENTED_EDGE ( 'NONE', *, *, #2105, .F. ) ;
#5688 = FILL_AREA_STYLE_COLOUR ( '', #8731 ) ;
#5689 = CARTESIAN_POINT ( 'NONE',  ( -10.70000000000006700, -44.00000000000000000, 18.99999999999999600 ) ) ;
#5690 = SURFACE_STYLE_USAGE ( .BOTH. , #4886 ) ;
#5691 = ORIENTED_EDGE ( 'NONE', *, *, #6525, .F. ) ;
#5692 = VECTOR ( 'NONE', #4305, 1000.000000000000000 ) ;
#5693 = PRESENTATION_STYLE_ASSIGNMENT (( #8626 ) ) ;
#5694 = STYLED_ITEM ( 'NONE', ( #5586 ), #3768 ) ;
#5695 = EDGE_LOOP ( 'NONE', ( #10086, #1883, #4734, #4440 ) ) ;
#5696 = CARTESIAN_POINT ( 'NONE',  ( -38.70000000000006700, -55.99999999999997900, 18.99999999999999600 ) ) ;
#5697 = EDGE_CURVE ( 'NONE', #3258, #317, #8611, .T. ) ;
#5698 = STYLED_ITEM ( 'NONE', ( #8005 ), #6985 ) ;
#5699 = FILL_AREA_STYLE ('',( #2499 ) ) ;
#5700 = FILL_AREA_STYLE_COLOUR ( '', #6783 ) ;
#5701 = EDGE_CURVE ( 'NONE', #8053, #5020, #3206, .T. ) ;
#5702 = SURFACE_SIDE_STYLE ('',( #4538 ) ) ;
#5703 = ORIENTED_EDGE ( 'NONE', *, *, #3760, .T. ) ;
#5704 = DIRECTION ( 'NONE',  ( -0.6431212837971558300, 0.7657643334127660600, 0.0000000000000000000 ) ) ;
#5705 =( NAMED_UNIT ( * ) SI_UNIT ( $, .STERADIAN. ) SOLID_ANGLE_UNIT ( ) );
#5706 = CIRCLE ( 'NONE', #9819, 4.999999999999997300 ) ;
#5707 = FILL_AREA_STYLE_COLOUR ( '', #2143 ) ;
#5708 = LINE ( 'NONE', #3899, #2577 ) ;
#5709 = VERTEX_POINT ( 'NONE', #1228 ) ;
#5710 = CARTESIAN_POINT ( 'NONE',  ( -11.47219588600273200, 16.00000000000000000, 13.87042614893940000 ) ) ;
#5711 = FILL_AREA_STYLE ('',( #6411 ) ) ;
#5712 =( NAMED_UNIT ( * ) SI_UNIT ( $, .STERADIAN. ) SOLID_ANGLE_UNIT ( ) );
#5713 = CARTESIAN_POINT ( 'NONE',  ( -10.70000000000019100, -19.99999999999997500, 18.99999999999999600 ) ) ;
#5714 = ORIENTED_EDGE ( 'NONE', *, *, #8204, .T. ) ;
#5715 = CARTESIAN_POINT ( 'NONE',  ( -16.99999999999998200, -164.8038475772933700, -5.000000000000004400 ) ) ;
#5716 = EDGE_CURVE ( 'NONE', #8317, #6448, #4052, .T. ) ;
#5717 = DIRECTION ( 'NONE',  ( 0.7071067811865512400, 0.4999999999999974500, -0.4999999999999974500 ) ) ;
#5718 = ORIENTED_EDGE ( 'NONE', *, *, #8336, .T. ) ;
#5719 = DIRECTION ( 'NONE',  ( 0.7071067811865517900, -0.4999999999999997200, -0.4999999999999943400 ) ) ;
#5720 = LINE ( 'NONE', #644, #8764 ) ;
#5721 = CARTESIAN_POINT ( 'NONE',  ( -48.00000000000008500, 30.99999999999998200, 15.00000000000000000 ) ) ;
#5722 = PRESENTATION_STYLE_ASSIGNMENT (( #8802 ) ) ;
#5723 = SURFACE_SIDE_STYLE ('',( #6663 ) ) ;
#5724 = DIRECTION ( 'NONE',  ( 1.000000000000000000, 0.0000000000000000000, 0.0000000000000000000 ) ) ;
#5725 = EDGE_LOOP ( 'NONE', ( #4570, #1486, #1030, #2154 ) ) ;
#5726 = UNCERTAINTY_MEASURE_WITH_UNIT (LENGTH_MEASURE( 1.000000000000000100E-005 ), #5212, 'distance_accuracy_value', 'NONE');
#5727 = CONICAL_SURFACE ( 'NONE', #8234, 3.750000000000010200, 0.7853981633974529400 ) ;
#5728 = ORIENTED_EDGE ( 'NONE', *, *, #5829, .F. ) ;
#5729 = AXIS2_PLACEMENT_3D ( 'NONE', #2873, #9238, #5394 ) ;
#5730 = STYLED_ITEM ( 'NONE', ( #9322 ), #9456 ) ;
#5731 = ORIENTED_EDGE ( 'NONE', *, *, #8565, .T. ) ;
#5732 = DIRECTION ( 'NONE',  ( 0.2810846377148216700, 0.6785983445458426700, 0.6785983445458506600 ) ) ;
#5733 = VECTOR ( 'NONE', #2575, 1000.000000000000000 ) ;
#5734 = UNCERTAINTY_MEASURE_WITH_UNIT (LENGTH_MEASURE( 1.000000000000000100E-005 ), #2579, 'distance_accuracy_value', 'NONE');
#5735 = ORIENTED_EDGE ( 'NONE', *, *, #3315, .F. ) ;
#5736 = CARTESIAN_POINT ( 'NONE',  ( 140.0000000000000000, 28.00000000000001400, 7.999999999999998200 ) ) ;
#5737 = CARTESIAN_POINT ( 'NONE',  ( -10.70000000000000500, -74.00000000000000000, 18.99999999999999600 ) ) ;
#5738 = CIRCLE ( 'NONE', #5060, 0.7500000000000075500 ) ;
#5739 = PRESENTATION_STYLE_ASSIGNMENT (( #1737 ) ) ;
#5740 = PRESENTATION_LAYER_ASSIGNMENT (  '', '', ( #4466 ) ) ;
#5741 =( NAMED_UNIT ( * ) PLANE_ANGLE_UNIT ( ) SI_UNIT ( $, .RADIAN. ) );
#5742 = ORIENTED_EDGE ( 'NONE', *, *, #8597, .T. ) ;
#5743 = DIRECTION ( 'NONE',  ( 0.0000000000000000000, 0.0000000000000000000, 1.000000000000000000 ) ) ;
#5744 =( GEOMETRIC_REPRESENTATION_CONTEXT ( 3 ) GLOBAL_UNCERTAINTY_ASSIGNED_CONTEXT ( ( #2809 ) ) GLOBAL_UNIT_ASSIGNED_CONTEXT ( ( #9005, #8861, #4296 ) ) REPRESENTATION_CONTEXT ( 'NONE', 'WORKASPACE' ) );
#5745 = ORIENTED_EDGE ( 'NONE', *, *, #1224, .F. ) ;
#5746 = DIRECTION ( 'NONE',  ( 0.7071067811865514600, -0.7071067811865435800, 0.0000000000000000000 ) ) ;
#5747 = VERTEX_POINT ( 'NONE', #8332 ) ;
#5748 = DIRECTION ( 'NONE',  ( 0.0000000000000000000, -0.0000000000000000000, 1.000000000000000000 ) ) ;
#5749 = CARTESIAN_POINT ( 'NONE',  ( -10.00000000000008300, 32.99999999999998600, 19.99999999999999600 ) ) ;
#5750 = COLOUR_RGB ( '',1.000000000000000000, 1.000000000000000000, 1.000000000000000000 ) ;
#5751 = FILL_AREA_STYLE ('',( #950 ) ) ;
#5752 = PRESENTATION_STYLE_ASSIGNMENT (( #90 ) ) ;
#5753 = PLANE ( 'NONE',  #7872 ) ;
#5754 = ORIENTED_EDGE ( 'NONE', *, *, #2299, .F. ) ;
#5755 = ORIENTED_EDGE ( 'NONE', *, *, #9318, .F. ) ;
#5756 = DIRECTION ( 'NONE',  ( -0.0000000000000000000, -0.0000000000000000000, 1.000000000000000000 ) ) ;
#5757 = ADVANCED_FACE ( 'NONE', ( #5194 ), #1991, .F. ) ;
#5758 =( LENGTH_UNIT ( ) NAMED_UNIT ( * ) SI_UNIT ( .MILLI., .METRE. ) );
#5759 = AXIS2_PLACEMENT_3D ( 'NONE', #1820, #7395, #362 ) ;
#5760 = COLOUR_RGB ( '',1.000000000000000000, 1.000000000000000000, 1.000000000000000000 ) ;
#5761 = SURFACE_STYLE_FILL_AREA ( #3914 ) ;
#5762 = EDGE_CURVE ( 'NONE', #10068, #4325, #424, .T. ) ;
#5763 =( GEOMETRIC_REPRESENTATION_CONTEXT ( 3 ) GLOBAL_UNCERTAINTY_ASSIGNED_CONTEXT ( ( #9365 ) ) GLOBAL_UNIT_ASSIGNED_CONTEXT ( ( #4146, #6720, #252 ) ) REPRESENTATION_CONTEXT ( 'NONE', 'WORKASPACE' ) );
#5764 = EDGE_CURVE ( 'NONE', #3825, #2132, #7762, .T. ) ;
#5765 = ORIENTED_EDGE ( 'NONE', *, *, #8844, .F. ) ;
#5766 = CARTESIAN_POINT ( 'NONE',  ( 135.0000000000000000, 17.96446609406708800, -17.96446609406728700 ) ) ;
#5767 = CARTESIAN_POINT ( 'NONE',  ( -60.00000000000005700, -66.99999999999998600, 8.000000000000014200 ) ) ;
#5768 = CARTESIAN_POINT ( 'NONE',  ( -86.00000000000012800, 85.99999999999984400, 18.00000000000000000 ) ) ;
#5769 = SURFACE_SIDE_STYLE ('',( #10028 ) ) ;
#5770 = DIRECTION ( 'NONE',  ( 1.000000000000000000, 0.0000000000000000000, 0.0000000000000000000 ) ) ;
#5771 = DIRECTION ( 'NONE',  ( 0.0000000000000000000, 0.0000000000000000000, -1.000000000000000000 ) ) ;
#5772 = MECHANICAL_DESIGN_GEOMETRIC_PRESENTATION_REPRESENTATION (  '', ( #8518 ), #4494 ) ;
#5773 = EDGE_CURVE ( 'NONE', #8713, #2971, #2194, .T. ) ;
#5774 = PRESENTATION_LAYER_ASSIGNMENT (  '', '', ( #1557 ) ) ;
#5775 = DIRECTION ( 'NONE',  ( 0.0000000000000000000, 0.0000000000000000000, -1.000000000000000000 ) ) ;
#5776 = CARTESIAN_POINT ( 'NONE',  ( -45.70000000000000300, -67.99999999999998600, 20.00000000000000000 ) ) ;
#5777 =( NAMED_UNIT ( * ) SI_UNIT ( $, .STERADIAN. ) SOLID_ANGLE_UNIT ( ) );
#5778 = DIRECTION ( 'NONE',  ( 1.000000000000000000, 0.0000000000000000000, 0.0000000000000000000 ) ) ;
#5779 = CARTESIAN_POINT ( 'NONE',  ( 128.0000000000000600, -77.99999999999997200, 18.00000000000000000 ) ) ;
#5780 = DIRECTION ( 'NONE',  ( -0.0000000000000000000, -1.000000000000000000, -0.0000000000000000000 ) ) ;
#5781 = DIRECTION ( 'NONE',  ( 0.0000000000000000000, 0.0000000000000000000, 1.000000000000000000 ) ) ;
#5782 = DIRECTION ( 'NONE',  ( 0.7071067811865507900, 0.0000000000000000000, 0.7071067811865441300 ) ) ;
#5783 =( LENGTH_UNIT ( ) NAMED_UNIT ( * ) SI_UNIT ( .MILLI., .METRE. ) );
#5784 = LINE ( 'NONE', #1095, #4667 ) ;
#5785 = AXIS2_PLACEMENT_3D ( 'NONE', #5437, #5369, #7720 ) ;
#5786 =( GEOMETRIC_REPRESENTATION_CONTEXT ( 3 ) GLOBAL_UNCERTAINTY_ASSIGNED_CONTEXT ( ( #9421 ) ) GLOBAL_UNIT_ASSIGNED_CONTEXT ( ( #3944, #7622, #5291 ) ) REPRESENTATION_CONTEXT ( 'NONE', 'WORKASPACE' ) );
#5787 = DIRECTION ( 'NONE',  ( -0.8660254037844383700, 0.0000000000000000000, -0.5000000000000004400 ) ) ;
#5788 = FILL_AREA_STYLE ('',( #4033 ) ) ;
#5789 = UNCERTAINTY_MEASURE_WITH_UNIT (LENGTH_MEASURE( 1.000000000000000100E-005 ), #3515, 'distance_accuracy_value', 'NONE');
#5790 = EDGE_CURVE ( 'NONE', #4470, #7036, #895, .T. ) ;
#5791 = VECTOR ( 'NONE', #634, 1000.000000000000000 ) ;
#5792 = ORIENTED_EDGE ( 'NONE', *, *, #8524, .F. ) ;
#5793 = FACE_OUTER_BOUND ( 'NONE', #1328, .T. ) ;
#5794 = FILL_AREA_STYLE_COLOUR ( '', #5480 ) ;
#5795 = CARTESIAN_POINT ( 'NONE',  ( -10.00000000000008300, 32.99999999999998600, 18.00000000000000000 ) ) ;
#5796 = DIRECTION ( 'NONE',  ( -0.0000000000000000000, -0.0000000000000000000, 1.000000000000000000 ) ) ;
#5797 = DIRECTION ( 'NONE',  ( 0.0000000000000000000, 1.000000000000000000, -0.0000000000000000000 ) ) ;
#5798 = STYLED_ITEM ( 'NONE', ( #7919 ), #1710 ) ;
#5799 = VECTOR ( 'NONE', #1389, 1000.000000000000000 ) ;
#5800 = DIRECTION ( 'NONE',  ( 0.1898102787014242000, 0.0000000000000000000, -0.9818207871599011800 ) ) ;
#5801 = CIRCLE ( 'NONE', #4173, 6.000000000000000000 ) ;
#5802 = PRESENTATION_STYLE_ASSIGNMENT (( #2665 ) ) ;
#5803 = CYLINDRICAL_SURFACE ( 'NONE', #1035, 4.999999999999997300 ) ;
#5804 = ADVANCED_FACE ( 'NONE', ( #7260 ), #6821, .T. ) ;
#5805 = SURFACE_STYLE_USAGE ( .BOTH. , #9625 ) ;
#5806 = ORIENTED_EDGE ( 'NONE', *, *, #4969, .T. ) ;
#5807 = DIRECTION ( 'NONE',  ( 0.0000000000000000000, -1.000000000000000000, -0.0000000000000000000 ) ) ;
#5808 = DIRECTION ( 'NONE',  ( -6.162975822039154700E-033, -0.7071067811865514600, -0.7071067811865435800 ) ) ;
#5809 = CIRCLE ( 'NONE', #9716, 16.50000000000000000 ) ;
#5810 = CARTESIAN_POINT ( 'NONE',  ( 0.0000000000000000000, 0.0000000000000000000, 18.99999999999999600 ) ) ;
#5811 = CARTESIAN_POINT ( 'NONE',  ( -37.00000000000012100, 114.9999999999999600, -7.928932188134545800 ) ) ;
#5812 = DIRECTION ( 'NONE',  ( -1.000000000000000000, 0.0000000000000000000, 0.0000000000000000000 ) ) ;
#5813 = ORIENTED_EDGE ( 'NONE', *, *, #4228, .T. ) ;
#5814 = DIRECTION ( 'NONE',  ( 1.000000000000000000, 1.067522139062650400E-016, -0.0000000000000000000 ) ) ;
#5815 = CARTESIAN_POINT ( 'NONE',  ( -49.45000000000002400, -67.99999999999998600, 21.20000000000002100 ) ) ;
#5816 = DIRECTION ( 'NONE',  ( 0.0000000000000000000, 0.9973337235915658000, -0.07297563831157799500 ) ) ;
#5817 = VERTEX_POINT ( 'NONE', #9854 ) ;
#5818 = AXIS2_PLACEMENT_3D ( 'NONE', #6038, #8422, #7683 ) ;
#5819 = CARTESIAN_POINT ( 'NONE',  ( -38.70000000000006700, -44.00000000000000000, 18.99999999999999600 ) ) ;
#5820 = EDGE_CURVE ( 'NONE', #1031, #9290, #3803, .T. ) ;
#5821 =( NAMED_UNIT ( * ) PLANE_ANGLE_UNIT ( ) SI_UNIT ( $, .RADIAN. ) );
#5822 = CARTESIAN_POINT ( 'NONE',  ( 16.87042614893940100, 0.0000000000000000000, 6.276043463296106900 ) ) ;
#5823 = FILL_AREA_STYLE ('',( #4180 ) ) ;
#5824 = ORIENTED_EDGE ( 'NONE', *, *, #3096, .T. ) ;
#5825 = DIRECTION ( 'NONE',  ( 0.0000000000000000000, 1.000000000000000000, -0.0000000000000000000 ) ) ;
#5826 = ORIENTED_EDGE ( 'NONE', *, *, #4181, .T. ) ;
#5827 = LINE ( 'NONE', #5696, #3710 ) ;
#5828 = DIRECTION ( 'NONE',  ( -0.2810846377148194000, 0.6785983445458432200, 0.6785983445458512200 ) ) ;
#5829 = EDGE_CURVE ( 'NONE', #4423, #7817, #8723, .T. ) ;
#5830 = AXIS2_PLACEMENT_3D ( 'NONE', #1010, #6493, #3207 ) ;
#5831 = ORIENTED_EDGE ( 'NONE', *, *, #5987, .T. ) ;
#5832 = CARTESIAN_POINT ( 'NONE',  ( 140.0000000000000000, 22.99999999999995400, -19.99999999999998900 ) ) ;
#5833 = CARTESIAN_POINT ( 'NONE',  ( 12.55124549639640100, 0.0000000000000000000, 10.71056658114728900 ) ) ;
#5834 = SURFACE_STYLE_FILL_AREA ( #1587 ) ;
#5835 = FACE_OUTER_BOUND ( 'NONE', #7799, .T. ) ;
#5836 = PRESENTATION_STYLE_ASSIGNMENT (( #5690 ) ) ;
#5837 = EDGE_LOOP ( 'NONE', ( #2495, #8758, #1618, #2509 ) ) ;
#5838 = FACE_OUTER_BOUND ( 'NONE', #1301, .T. ) ;
#5839 = ORIENTED_EDGE ( 'NONE', *, *, #6532, .F. ) ;
#5840 = ORIENTED_EDGE ( 'NONE', *, *, #5697, .F. ) ;
#5841 =( NAMED_UNIT ( * ) SI_UNIT ( $, .STERADIAN. ) SOLID_ANGLE_UNIT ( ) );
#5842 = STYLED_ITEM ( 'NONE', ( #3167 ), #4981 ) ;
#5843 = CARTESIAN_POINT ( 'NONE',  ( 131.1061200298297500, 117.8419828528815300, -27.15801714711848500 ) ) ;
#5844 = DIRECTION ( 'NONE',  ( 0.0000000000000000000, 1.000000000000000000, 0.0000000000000000000 ) ) ;
#5845 = VECTOR ( 'NONE', #7756, 1000.000000000000000 ) ;
#5846 = CIRCLE ( 'NONE', #6469, 6.000000000000005300 ) ;
#5847 = DIRECTION ( 'NONE',  ( -0.0000000000000000000, -1.000000000000000000, -0.0000000000000000000 ) ) ;
#5848 = AXIS2_PLACEMENT_3D ( 'NONE', #2464, #2504, #3238 ) ;
#5849 = MECHANICAL_DESIGN_GEOMETRIC_PRESENTATION_REPRESENTATION (  '', ( #3062 ), #1818 ) ;
#5850 = ORIENTED_EDGE ( 'NONE', *, *, #4756, .F. ) ;
#5851 =( NAMED_UNIT ( * ) PLANE_ANGLE_UNIT ( ) SI_UNIT ( $, .RADIAN. ) );
#5852 = EDGE_LOOP ( 'NONE', ( #10049, #5501, #6060, #9817 ) ) ;
#5853 = UNCERTAINTY_MEASURE_WITH_UNIT (LENGTH_MEASURE( 1.000000000000000100E-005 ), #287, 'distance_accuracy_value', 'NONE');
#5854 = ORIENTED_EDGE ( 'NONE', *, *, #2797, .F. ) ;
#5855 = CARTESIAN_POINT ( 'NONE',  ( -50.70000000000000300, -31.99999999999999300, 22.00000000000000000 ) ) ;
#5856 = FILL_AREA_STYLE_COLOUR ( '', #4021 ) ;
#5857 = ADVANCED_FACE ( 'NONE', ( #3561 ), #5973, .F. ) ;
#5858 = SURFACE_STYLE_FILL_AREA ( #7522 ) ;
#5859 =( LENGTH_UNIT ( ) NAMED_UNIT ( * ) SI_UNIT ( .MILLI., .METRE. ) );
#5860 = ORIENTED_EDGE ( 'NONE', *, *, #6219, .T. ) ;
#5861 = VECTOR ( 'NONE', #5458, 1000.000000000000000 ) ;
#5862 = ORIENTED_EDGE ( 'NONE', *, *, #5359, .T. ) ;
#5863 = DIRECTION ( 'NONE',  ( 0.0000000000000000000, 1.000000000000000000, 0.0000000000000000000 ) ) ;
#5864 = DIRECTION ( 'NONE',  ( 0.0000000000000000000, 0.0000000000000000000, -1.000000000000000000 ) ) ;
#5865 = STYLED_ITEM ( 'NONE', ( #4716 ), #964 ) ;
#5866 = STYLED_ITEM ( 'NONE', ( #5417 ), #9867 ) ;
#5867 = SURFACE_STYLE_FILL_AREA ( #9133 ) ;
#5868 = FILL_AREA_STYLE_COLOUR ( '', #9137 ) ;
#5869 = DIRECTION ( 'NONE',  ( 0.0000000000000000000, 0.0000000000000000000, 1.000000000000000000 ) ) ;
#5870 = CIRCLE ( 'NONE', #5983, 18.00000000000000400 ) ;
#5871 = CYLINDRICAL_SURFACE ( 'NONE', #4223, 18.00000000000000400 ) ;
#5872 = ORIENTED_EDGE ( 'NONE', *, *, #2818, .F. ) ;
#5873 = ORIENTED_EDGE ( 'NONE', *, *, #4972, .T. ) ;
#5874 = EDGE_CURVE ( 'NONE', #5979, #8396, #7022, .T. ) ;
#5875 = SURFACE_STYLE_USAGE ( .BOTH. , #321 ) ;
#5876 = PRESENTATION_STYLE_ASSIGNMENT (( #8018 ) ) ;
#5877 = PRESENTATION_LAYER_ASSIGNMENT (  '', '', ( #4946 ) ) ;
#5878 = SURFACE_STYLE_USAGE ( .BOTH. , #3481 ) ;
#5879 = AXIS2_PLACEMENT_3D ( 'NONE', #4605, #7748, #7716 ) ;
#5880 = DIRECTION ( 'NONE',  ( -0.2810846377148277200, -0.6785983445458436700, -0.6785983445458472200 ) ) ;
#5881 = ORIENTED_EDGE ( 'NONE', *, *, #578, .T. ) ;
#5882 = ADVANCED_FACE ( 'NONE', ( #2435 ), #2252, .T. ) ;
#5883 =( NAMED_UNIT ( * ) SI_UNIT ( $, .STERADIAN. ) SOLID_ANGLE_UNIT ( ) );
#5884 = FACE_OUTER_BOUND ( 'NONE', #7147, .T. ) ;
#5885 = LINE ( 'NONE', #9983, #5411 ) ;
#5886 = LINE ( 'NONE', #386, #6016 ) ;
#5887 = DIRECTION ( 'NONE',  ( -0.0000000000000000000, 1.000000000000000000, 0.0000000000000000000 ) ) ;
#5888 = DIRECTION ( 'NONE',  ( 0.0000000000000000000, 0.0000000000000000000, 1.000000000000000000 ) ) ;
#5889 = VERTEX_POINT ( 'NONE', #5320 ) ;
#5890 = FILL_AREA_STYLE ('',( #7467 ) ) ;
#5891 = DIRECTION ( 'NONE',  ( -0.0000000000000000000, -0.0000000000000000000, -1.000000000000000000 ) ) ;
#5892 = MECHANICAL_DESIGN_GEOMETRIC_PRESENTATION_REPRESENTATION (  '', ( #9360 ), #1979 ) ;
#5893 = EDGE_CURVE ( 'NONE', #613, #6592, #1615, .T. ) ;
#5894 = DIRECTION ( 'NONE',  ( 0.0000000000000000000, 1.000000000000000000, -0.0000000000000000000 ) ) ;
#5895 =( LENGTH_UNIT ( ) NAMED_UNIT ( * ) SI_UNIT ( .MILLI., .METRE. ) );
#5896 = PRESENTATION_STYLE_ASSIGNMENT (( #4080 ) ) ;
#5897 = FACE_OUTER_BOUND ( 'NONE', #7075, .T. ) ;
#5898 = CARTESIAN_POINT ( 'NONE',  ( 6.000000000000004400, 20.00000000000000000, 14.00000000000000000 ) ) ;
#5899 = EDGE_CURVE ( 'NONE', #7465, #6235, #7642, .T. ) ;
#5900 = DIRECTION ( 'NONE',  ( -1.982541115402065400E-016, -1.000000000000000000, 0.0000000000000000000 ) ) ;
#5901 = DIRECTION ( 'NONE',  ( -0.0000000000000000000, -0.0000000000000000000, -1.000000000000000000 ) ) ;
#5903 = VERTEX_POINT ( 'NONE', #4647 ) ;
#5902 = DIRECTION ( 'NONE',  ( 0.0000000000000000000, 1.000000000000000000, 0.0000000000000000000 ) ) ;
#5904 = DIRECTION ( 'NONE',  ( 0.0000000000000000000, 0.0000000000000000000, 1.000000000000000000 ) ) ;
#5905 = DIRECTION ( 'NONE',  ( 0.6785983445458463300, -0.2810846377148136800, -0.6785983445458504400 ) ) ;
#5906 = SURFACE_STYLE_FILL_AREA ( #4330 ) ;
#5907 = CIRCLE ( 'NONE', #7677, 6.000000000000005300 ) ;
#5908 = MECHANICAL_DESIGN_GEOMETRIC_PRESENTATION_REPRESENTATION (  '', ( #4697 ), #3108 ) ;
#5909 = ORIENTED_EDGE ( 'NONE', *, *, #8966, .T. ) ;
#5910 = ADVANCED_FACE ( 'NONE', ( #7144 ), #4536, .T. ) ;
#5911 = ORIENTED_EDGE ( 'NONE', *, *, #8833, .T. ) ;
#5912 = EDGE_CURVE ( 'NONE', #9989, #2232, #3672, .T. ) ;
#5913 = MECHANICAL_DESIGN_GEOMETRIC_PRESENTATION_REPRESENTATION (  '', ( #9110 ), #9624 ) ;
#5914 = DIRECTION ( 'NONE',  ( 0.8660254037844379300, 0.0000000000000000000, -0.5000000000000013300 ) ) ;
#5915 = VECTOR ( 'NONE', #10054, 1000.000000000000000 ) ;
#5916 = CARTESIAN_POINT ( 'NONE',  ( -5.123298599248370700E-015, 10.00000000000000000, -14.00000000000000000 ) ) ;
#5917 = ORIENTED_EDGE ( 'NONE', *, *, #836, .F. ) ;
#5918 = SURFACE_STYLE_USAGE ( .BOTH. , #5127 ) ;
#5919 = DIRECTION ( 'NONE',  ( -0.0000000000000000000, -0.0000000000000000000, -1.000000000000000000 ) ) ;
#5920 = ORIENTED_EDGE ( 'NONE', *, *, #9222, .T. ) ;
#5921 = PLANE ( 'NONE',  #920 ) ;
#5922 = DIRECTION ( 'NONE',  ( 0.0000000000000000000, 0.0000000000000000000, 1.000000000000000000 ) ) ;
#5923 = UNCERTAINTY_MEASURE_WITH_UNIT (LENGTH_MEASURE( 1.000000000000000100E-005 ), #503, 'distance_accuracy_value', 'NONE');
#5924 = CARTESIAN_POINT ( 'NONE',  ( -45.70000000000013100, -31.99999999999999300, 20.00000000000000000 ) ) ;
#5925 = AXIS2_PLACEMENT_3D ( 'NONE', #5281, #4560, #3020 ) ;
#5926 =( GEOMETRIC_REPRESENTATION_CONTEXT ( 3 ) GLOBAL_UNCERTAINTY_ASSIGNED_CONTEXT ( ( #7294 ) ) GLOBAL_UNIT_ASSIGNED_CONTEXT ( ( #1928, #9697, #7453 ) ) REPRESENTATION_CONTEXT ( 'NONE', 'WORKASPACE' ) );
#5927 = DIRECTION ( 'NONE',  ( -1.000000000000000000, 0.0000000000000000000, 2.847060021387389100E-016 ) ) ;
#5928 = DIRECTION ( 'NONE',  ( 0.0000000000000000000, -1.000000000000000000, -0.0000000000000000000 ) ) ;
#5929 = VERTEX_POINT ( 'NONE', #2184 ) ;
#5930 = CARTESIAN_POINT ( 'NONE',  ( 16.22498073958795200, 0.0000000000000000000, 2.999999999999999100 ) ) ;
#5931 = PRESENTATION_STYLE_ASSIGNMENT (( #1894 ) ) ;
#5932 = COLOUR_RGB ( '',0.2823529411764705800, 0.6627450980392156600, 0.3254901960784313800 ) ;
#5933 = CARTESIAN_POINT ( 'NONE',  ( -1.708236012832437100E-015, 0.0000000000000000000, -3.000000000000006700 ) ) ;
#5934 = ADVANCED_FACE ( 'NONE', ( #5559 ), #8423, .F. ) ;
#5935 = ORIENTED_EDGE ( 'NONE', *, *, #4771, .T. ) ;
#5936 = TOROIDAL_SURFACE ( 'NONE', #4672, 0.7500000000000132100, 3.000000000000000000 ) ;
#5937 = DIRECTION ( 'NONE',  ( -1.000000000000000000, 0.0000000000000000000, 0.0000000000000000000 ) ) ;
#5938 = FILL_AREA_STYLE_COLOUR ( '', #8971 ) ;
#5939 = AXIS2_PLACEMENT_3D ( 'NONE', #8873, #9774, #2680 ) ;
#5940 = VERTEX_POINT ( 'NONE', #2212 ) ;
#5941 = MECHANICAL_DESIGN_GEOMETRIC_PRESENTATION_REPRESENTATION (  '', ( #8557 ), #7845 ) ;
#5942 = LINE ( 'NONE', #8170, #1391 ) ;
#5943 = ORIENTED_EDGE ( 'NONE', *, *, #7401, .T. ) ;
#5944 = PLANE ( 'NONE',  #2679 ) ;
#5945 = VERTEX_POINT ( 'NONE', #8453 ) ;
#5946 =( LENGTH_UNIT ( ) NAMED_UNIT ( * ) SI_UNIT ( .MILLI., .METRE. ) );
#5947 = FILL_AREA_STYLE_COLOUR ( '', #6169 ) ;
#5948 = VECTOR ( 'NONE', #7142, 1000.000000000000000 ) ;
#5949 = PLANE ( 'NONE',  #498 ) ;
#5950 = STYLED_ITEM ( 'NONE', ( #3974 ), #3073 ) ;
#5951 = ORIENTED_EDGE ( 'NONE', *, *, #6960, .F. ) ;
#5952 = DIRECTION ( 'NONE',  ( 0.0000000000000000000, 0.0000000000000000000, 1.000000000000000000 ) ) ;
#5953 = EDGE_CURVE ( 'NONE', #1048, #8469, #9212, .T. ) ;
#5954 = MECHANICAL_DESIGN_GEOMETRIC_PRESENTATION_REPRESENTATION (  '', ( #5631 ), #4144 ) ;
#5955 = CARTESIAN_POINT ( 'NONE',  ( 0.0000000000000000000, 20.00000000000000000, 0.0000000000000000000 ) ) ;
#5956 = LINE ( 'NONE', #6952, #4453 ) ;
#5957 = EDGE_CURVE ( 'NONE', #6156, #8834, #388, .T. ) ;
#5958 = ORIENTED_EDGE ( 'NONE', *, *, #8114, .F. ) ;
#5959 = EDGE_LOOP ( 'NONE', ( #3095, #846, #7827, #6950 ) ) ;
#5960 = ADVANCED_FACE ( 'NONE', ( #1362 ), #9280, .F. ) ;
#5961 = LINE ( 'NONE', #4926, #1998 ) ;
#5962 = EDGE_LOOP ( 'NONE', ( #8020, #5854, #6187, #8508 ) ) ;
#5963 = DIRECTION ( 'NONE',  ( -0.0000000000000000000, -0.0000000000000000000, -1.000000000000000000 ) ) ;
#5964 = CARTESIAN_POINT ( 'NONE',  ( -15.55124549639640100, 16.00000000000000000, -5.514414158440648500 ) ) ;
#5965 = VECTOR ( 'NONE', #5499, 999.9999999999998900 ) ;
#5966 = FACE_OUTER_BOUND ( 'NONE', #8189, .T. ) ;
#5967 = CARTESIAN_POINT ( 'NONE',  ( -46.45000000000020900, -13.99999999999999800, 23.00000000000000000 ) ) ;
#5968 = AXIS2_PLACEMENT_3D ( 'NONE', #8552, #3834, #6989 ) ;
#5969 = ORIENTED_EDGE ( 'NONE', *, *, #1269, .T. ) ;
#5970 = EDGE_CURVE ( 'NONE', #1650, #417, #8247, .T. ) ;
#5971 = AXIS2_PLACEMENT_3D ( 'NONE', #6023, #7705, #3762 ) ;
#5972 = DIRECTION ( 'NONE',  ( 0.0000000000000000000, 0.0000000000000000000, 1.000000000000000000 ) ) ;
#5973 = PLANE ( 'NONE',  #6530 ) ;
#5974 = EDGE_LOOP ( 'NONE', ( #3496, #2423, #193, #7989 ) ) ;
#5975 = FILL_AREA_STYLE ('',( #2717 ) ) ;
#5976 = CLOSED_SHELL ( 'NONE', ( #3169, #3049, #3636, #7351, #1637, #9031, #6354, #783, #2570, #687, #190, #8541, #455, #6876, #7572, #3738, #8684, #144, #7505, #1445, #2255, #5934, #659, #2451, #6730, #1021, #8163, #8585, #845, #9160, #7404, #353, #3247, #6928, #9232, #2957, #8271, #7107, #9644, #10035, #5476, #5164, #4854, #8483, #4486, #7648, #7604, #3514, #8610, #4283, #22 ) ) ;
#5977 = UNCERTAINTY_MEASURE_WITH_UNIT (LENGTH_MEASURE( 1.000000000000000100E-005 ), #9926, 'distance_accuracy_value', 'NONE');
#5978 = COLOUR_RGB ( '',1.000000000000000000, 1.000000000000000000, 1.000000000000000000 ) ;
#5979 = VERTEX_POINT ( 'NONE', #2317 ) ;
#5980 = CARTESIAN_POINT ( 'NONE',  ( 405.0000000000001700, -6.999999999999994700, 30.07317073170731400 ) ) ;
#5981 =( NAMED_UNIT ( * ) PLANE_ANGLE_UNIT ( ) SI_UNIT ( $, .RADIAN. ) );
#5982 = SURFACE_SIDE_STYLE ('',( #3191 ) ) ;
#5983 = AXIS2_PLACEMENT_3D ( 'NONE', #7605, #5172, #5240 ) ;
#5984 = AXIS2_PLACEMENT_3D ( 'NONE', #4469, #2157, #1401 ) ;
#5985 = ADVANCED_FACE ( 'NONE', ( #5793 ), #7024, .F. ) ;
#5986 = DIRECTION ( 'NONE',  ( 0.0000000000000000000, 0.0000000000000000000, 1.000000000000000000 ) ) ;
#5987 = EDGE_CURVE ( 'NONE', #4192, #3341, #6160, .T. ) ;
#5988 = SURFACE_STYLE_FILL_AREA ( #8672 ) ;
#5989 = SURFACE_STYLE_FILL_AREA ( #9561 ) ;
#5990 = ORIENTED_EDGE ( 'NONE', *, *, #5874, .F. ) ;
#5991 = SURFACE_SIDE_STYLE ('',( #676 ) ) ;
#5992 = DIRECTION ( 'NONE',  ( 0.0000000000000000000, 0.0000000000000000000, 1.000000000000000000 ) ) ;
#5993 = VERTEX_POINT ( 'NONE', #8488 ) ;
#5994 = SURFACE_STYLE_USAGE ( .BOTH. , #3657 ) ;
#5995 = DIRECTION ( 'NONE',  ( -1.000000000000000000, 0.0000000000000000000, 0.0000000000000000000 ) ) ;
#5996 = ORIENTED_EDGE ( 'NONE', *, *, #4287, .F. ) ;
#5997 = VECTOR ( 'NONE', #4846, 1000.000000000000000 ) ;
#5998 = CYLINDRICAL_SURFACE ( 'NONE', #8874, 17.99999999999999600 ) ;
#5999 = CARTESIAN_POINT ( 'NONE',  ( -38.70000000000000300, -74.00000000000000000, 18.99999999999999600 ) ) ;
#6000 = SURFACE_SIDE_STYLE ('',( #9219 ) ) ;
#6001 = VECTOR ( 'NONE', #8190, 999.9999999999998900 ) ;
#6002 = COLOUR_RGB ( '',0.2941176470588235400, 0.2941176470588235400, 0.2941176470588235400 ) ;
#6003 = STYLED_ITEM ( 'NONE', ( #1896 ), #1545 ) ;
#6004 =( GEOMETRIC_REPRESENTATION_CONTEXT ( 3 ) GLOBAL_UNCERTAINTY_ASSIGNED_CONTEXT ( ( #1811 ) ) GLOBAL_UNIT_ASSIGNED_CONTEXT ( ( #2879, #4406, #9856 ) ) REPRESENTATION_CONTEXT ( 'NONE', 'WORKASPACE' ) );
#6005 = PLANE ( 'NONE',  #6787 ) ;
#6006 = ORIENTED_EDGE ( 'NONE', *, *, #8187, .T. ) ;
#6007 = FILL_AREA_STYLE_COLOUR ( '', #5033 ) ;
#6008 = CARTESIAN_POINT ( 'NONE',  ( -30.00000000000008200, 30.99999999999998200, -3.000000000000002700 ) ) ;
#6009 = VECTOR ( 'NONE', #9245, 1000.000000000000000 ) ;
#6010 = FILL_AREA_STYLE_COLOUR ( '', #10082 ) ;
#6011 = ORIENTED_EDGE ( 'NONE', *, *, #9556, .F. ) ;
#6012 = ADVANCED_FACE ( 'NONE', ( #9459 ), #825, .F. ) ;
#6013 = EDGE_CURVE ( 'NONE', #471, #1683, #9712, .T. ) ;
#6014 = PRESENTATION_LAYER_ASSIGNMENT (  '', '', ( #3348 ) ) ;
#6015 = VECTOR ( 'NONE', #6069, 1000.000000000000000 ) ;
#6016 = VECTOR ( 'NONE', #1935, 1000.000000000000000 ) ;
#6017 =( GEOMETRIC_REPRESENTATION_CONTEXT ( 3 ) GLOBAL_UNCERTAINTY_ASSIGNED_CONTEXT ( ( #7853 ) ) GLOBAL_UNIT_ASSIGNED_CONTEXT ( ( #9442, #5534, #7153 ) ) REPRESENTATION_CONTEXT ( 'NONE', 'WORKASPACE' ) );
#6018 = CARTESIAN_POINT ( 'NONE',  ( -3.000000000000000000, 0.0000000000000000000, -17.74823934929884600 ) ) ;
#6019 = PLANE ( 'NONE',  #7419 ) ;
#6020 = EDGE_CURVE ( 'NONE', #350, #4820, #3188, .T. ) ;
#6021 =( LENGTH_UNIT ( ) NAMED_UNIT ( * ) SI_UNIT ( .MILLI., .METRE. ) );
#6022 = CARTESIAN_POINT ( 'NONE',  ( -2.999999999999994700, 20.00000000000000000, -5.510910596163078700E-016 ) ) ;
#6023 = CARTESIAN_POINT ( 'NONE',  ( -45.70000000000000300, -13.99999999999999800, 22.00000000000000000 ) ) ;
#6024 = COLOUR_RGB ( '',0.2823529411764705800, 0.6627450980392156600, 0.3254901960784313800 ) ;
#6025 = VECTOR ( 'NONE', #3466, 1000.000000000000000 ) ;
#6026 = CARTESIAN_POINT ( 'NONE',  ( -30.00000000000008200, 30.99999999999998200, 15.00000000000000000 ) ) ;
#6027 = CARTESIAN_POINT ( 'NONE',  ( 135.0000000000000000, -39.96446609406758900, -39.96446609406714900 ) ) ;
#6028 = FILL_AREA_STYLE ('',( #508 ) ) ;
#6029 = STYLED_ITEM ( 'NONE', ( #306 ), #3893 ) ;
#6030 = EDGE_CURVE ( 'NONE', #417, #6221, #7990, .T. ) ;
#6031 = MECHANICAL_DESIGN_GEOMETRIC_PRESENTATION_REPRESENTATION (  '', ( #1744 ), #2428 ) ;
#6032 = CIRCLE ( 'NONE', #5199, 16.50000000000000000 ) ;
#6033 = FILL_AREA_STYLE_COLOUR ( '', #9344 ) ;
#6034 = EDGE_CURVE ( 'NONE', #6111, #3997, #7136, .T. ) ;
#6035 = SURFACE_STYLE_FILL_AREA ( #6565 ) ;
#6036 = DIRECTION ( 'NONE',  ( 0.0000000000000000000, 0.0000000000000000000, -1.000000000000000000 ) ) ;
#6037 = UNCERTAINTY_MEASURE_WITH_UNIT (LENGTH_MEASURE( 1.000000000000000100E-005 ), #7509, 'distance_accuracy_value', 'NONE');
#6038 = CARTESIAN_POINT ( 'NONE',  ( -45.70000000000000300, -49.99999999999998600, 21.20000000000002100 ) ) ;
#6039 =( GEOMETRIC_REPRESENTATION_CONTEXT ( 3 ) GLOBAL_UNCERTAINTY_ASSIGNED_CONTEXT ( ( #4636 ) ) GLOBAL_UNIT_ASSIGNED_CONTEXT ( ( #5946, #8245, #8341 ) ) REPRESENTATION_CONTEXT ( 'NONE', 'WORKASPACE' ) );
#6040 = ORIENTED_EDGE ( 'NONE', *, *, #2165, .F. ) ;
#6041 = CIRCLE ( 'NONE', #8389, 0.7500000000000145400 ) ;
#6042 = EDGE_CURVE ( 'NONE', #7531, #9050, #646, .T. ) ;
#6043 = CARTESIAN_POINT ( 'NONE',  ( -60.00000000000005700, -66.99999999999998600, 8.000000000000014200 ) ) ;
#6044 = UNCERTAINTY_MEASURE_WITH_UNIT (LENGTH_MEASURE( 1.000000000000000100E-005 ), #1020, 'distance_accuracy_value', 'NONE');
#6045 = DIRECTION ( 'NONE',  ( -0.7061622225414253600, -0.7061622225414253600, 0.05167040652742137300 ) ) ;
#6046 = FILL_AREA_STYLE_COLOUR ( '', #5526 ) ;
#6047 = LINE ( 'NONE', #361, #1614 ) ;
#6048 = DIRECTION ( 'NONE',  ( 0.0000000000000000000, 1.000000000000000000, -0.0000000000000000000 ) ) ;
#6049 = DIRECTION ( 'NONE',  ( 0.0000000000000000000, 0.0000000000000000000, -1.000000000000000000 ) ) ;
#6050 = LINE ( 'NONE', #9028, #4432 ) ;
#6051 = SURFACE_STYLE_USAGE ( .BOTH. , #8945 ) ;
#6052 =( NAMED_UNIT ( * ) PLANE_ANGLE_UNIT ( ) SI_UNIT ( $, .RADIAN. ) );
#6053 = MECHANICAL_DESIGN_GEOMETRIC_PRESENTATION_REPRESENTATION (  '', ( #8997 ), #3400 ) ;
#6054 = PRESENTATION_LAYER_ASSIGNMENT (  '', '', ( #5542 ) ) ;
#6055 = LINE ( 'NONE', #483, #405 ) ;
#6056 = DIRECTION ( 'NONE',  ( 0.7071067811865514600, 4.906538933386769500E-017, 0.7071067811865435800 ) ) ;
#6057 = DIRECTION ( 'NONE',  ( 1.000000000000000000, 0.0000000000000000000, 0.0000000000000000000 ) ) ;
#6058 = CYLINDRICAL_SURFACE ( 'NONE', #9448, 3.750000000000010200 ) ;
#6059 = ADVANCED_FACE ( 'NONE', ( #6893 ), #5560, .F. ) ;
#6060 = ORIENTED_EDGE ( 'NONE', *, *, #6503, .T. ) ;
#6061 = FILL_AREA_STYLE_COLOUR ( '', #3339 ) ;
#6062 = DIRECTION ( 'NONE',  ( 0.8660254037844381500, 0.0000000000000000000, -0.5000000000000010000 ) ) ;
#6063 = SURFACE_STYLE_FILL_AREA ( #6644 ) ;
#6064 = CARTESIAN_POINT ( 'NONE',  ( -22.99999999999999600, -164.8038475772933700, -5.000000000000004400 ) ) ;
#6065 = ORIENTED_EDGE ( 'NONE', *, *, #3293, .T. ) ;
#6066 =( NAMED_UNIT ( * ) SI_UNIT ( $, .STERADIAN. ) SOLID_ANGLE_UNIT ( ) );
#6067 = COLOUR_RGB ( '',0.9098039215686274400, 0.4431372549019607600, 0.03137254901960784300 ) ;
#6068 = EDGE_LOOP ( 'NONE', ( #4631, #3580, #5489, #2147 ) ) ;
#6069 = DIRECTION ( 'NONE',  ( -0.0000000000000000000, -0.0000000000000000000, -1.000000000000000000 ) ) ;
#6070 = FILL_AREA_STYLE_COLOUR ( '', #5678 ) ;
#6071 =( GEOMETRIC_REPRESENTATION_CONTEXT ( 3 ) GLOBAL_UNCERTAINTY_ASSIGNED_CONTEXT ( ( #7669 ) ) GLOBAL_UNIT_ASSIGNED_CONTEXT ( ( #980, #6455, #5712 ) ) REPRESENTATION_CONTEXT ( 'NONE', 'WORKASPACE' ) );
#6072 = PRESENTATION_STYLE_ASSIGNMENT (( #1748 ) ) ;
#6073 = AXIS2_PLACEMENT_3D ( 'NONE', #9482, #8797, #5605 ) ;
#6074 = COLOUR_RGB ( '',0.09803921568627450800, 0.09803921568627450800, 0.09803921568627450800 ) ;
#6075 = ORIENTED_EDGE ( 'NONE', *, *, #7757, .T. ) ;
#6076 = LINE ( 'NONE', #8347, #3707 ) ;
#6077 = LINE ( 'NONE', #3537, #3344 ) ;
#6078 = CARTESIAN_POINT ( 'NONE',  ( -55.00000000000005700, 11.96446609406733700, 11.96446609406720900 ) ) ;
#6079 = ORIENTED_EDGE ( 'NONE', *, *, #5154, .F. ) ;
#6080 =( NAMED_UNIT ( * ) SI_UNIT ( $, .STERADIAN. ) SOLID_ANGLE_UNIT ( ) );
#6081 = DIRECTION ( 'NONE',  ( -0.7071067811865445800, -1.635512977795592700E-016, 0.7071067811865504600 ) ) ;
#6082 = LINE ( 'NONE', #1674, #1535 ) ;
#6083 = CARTESIAN_POINT ( 'NONE',  ( 3.000000000000002200, 16.00000000000000000, 17.74823934929884600 ) ) ;
#6084 = ORIENTED_EDGE ( 'NONE', *, *, #2241, .F. ) ;
#6085 = CARTESIAN_POINT ( 'NONE',  ( -45.70000000000000300, -31.99999999999999300, 19.99999999999999600 ) ) ;
#6086 = VECTOR ( 'NONE', #6457, 999.9999999999998900 ) ;
#6087 = ORIENTED_EDGE ( 'NONE', *, *, #9129, .F. ) ;
#6088 = PRESENTATION_LAYER_ASSIGNMENT (  '', '', ( #7794 ) ) ;
#6089 = FACE_OUTER_BOUND ( 'NONE', #1781, .T. ) ;
#6090 = VERTEX_POINT ( 'NONE', #6327 ) ;
#6091 = EDGE_CURVE ( 'NONE', #2839, #4877, #5784, .T. ) ;
#6092 = STYLED_ITEM ( 'NONE', ( #6782 ), #7008 ) ;
#6093 = EDGE_CURVE ( 'NONE', #6190, #2388, #4417, .T. ) ;
#6094 = CARTESIAN_POINT ( 'NONE',  ( 135.0000000000000300, 109.9289321881344400, -30.00000000000000400 ) ) ;
#6095 = FACE_OUTER_BOUND ( 'NONE', #6923, .T. ) ;
#6096 = ORIENTED_EDGE ( 'NONE', *, *, #9835, .T. ) ;
#6097 = FILL_AREA_STYLE ('',( #3733 ) ) ;
#6098 = VERTEX_POINT ( 'NONE', #4140 ) ;
#6099 = PLANE ( 'NONE',  #9051 ) ;
#6100 = CIRCLE ( 'NONE', #8251, 2.999999999999993800 ) ;
#6101 = EDGE_CURVE ( 'NONE', #1980, #6940, #1351, .T. ) ;
#6102 =( GEOMETRIC_REPRESENTATION_CONTEXT ( 3 ) GLOBAL_UNCERTAINTY_ASSIGNED_CONTEXT ( ( #3307 ) ) GLOBAL_UNIT_ASSIGNED_CONTEXT ( ( #5337, #570, #535 ) ) REPRESENTATION_CONTEXT ( 'NONE', 'WORKASPACE' ) );
#6103 = FILL_AREA_STYLE ('',( #622 ) ) ;
#6104 = FILL_AREA_STYLE ('',( #6963 ) ) ;
#6105 = ORIENTED_EDGE ( 'NONE', *, *, #6760, .T. ) ;
#6106 = UNCERTAINTY_MEASURE_WITH_UNIT (LENGTH_MEASURE( 1.000000000000000100E-005 ), #4013, 'distance_accuracy_value', 'NONE');
#6107 = DIRECTION ( 'NONE',  ( 1.000000000000000000, 1.067522139062650400E-016, -0.0000000000000000000 ) ) ;
#6108 = SURFACE_STYLE_FILL_AREA ( #2538 ) ;
#6109 = CIRCLE ( 'NONE', #39, 18.00000000000000400 ) ;
#6110 = ORIENTED_EDGE ( 'NONE', *, *, #3907, .F. ) ;
#6111 = VERTEX_POINT ( 'NONE', #990 ) ;
#6112 = ADVANCED_FACE ( 'NONE', ( #7625 ), #3424, .T. ) ;
#6113 = CARTESIAN_POINT ( 'NONE',  ( 140.0000000000000000, 57.92893218813457400, -24.99999999999999600 ) ) ;
#6114 = COLOUR_RGB ( '',1.000000000000000000, 1.000000000000000000, 1.000000000000000000 ) ;
#6115 = DIRECTION ( 'NONE',  ( -0.8660254037844383700, 0.0000000000000000000, -0.5000000000000004400 ) ) ;
#6116 = ORIENTED_EDGE ( 'NONE', *, *, #4387, .F. ) ;
#6117 =( NAMED_UNIT ( * ) SI_UNIT ( $, .STERADIAN. ) SOLID_ANGLE_UNIT ( ) );
#6118 = SURFACE_STYLE_USAGE ( .BOTH. , #2161 ) ;
#6119 = PRESENTATION_LAYER_ASSIGNMENT (  '', '', ( #1511 ) ) ;
#6120 = MECHANICAL_DESIGN_GEOMETRIC_PRESENTATION_REPRESENTATION (  '', ( #9391 ), #3401 ) ;
#6121 = ORIENTED_EDGE ( 'NONE', *, *, #4418, .F. ) ;
#6122 = DIRECTION ( 'NONE',  ( -0.0000000000000000000, -1.000000000000000000, -0.0000000000000000000 ) ) ;
#6123 = FILL_AREA_STYLE ('',( #2265 ) ) ;
#6124 = LINE ( 'NONE', #1462, #5997 ) ;
#6125 = DIRECTION ( 'NONE',  ( 1.000000000000000000, 0.0000000000000000000, 0.0000000000000000000 ) ) ;
#6126 = SURFACE_STYLE_FILL_AREA ( #401 ) ;
#6127 = ORIENTED_EDGE ( 'NONE', *, *, #3815, .T. ) ;
#6128 = CARTESIAN_POINT ( 'NONE',  ( -53.70000000000021600, -75.99999999999998600, 18.00000000000000000 ) ) ;
#6129 = COLOUR_RGB ( '',0.2941176470588235400, 0.2941176470588235400, 0.2941176470588235400 ) ;
#6130 = DIRECTION ( 'NONE',  ( 0.0000000000000000000, 0.0000000000000000000, -1.000000000000000000 ) ) ;
#6131 = PRESENTATION_STYLE_ASSIGNMENT (( #3538 ) ) ;
#6132 = COLOUR_RGB ( '',1.000000000000000000, 1.000000000000000000, 1.000000000000000000 ) ;
#6133 = FILL_AREA_STYLE ('',( #2938 ) ) ;
#6134 = PRESENTATION_LAYER_ASSIGNMENT (  '', '', ( #8093 ) ) ;
#6135 = AXIS2_PLACEMENT_3D ( 'NONE', #1109, #8902, #5704 ) ;
#6136 = ADVANCED_FACE ( 'NONE', ( #9203 ), #7254, .F. ) ;
#6137 = DIRECTION ( 'NONE',  ( 0.0000000000000000000, 1.000000000000000000, -0.0000000000000000000 ) ) ;
#6138 = DIRECTION ( 'NONE',  ( 0.0000000000000000000, -0.0000000000000000000, 1.000000000000000000 ) ) ;
#6139 =( LENGTH_UNIT ( ) NAMED_UNIT ( * ) SI_UNIT ( .MILLI., .METRE. ) );
#6140 = CYLINDRICAL_SURFACE ( 'NONE', #7825, 16.50000000000000000 ) ;
#6141 = LINE ( 'NONE', #1731, #10031 ) ;
#6142 = CARTESIAN_POINT ( 'NONE',  ( 1.500000000000006900, 16.00000000000000000, -2.598076211353325300 ) ) ;
#6143 = PRESENTATION_LAYER_ASSIGNMENT (  '', '', ( #5950 ) ) ;
#6144 = LINE ( 'NONE', #121, #4526 ) ;
#6145 = MECHANICAL_DESIGN_GEOMETRIC_PRESENTATION_REPRESENTATION (  '', ( #7002 ), #501 ) ;
#6146 = CARTESIAN_POINT ( 'NONE',  ( -5.514414158440654700, 0.0000000000000000000, 15.55124549639639800 ) ) ;
#6147 =( NAMED_UNIT ( * ) PLANE_ANGLE_UNIT ( ) SI_UNIT ( $, .RADIAN. ) );
#6148 = FACE_OUTER_BOUND ( 'NONE', #9781, .T. ) ;
#6149 = EDGE_CURVE ( 'NONE', #5334, #8618, #2070, .T. ) ;
#6150 = CARTESIAN_POINT ( 'NONE',  ( 0.0000000000000000000, 16.00000000000000000, 0.0000000000000000000 ) ) ;
#6151 = EDGE_LOOP ( 'NONE', ( #6200, #7545, #4072, #7385 ) ) ;
#6152 = DIRECTION ( 'NONE',  ( 3.965082230804130200E-016, -1.000000000000000000, -0.0000000000000000000 ) ) ;
#6153 = VERTEX_POINT ( 'NONE', #4175 ) ;
#6154 = CARTESIAN_POINT ( 'NONE',  ( -45.70000000000013100, -31.99999999999999300, 23.00000000000000000 ) ) ;
#6155 = CARTESIAN_POINT ( 'NONE',  ( 0.0000000000000000000, 16.00000000000000000, 0.0000000000000000000 ) ) ;
#6156 = VERTEX_POINT ( 'NONE', #6428 ) ;
#6157 = CARTESIAN_POINT ( 'NONE',  ( -16.87042614893939800, 16.00000000000000000, 6.276043463296116600 ) ) ;
#6158 = CARTESIAN_POINT ( 'NONE',  ( 0.0000000000000000000, 0.0000000000000000000, 19.99999999999999600 ) ) ;
#6159 = ORIENTED_EDGE ( 'NONE', *, *, #1779, .T. ) ;
#6160 = LINE ( 'NONE', #789, #5056 ) ;
#6161 = VECTOR ( 'NONE', #4488, 1000.000000000000000 ) ;
#6162 = ADVANCED_FACE ( 'NONE', ( #6882 ), #5658, .T. ) ;
#6163 = AXIS2_PLACEMENT_3D ( 'NONE', #9105, #4367, #7533 ) ;
#6164 = UNCERTAINTY_MEASURE_WITH_UNIT (LENGTH_MEASURE( 1.000000000000000100E-005 ), #1345, 'distance_accuracy_value', 'NONE');
#6165 = EDGE_CURVE ( 'NONE', #7246, #6436, #1474, .T. ) ;
#6166 = CARTESIAN_POINT ( 'NONE',  ( 13.87042614893940100, 16.00000000000000000, 11.47219588600273400 ) ) ;
#6167 =( NAMED_UNIT ( * ) SI_UNIT ( $, .STERADIAN. ) SOLID_ANGLE_UNIT ( ) );
#6168 = SURFACE_SIDE_STYLE ('',( #867 ) ) ;
#6169 = COLOUR_RGB ( '',0.2823529411764705800, 0.6627450980392156600, 0.3254901960784313800 ) ;
#6170 = PLANE ( 'NONE',  #4411 ) ;
#6171 = CARTESIAN_POINT ( 'NONE',  ( 0.0000000000000000000, 16.00000000000000000, 0.0000000000000000000 ) ) ;
#6172 = EDGE_LOOP ( 'NONE', ( #3792, #2975, #1146, #9233, #6740, #9609 ) ) ;
#6173 = PRESENTATION_STYLE_ASSIGNMENT (( #2028 ) ) ;
#6174 = FILL_AREA_STYLE_COLOUR ( '', #5023 ) ;
#6175 = SURFACE_SIDE_STYLE ('',( #2817 ) ) ;
#6176 = VECTOR ( 'NONE', #2573, 1000.000000000000000 ) ;
#6177 = FACE_OUTER_BOUND ( 'NONE', #7808, .T. ) ;
#6178 = LINE ( 'NONE', #3271, #9107 ) ;
#6179 = EDGE_CURVE ( 'NONE', #5940, #7844, #21, .T. ) ;
#6180 = ORIENTED_EDGE ( 'NONE', *, *, #10064, .F. ) ;
#6181 = DIRECTION ( 'NONE',  ( 0.0000000000000000000, 1.000000000000000000, -1.561251128379126400E-016 ) ) ;
#6182 = EDGE_CURVE ( 'NONE', #9168, #357, #10038, .T. ) ;
#6183 = CARTESIAN_POINT ( 'NONE',  ( -40.70000000000001000, -31.99999999999999300, 22.00000000000000000 ) ) ;
#6184 = ADVANCED_FACE ( 'NONE', ( #9809 ), #5035, .T. ) ;
#6185 = CARTESIAN_POINT ( 'NONE',  ( 135.0000000000000600, -7.000000000000004400, 24.07317073170731800 ) ) ;
#6186 = FACE_OUTER_BOUND ( 'NONE', #7704, .T. ) ;
#6187 = ORIENTED_EDGE ( 'NONE', *, *, #5175, .T. ) ;
#6188 = AXIS2_PLACEMENT_3D ( 'NONE', #2736, #435, #2016 ) ;
#6190 = VERTEX_POINT ( 'NONE', #5689 ) ;
#6189 = MECHANICAL_DESIGN_GEOMETRIC_PRESENTATION_REPRESENTATION (  '', ( #5147 ), #3330 ) ;
#6191 = PLANE ( 'NONE',  #6376 ) ;
#6192 = COLOUR_RGB ( '',0.9098039215686274400, 0.4431372549019607600, 0.03137254901960784300 ) ;
#6193 = ORIENTED_EDGE ( 'NONE', *, *, #8820, .F. ) ;
#6194 = SURFACE_STYLE_USAGE ( .BOTH. , #5455 ) ;
#6195 = CIRCLE ( 'NONE', #9220, 2.999999999999999100 ) ;
#6196 = SURFACE_STYLE_USAGE ( .BOTH. , #9184 ) ;
#6197 = VECTOR ( 'NONE', #790, 1000.000000000000000 ) ;
#6198 = ORIENTED_EDGE ( 'NONE', *, *, #9304, .F. ) ;
#6199 = VECTOR ( 'NONE', #5814, 1000.000000000000000 ) ;
#6200 = ORIENTED_EDGE ( 'NONE', *, *, #3775, .F. ) ;
#6201 = FACE_OUTER_BOUND ( 'NONE', #482, .T. ) ;
#6202 = EDGE_CURVE ( 'NONE', #2981, #1388, #8464, .T. ) ;
#6203 = DIRECTION ( 'NONE',  ( -0.7071067811865462400, -0.7071067811865487900, 0.0000000000000000000 ) ) ;
#6204 = CARTESIAN_POINT ( 'NONE',  ( -5.123298599248370700E-015, 20.00000000000000000, -14.00000000000000000 ) ) ;
#6205 = AXIS2_PLACEMENT_3D ( 'NONE', #199, #5719, #1017 ) ;
#6206 = ORIENTED_EDGE ( 'NONE', *, *, #578, .F. ) ;
#6207 =( GEOMETRIC_REPRESENTATION_CONTEXT ( 3 ) GLOBAL_UNCERTAINTY_ASSIGNED_CONTEXT ( ( #8905 ) ) GLOBAL_UNIT_ASSIGNED_CONTEXT ( ( #9684, #3353, #1788 ) ) REPRESENTATION_CONTEXT ( 'NONE', 'WORKASPACE' ) );
#6208 = LINE ( 'NONE', #9302, #7687 ) ;
#6209 = ADVANCED_FACE ( 'NONE', ( #259 ), #8146, .T. ) ;
#6210 = PLANE ( 'NONE',  #868 ) ;
#6211 = ORIENTED_EDGE ( 'NONE', *, *, #9510, .F. ) ;
#6212 = COLOUR_RGB ( '',0.2941176470588235400, 0.2941176470588235400, 0.2941176470588235400 ) ;
#6213 = VERTEX_POINT ( 'NONE', #5822 ) ;
#6214 = CARTESIAN_POINT ( 'NONE',  ( 0.0000000000000000000, 0.0000000000000000000, -35.00000000000000000 ) ) ;
#6215 = FILL_AREA_STYLE ('',( #4447 ) ) ;
#6216 = AXIS2_PLACEMENT_3D ( 'NONE', #2338, #8577, #778 ) ;
#6217 = CARTESIAN_POINT ( 'NONE',  ( 10.71056658114729700, 16.00000000000000000, 12.55124549639639600 ) ) ;
#6218 = ORIENTED_EDGE ( 'NONE', *, *, #9880, .F. ) ;
#6219 = EDGE_CURVE ( 'NONE', #7456, #841, #9081, .T. ) ;
#6220 = SURFACE_STYLE_USAGE ( .BOTH. , #52 ) ;
#6221 = VERTEX_POINT ( 'NONE', #6643 ) ;
#6222 = EDGE_CURVE ( 'NONE', #7465, #5600, #8236, .T. ) ;
#6223 = DIRECTION ( 'NONE',  ( 1.000000000000000000, 0.0000000000000000000, -0.0000000000000000000 ) ) ;
#6224 = VECTOR ( 'NONE', #6606, 1000.000000000000000 ) ;
#6225 = DIRECTION ( 'NONE',  ( -1.000000000000000000, -7.751679288539131300E-017, 0.0000000000000000000 ) ) ;
#6226 = UNCERTAINTY_MEASURE_WITH_UNIT (LENGTH_MEASURE( 1.000000000000000100E-005 ), #7163, 'distance_accuracy_value', 'NONE');
#6227 =( NAMED_UNIT ( * ) SI_UNIT ( $, .STERADIAN. ) SOLID_ANGLE_UNIT ( ) );
#6228 = CARTESIAN_POINT ( 'NONE',  ( -50.25000000000000000, -31.99999999999999300, 22.00000000000000000 ) ) ;
#6229 = VECTOR ( 'NONE', #9229, 1000.000000000000000 ) ;
#6230 = LINE ( 'NONE', #7843, #3498 ) ;
#6231 = ORIENTED_EDGE ( 'NONE', *, *, #5274, .F. ) ;
#6232 = CARTESIAN_POINT ( 'NONE',  ( -52.00000000000004300, -89.99999999999997200, -35.00000000000000000 ) ) ;
#6233 = MECHANICAL_DESIGN_GEOMETRIC_PRESENTATION_REPRESENTATION (  '', ( #4093 ), #8334 ) ;
#6234 = ADVANCED_FACE ( 'NONE', ( #3654 ), #324, .T. ) ;
#6235 = VERTEX_POINT ( 'NONE', #8761 ) ;
#6236 = CARTESIAN_POINT ( 'NONE',  ( -10.70000000000019100, -19.99999999999997500, 18.99999999999999600 ) ) ;
#6237 = EDGE_CURVE ( 'NONE', #7477, #924, #4280, .T. ) ;
#6239 = ORIENTED_EDGE ( 'NONE', *, *, #5762, .T. ) ;
#6238 = PRESENTATION_LAYER_ASSIGNMENT (  '', '', ( #7092 ) ) ;
#6240 = DIRECTION ( 'NONE',  ( 1.000000000000000000, 0.0000000000000000000, -0.0000000000000000000 ) ) ;
#6241 = SURFACE_STYLE_FILL_AREA ( #7094 ) ;
#6242 = FILL_AREA_STYLE ('',( #3159 ) ) ;
#6243 = EDGE_LOOP ( 'NONE', ( #1659, #8645, #4835, #5873, #5482, #1580, #9936, #1436 ) ) ;
#6244 = SPHERICAL_SURFACE ( 'NONE', #7857, 6.000000000000001800 ) ;
#6245 = PRODUCT_DEFINITION_SHAPE ( 'NONE', 'NONE',  #26 ) ;
#6246 = ORIENTED_EDGE ( 'NONE', *, *, #133, .F. ) ;
#6247 = DIRECTION ( 'NONE',  ( 0.8660254037844387100, 0.0000000000000000000, 0.4999999999999999400 ) ) ;
#6248 = LINE ( 'NONE', #3819, #4639 ) ;
#6249 =( LENGTH_UNIT ( ) NAMED_UNIT ( * ) SI_UNIT ( .MILLI., .METRE. ) );
#6250 =( LENGTH_UNIT ( ) NAMED_UNIT ( * ) SI_UNIT ( .MILLI., .METRE. ) );
#6251 = ORIENTED_EDGE ( 'NONE', *, *, #8078, .F. ) ;
#6252 = MECHANICAL_DESIGN_GEOMETRIC_PRESENTATION_REPRESENTATION (  '', ( #7633 ), #5667 ) ;
#6253 = AXIS2_PLACEMENT_3D ( 'NONE', #2754, #5119, #2064 ) ;
#6254 = CARTESIAN_POINT ( 'NONE',  ( -11.47219588600274600, 0.0000000000000000000, -13.87042614893938700 ) ) ;
#6255 = FILL_AREA_STYLE ('',( #9221 ) ) ;
#6256 = LINE ( 'NONE', #2814, #3897 ) ;
#6257 = CARTESIAN_POINT ( 'NONE',  ( -2.598076211353326200, 16.00000000000000000, 1.500000000000009500 ) ) ;
#6258 = DIRECTION ( 'NONE',  ( 1.239088197126290800E-016, 0.0000000000000000000, 1.000000000000000000 ) ) ;
#6259 = PRESENTATION_STYLE_ASSIGNMENT (( #8387 ) ) ;
#6260 = SURFACE_STYLE_FILL_AREA ( #2627 ) ;
#6261 = LINE ( 'NONE', #1872, #2804 ) ;
#6262 = CARTESIAN_POINT ( 'NONE',  ( -49.45000000000013800, -31.99999999999999300, 20.00000000000000000 ) ) ;
#6263 = STYLED_ITEM ( 'NONE', ( #5876 ), #5430 ) ;
#6264 = DIRECTION ( 'NONE',  ( -0.0000000000000000000, -1.000000000000000000, -0.0000000000000000000 ) ) ;
#6265 = EDGE_LOOP ( 'NONE', ( #1565, #3129, #756, #1719 ) ) ;
#6266 = CARTESIAN_POINT ( 'NONE',  ( 0.0000000000000000000, 16.00000000000000000, 0.0000000000000000000 ) ) ;
#6267 = CARTESIAN_POINT ( 'NONE',  ( -5.999999999999997300, 20.00000000000000000, 13.99999999999999800 ) ) ;
#6268 = CARTESIAN_POINT ( 'NONE',  ( -55.00000000000007100, 60.00000000000001400, -30.00000000000005000 ) ) ;
#6269 = COLOUR_RGB ( '',0.2941176470588235400, 0.2941176470588235400, 0.2941176470588235400 ) ;
#6270 = LINE ( 'NONE', #6459, #7383 ) ;
#6271 = DIRECTION ( 'NONE',  ( -0.0000000000000000000, -0.0000000000000000000, 1.000000000000000000 ) ) ;
#6272 = STYLED_ITEM ( 'NONE', ( #8300 ), #3119 ) ;
#6273 =( NAMED_UNIT ( * ) PLANE_ANGLE_UNIT ( ) SI_UNIT ( $, .RADIAN. ) );
#6274 = EDGE_CURVE ( 'NONE', #2384, #3550, #4010, .T. ) ;
#6275 = AXIS2_PLACEMENT_3D ( 'NONE', #4928, #7235, #311 ) ;
#6276 = CARTESIAN_POINT ( 'NONE',  ( 1.499999999999994000, 0.0000000000000000000, -2.598076211353305800 ) ) ;
#6277 = DIRECTION ( 'NONE',  ( 1.000000000000000000, 0.0000000000000000000, -0.0000000000000000000 ) ) ;
#6278 = PRESENTATION_STYLE_ASSIGNMENT (( #603 ) ) ;
#6279 = EDGE_CURVE ( 'NONE', #1601, #4029, #1701, .T. ) ;
#6280 = CARTESIAN_POINT ( 'NONE',  ( -16.87042614893939800, 0.0000000000000000000, 6.276043463296116600 ) ) ;
#6281 = ADVANCED_FACE ( 'NONE', ( #4271 ), #7372, .T. ) ;
#6282 = SURFACE_SIDE_STYLE ('',( #9509 ) ) ;
#6283 = ORIENTED_EDGE ( 'NONE', *, *, #970, .T. ) ;
#6284 = PLANE ( 'NONE',  #5598 ) ;
#6285 = UNCERTAINTY_MEASURE_WITH_UNIT (LENGTH_MEASURE( 1.000000000000000100E-005 ), #9666, 'distance_accuracy_value', 'NONE');
#6286 = DIRECTION ( 'NONE',  ( 1.224646799147353200E-016, 1.000000000000000000, -0.0000000000000000000 ) ) ;
#6287 = SURFACE_STYLE_FILL_AREA ( #3535 ) ;
#6288 =( NAMED_UNIT ( * ) PLANE_ANGLE_UNIT ( ) SI_UNIT ( $, .RADIAN. ) );
#6289 = LINE ( 'NONE', #6659, #7141 ) ;
#6290 = PRESENTATION_LAYER_ASSIGNMENT (  '', '', ( #6413 ) ) ;
#6291 = VECTOR ( 'NONE', #5074, 1000.000000000000000 ) ;
#6292 = EDGE_CURVE ( 'NONE', #8558, #6153, #7971, .T. ) ;
#6293 = PLANE ( 'NONE',  #6216 ) ;
#6294 = CARTESIAN_POINT ( 'NONE',  ( 0.0000000000000000000, 16.00000000000000000, 0.0000000000000000000 ) ) ;
#6295 = CARTESIAN_POINT ( 'NONE',  ( -38.70000000000000300, -74.00000000000000000, 19.99999999999999600 ) ) ;
#6296 = SURFACE_SIDE_STYLE ('',( #942 ) ) ;
#6297 = CYLINDRICAL_SURFACE ( 'NONE', #2589, 17.99999999999999600 ) ;
#6298 = EDGE_LOOP ( 'NONE', ( #9571, #5174 ) ) ;
#6299 = DIRECTION ( 'NONE',  ( 0.0000000000000000000, 0.0000000000000000000, -1.000000000000000000 ) ) ;
#6300 = DIRECTION ( 'NONE',  ( -0.7071067811865489100, -0.7071067811865462400, 0.0000000000000000000 ) ) ;
#6301 = EDGE_LOOP ( 'NONE', ( #3766, #5632, #1477, #5881 ) ) ;
#6302 =( GEOMETRIC_REPRESENTATION_CONTEXT ( 3 ) GLOBAL_UNCERTAINTY_ASSIGNED_CONTEXT ( ( #4567 ) ) GLOBAL_UNIT_ASSIGNED_CONTEXT ( ( #8515, #3797, #9309 ) ) REPRESENTATION_CONTEXT ( 'NONE', 'WORKASPACE' ) );
#6303 = MECHANICAL_DESIGN_GEOMETRIC_PRESENTATION_REPRESENTATION (  '', ( #8079 ), #391 ) ;
#6304 = ORIENTED_EDGE ( 'NONE', *, *, #1757, .T. ) ;
#6305 = CARTESIAN_POINT ( 'NONE',  ( -10.71056658114729700, 16.00000000000000000, -12.55124549639639000 ) ) ;
#6306 = EDGE_CURVE ( 'NONE', #1683, #3224, #6141, .T. ) ;
#6307 = FILL_AREA_STYLE_COLOUR ( '', #9231 ) ;
#6308 = FILL_AREA_STYLE ('',( #1542 ) ) ;
#6309 = FILL_AREA_STYLE_COLOUR ( '', #5434 ) ;
#6310 =( LENGTH_UNIT ( ) NAMED_UNIT ( * ) SI_UNIT ( .MILLI., .METRE. ) );
#6311 = ORIENTED_EDGE ( 'NONE', *, *, #4627, .F. ) ;
#6312 = ORIENTED_EDGE ( 'NONE', *, *, #3113, .F. ) ;
#6313 = CARTESIAN_POINT ( 'NONE',  ( -46.45000000000013800, -31.99999999999999300, 20.00000000000000000 ) ) ;
#6314 = AXIS2_PLACEMENT_3D ( 'NONE', #7884, #4007, #7103 ) ;
#6315 = FILL_AREA_STYLE_COLOUR ( '', #527 ) ;
#6316 = CARTESIAN_POINT ( 'NONE',  ( 135.0000000000000000, 20.92893218813448200, -14.99999999999993100 ) ) ;
#6317 = VECTOR ( 'NONE', #150, 1000.000000000000000 ) ;
#6318 = VERTEX_POINT ( 'NONE', #248 ) ;
#6319 = ORIENTED_EDGE ( 'NONE', *, *, #10042, .T. ) ;
#6320 = PRESENTATION_STYLE_ASSIGNMENT (( #989 ) ) ;
#6321 = VERTEX_POINT ( 'NONE', #2562 ) ;
#6322 =( NAMED_UNIT ( * ) PLANE_ANGLE_UNIT ( ) SI_UNIT ( $, .RADIAN. ) );
#6323 = DIRECTION ( 'NONE',  ( -0.0000000000000000000, 1.000000000000000000, -0.0000000000000000000 ) ) ;
#6324 = ADVANCED_FACE ( 'NONE', ( #3530 ), #8051, .F. ) ;
#6325 = DIRECTION ( 'NONE',  ( 0.0000000000000000000, 1.000000000000000000, 0.0000000000000000000 ) ) ;
#6326 = CYLINDRICAL_SURFACE ( 'NONE', #302, 18.00000000000000000 ) ;
#6327 = CARTESIAN_POINT ( 'NONE',  ( 17.74823934929884600, 16.00000000000000000, 2.999999999999998700 ) ) ;
#6328 = ORIENTED_EDGE ( 'NONE', *, *, #4147, .F. ) ;
#6329 =( LENGTH_UNIT ( ) NAMED_UNIT ( * ) SI_UNIT ( .MILLI., .METRE. ) );
#6330 = PRESENTATION_LAYER_ASSIGNMENT (  '', '', ( #5292 ) ) ;
#6331 = ORIENTED_EDGE ( 'NONE', *, *, #4891, .F. ) ;
#6332 = AXIS2_PLACEMENT_3D ( 'NONE', #8525, #788, #8 ) ;
#6333 = EDGE_CURVE ( 'NONE', #8321, #8050, #6874, .T. ) ;
#6334 = FACE_OUTER_BOUND ( 'NONE', #5520, .T. ) ;
#6335 = LINE ( 'NONE', #1939, #9519 ) ;
#6336 = ORIENTED_EDGE ( 'NONE', *, *, #6616, .F. ) ;
#6337 = DIRECTION ( 'NONE',  ( 0.0000000000000000000, 1.000000000000000000, 0.0000000000000000000 ) ) ;
#6338 = COLOUR_RGB ( '',1.000000000000000000, 1.000000000000000000, 1.000000000000000000 ) ;
#6339 = VECTOR ( 'NONE', #4600, 1000.000000000000000 ) ;
#6340 = DIRECTION ( 'NONE',  ( 0.0000000000000000000, 0.0000000000000000000, 1.000000000000000000 ) ) ;
#6341 = ORIENTED_EDGE ( 'NONE', *, *, #3976, .T. ) ;
#6342 = CARTESIAN_POINT ( 'NONE',  ( -55.00000000000005700, 20.92893218813449600, -14.99999999999998600 ) ) ;
#6343 =( NAMED_UNIT ( * ) PLANE_ANGLE_UNIT ( ) SI_UNIT ( $, .RADIAN. ) );
#6344 = EDGE_LOOP ( 'NONE', ( #8272, #702, #9513, #5703 ) ) ;
#6345 = DIRECTION ( 'NONE',  ( -1.000000000000000000, 0.0000000000000000000, 0.0000000000000000000 ) ) ;
#6346 = AXIS2_PLACEMENT_3D ( 'NONE', #3387, #7998, #4098 ) ;
#6347 = LINE ( 'NONE', #1218, #959 ) ;
#6348 = EDGE_CURVE ( 'NONE', #1641, #9748, #2792, .T. ) ;
#6349 = DIRECTION ( 'NONE',  ( 0.0000000000000000000, 1.000000000000000000, 0.0000000000000000000 ) ) ;
#6350 = UNCERTAINTY_MEASURE_WITH_UNIT (LENGTH_MEASURE( 1.000000000000000100E-005 ), #8455, 'distance_accuracy_value', 'NONE');
#6351 = VECTOR ( 'NONE', #852, 1000.000000000000000 ) ;
#6352 = CARTESIAN_POINT ( 'NONE',  ( -50.75735931288078000, -86.99999999999997200, 39.92682926829268600 ) ) ;
#6353 = ORIENTED_EDGE ( 'NONE', *, *, #4035, .T. ) ;
#6354 = ADVANCED_FACE ( 'NONE', ( #4650 ), #6632, .T. ) ;
#6355 = DIRECTION ( 'NONE',  ( -0.0000000000000000000, -0.0000000000000000000, -1.000000000000000000 ) ) ;
#6356 = ORIENTED_EDGE ( 'NONE', *, *, #3027, .T. ) ;
#6357 = VERTEX_POINT ( 'NONE', #4329 ) ;
#6358 = FILL_AREA_STYLE_COLOUR ( '', #5355 ) ;
#6359 = VECTOR ( 'NONE', #7023, 1000.000000000000000 ) ;
#6360 = LINE ( 'NONE', #7304, #7954 ) ;
#6361 = CARTESIAN_POINT ( 'NONE',  ( -2.930695433398215200E-014, 114.9999999999999700, -10.00000000000004600 ) ) ;
#6363 = ORIENTED_EDGE ( 'NONE', *, *, #4357, .F. ) ;
#6362 = MECHANICAL_DESIGN_GEOMETRIC_PRESENTATION_REPRESENTATION (  '', ( #2654 ), #262 ) ;
#6364 = ORIENTED_EDGE ( 'NONE', *, *, #5188, .F. ) ;
#6365 = AXIS2_PLACEMENT_3D ( 'NONE', #7309, #8866, #8097 ) ;
#6366 = AXIS2_PLACEMENT_3D ( 'NONE', #7418, #523, #556 ) ;
#6367 = DIRECTION ( 'NONE',  ( 2.847060021387389100E-016, -0.0000000000000000000, 1.000000000000000000 ) ) ;
#6368 = DIRECTION ( 'NONE',  ( -0.0000000000000000000, -1.000000000000000000, -0.0000000000000000000 ) ) ;
#6369 = LINE ( 'NONE', #890, #4263 ) ;
#6370 = SURFACE_STYLE_USAGE ( .BOTH. , #4001 ) ;
#6371 = LINE ( 'NONE', #378, #4510 ) ;
#6372 = SURFACE_STYLE_FILL_AREA ( #421 ) ;
#6373 = VECTOR ( 'NONE', #5255, 1000.000000000000100 ) ;
#6374 = DIRECTION ( 'NONE',  ( -0.0000000000000000000, -1.000000000000000000, -0.0000000000000000000 ) ) ;
#6375 =( NAMED_UNIT ( * ) PLANE_ANGLE_UNIT ( ) SI_UNIT ( $, .RADIAN. ) );
#6376 = AXIS2_PLACEMENT_3D ( 'NONE', #6158, #8443, #6223 ) ;
#6377 =( GEOMETRIC_REPRESENTATION_CONTEXT ( 3 ) GLOBAL_UNCERTAINTY_ASSIGNED_CONTEXT ( ( #1198 ) ) GLOBAL_UNIT_ASSIGNED_CONTEXT ( ( #8719, #3126, #2287 ) ) REPRESENTATION_CONTEXT ( 'NONE', 'WORKASPACE' ) );
#6378 = COLOUR_RGB ( '',1.000000000000000000, 1.000000000000000000, 1.000000000000000000 ) ;
#6379 = DIRECTION ( 'NONE',  ( 0.0000000000000000000, -0.0000000000000000000, 1.000000000000000000 ) ) ;
#6380 = DIRECTION ( 'NONE',  ( 0.0000000000000000000, 0.0000000000000000000, 1.000000000000000000 ) ) ;
#6381 = ORIENTED_EDGE ( 'NONE', *, *, #4426, .T. ) ;
#6382 = VERTEX_POINT ( 'NONE', #7450 ) ;
#6383 = EDGE_CURVE ( 'NONE', #3067, #9164, #627, .T. ) ;
#6384 = DIRECTION ( 'NONE',  ( 0.0000000000000000000, 0.0000000000000000000, -1.000000000000000000 ) ) ;
#6385 = AXIS2_PLACEMENT_3D ( 'NONE', #7524, #8313, #3589 ) ;
#6386 = CARTESIAN_POINT ( 'NONE',  ( -45.70000000000000300, -13.99999999999999800, 22.00000000000000000 ) ) ;
#6387 = AXIS2_PLACEMENT_3D ( 'NONE', #8657, #4713, #1568 ) ;
#6388 = FILL_AREA_STYLE ('',( #2408 ) ) ;
#6389 = ORIENTED_EDGE ( 'NONE', *, *, #1036, .F. ) ;
#6390 = VECTOR ( 'NONE', #9382, 1000.000000000000000 ) ;
#6391 = DIRECTION ( 'NONE',  ( -0.0000000000000000000, -0.0000000000000000000, -1.000000000000000000 ) ) ;
#6392 = PLANE ( 'NONE',  #8029 ) ;
#6393 = PRODUCT_DEFINITION_CONTEXT ( 'detailed design', #4974, 'design' ) ;
#6394 = UNCERTAINTY_MEASURE_WITH_UNIT (LENGTH_MEASURE( 1.000000000000000100E-005 ), #1128, 'distance_accuracy_value', 'NONE');
#6395 = ORIENTED_EDGE ( 'NONE', *, *, #304, .T. ) ;
#6396 = PRESENTATION_STYLE_ASSIGNMENT (( #8298 ) ) ;
#6397 = SURFACE_STYLE_FILL_AREA ( #2202 ) ;
#6399 = UNCERTAINTY_MEASURE_WITH_UNIT (LENGTH_MEASURE( 1.000000000000000100E-005 ), #1440, 'distance_accuracy_value', 'NONE');
#6398 = DIRECTION ( 'NONE',  ( 0.0000000000000000000, 0.0000000000000000000, 1.000000000000000000 ) ) ;
#6400 = EDGE_CURVE ( 'NONE', #4204, #6524, #8216, .T. ) ;
#6401 = MECHANICAL_DESIGN_GEOMETRIC_PRESENTATION_REPRESENTATION (  '', ( #1344 ), #9552 ) ;
#6402 = CARTESIAN_POINT ( 'NONE',  ( 131.1715728752538400, -87.99999999999997200, 18.00000000000000000 ) ) ;
#6403 = EDGE_CURVE ( 'NONE', #2759, #4720, #7610, .T. ) ;
#6405 = COLOUR_RGB ( '',0.9098039215686274400, 0.4431372549019607600, 0.03137254901960784300 ) ;
#6404 = SURFACE_STYLE_USAGE ( .BOTH. , #5702 ) ;
#6406 = CARTESIAN_POINT ( 'NONE',  ( -38.70000000000006700, -55.99999999999997900, 18.99999999999999600 ) ) ;
#6407 = PRESENTATION_STYLE_ASSIGNMENT (( #3452 ) ) ;
#6408 = VERTEX_POINT ( 'NONE', #9853 ) ;
#6409 = FACE_OUTER_BOUND ( 'NONE', #8739, .T. ) ;
#6410 = CARTESIAN_POINT ( 'NONE',  ( -45.70000000000000300, -13.99999999999999800, 22.00000000000000000 ) ) ;
#6411 = FILL_AREA_STYLE_COLOUR ( '', #7084 ) ;
#6412 = DIRECTION ( 'NONE',  ( -0.0000000000000000000, -0.0000000000000000000, -1.000000000000000000 ) ) ;
#6413 = STYLED_ITEM ( 'NONE', ( #4301 ), #4398 ) ;
#6414 = CYLINDRICAL_SURFACE ( 'NONE', #9568, 18.00000000000000000 ) ;
#6415 = EDGE_CURVE ( 'NONE', #9909, #3179, #6371, .T. ) ;
#6416 = STYLED_ITEM ( 'NONE', ( #8500 ), #8631 ) ;
#6417 = VERTEX_POINT ( 'NONE', #6725 ) ;
#6418 = CARTESIAN_POINT ( 'NONE',  ( -12.00000000000008300, 14.99999999999998200, 19.99999999999999600 ) ) ;
#6419 =( NAMED_UNIT ( * ) PLANE_ANGLE_UNIT ( ) SI_UNIT ( $, .RADIAN. ) );
#6420 = EDGE_LOOP ( 'NONE', ( #6570, #3545, #398, #9371, #1553, #8958, #8246, #9796 ) ) ;
#6421 = CARTESIAN_POINT ( 'NONE',  ( 0.0000000000000000000, 16.00000000000000000, 0.0000000000000000000 ) ) ;
#6422 = LINE ( 'NONE', #8042, #3467 ) ;
#6423 = ORIENTED_EDGE ( 'NONE', *, *, #1610, .T. ) ;
#6424 = LINE ( 'NONE', #4480, #7535 ) ;
#6425 =( NAMED_UNIT ( * ) PLANE_ANGLE_UNIT ( ) SI_UNIT ( $, .RADIAN. ) );
#6426 = CIRCLE ( 'NONE', #9348, 16.50000000000000000 ) ;
#6427 = CARTESIAN_POINT ( 'NONE',  ( 135.0000000000000000, -66.99999999999992900, -14.99999999999997300 ) ) ;
#6428 = CARTESIAN_POINT ( 'NONE',  ( -41.94999999999999600, -67.99999999999998600, 20.00000000000000000 ) ) ;
#6429 = CARTESIAN_POINT ( 'NONE',  ( -57.00000000000004300, -6.999999999999995600, 43.00000000000000000 ) ) ;
#6430 = ORIENTED_EDGE ( 'NONE', *, *, #120, .T. ) ;
#6431 = VERTEX_POINT ( 'NONE', #1104 ) ;
#6432 = COLOUR_RGB ( '',0.9098039215686274400, 0.4431372549019607600, 0.03137254901960784300 ) ;
#6433 = AXIS2_PLACEMENT_3D ( 'NONE', #1034, #6520, #2210 ) ;
#6435 = ORIENTED_EDGE ( 'NONE', *, *, #9424, .T. ) ;
#6434 = STYLED_ITEM ( 'NONE', ( #1715 ), #9312 ) ;
#6436 = VERTEX_POINT ( 'NONE', #1990 ) ;
#6437 = VECTOR ( 'NONE', #3196, 1000.000000000000000 ) ;
#6438 = DIRECTION ( 'NONE',  ( -0.0000000000000000000, -0.0000000000000000000, -1.000000000000000000 ) ) ;
#6439 = EDGE_LOOP ( 'NONE', ( #3637, #5102, #2097, #3745 ) ) ;
#6440 =( NAMED_UNIT ( * ) PLANE_ANGLE_UNIT ( ) SI_UNIT ( $, .RADIAN. ) );
#6441 = SURFACE_SIDE_STYLE ('',( #2529 ) ) ;
#6442 = DIRECTION ( 'NONE',  ( 0.6785983445458427800, -0.2810846377148223400, -0.6785983445458504400 ) ) ;
#6443 = PLANE ( 'NONE',  #5380 ) ;
#6444 = VECTOR ( 'NONE', #2904, 1000.000000000000000 ) ;
#6445 = COLOUR_RGB ( '',0.9098039215686274400, 0.4431372549019607600, 0.03137254901960784300 ) ;
#6446 = FILL_AREA_STYLE ('',( #5707 ) ) ;
#6447 = ORIENTED_EDGE ( 'NONE', *, *, #3976, .F. ) ;
#6448 = VERTEX_POINT ( 'NONE', #8231 ) ;
#6449 = DIRECTION ( 'NONE',  ( 0.0000000000000000000, -0.0000000000000000000, 1.000000000000000000 ) ) ;
#6450 = VERTEX_POINT ( 'NONE', #1958 ) ;
#6451 =( GEOMETRIC_REPRESENTATION_CONTEXT ( 3 ) GLOBAL_UNCERTAINTY_ASSIGNED_CONTEXT ( ( #6285 ) ) GLOBAL_UNIT_ASSIGNED_CONTEXT ( ( #9666, #8975, #3380 ) ) REPRESENTATION_CONTEXT ( 'NONE', 'WORKASPACE' ) );
#6452 = PRESENTATION_LAYER_ASSIGNMENT (  '', '', ( #1387 ) ) ;
#6453 = DIRECTION ( 'NONE',  ( 0.7044400585826596800, -0.7044400585826635600, 0.08676639745957204200 ) ) ;
#6454 = ADVANCED_FACE ( 'NONE', ( #11 ), #3508, .F. ) ;
#6455 =( NAMED_UNIT ( * ) PLANE_ANGLE_UNIT ( ) SI_UNIT ( $, .RADIAN. ) );
#6456 = AXIS2_PLACEMENT_3D ( 'NONE', #2878, #2752, #8393 ) ;
#6457 = DIRECTION ( 'NONE',  ( 0.8660254037844387100, 0.0000000000000000000, 0.4999999999999999400 ) ) ;
#6458 = VERTEX_POINT ( 'NONE', #8297 ) ;
#6459 = CARTESIAN_POINT ( 'NONE',  ( -50.00000000000007800, 12.99999999999998400, 19.99999999999999600 ) ) ;
#6460 = SURFACE_STYLE_FILL_AREA ( #5461 ) ;
#6461 = CONICAL_SURFACE ( 'NONE', #8290, 3.000000000000002700, 0.04008340807841039700 ) ;
#6462 = VERTEX_POINT ( 'NONE', #6651 ) ;
#6463 = CARTESIAN_POINT ( 'NONE',  ( -19.99999999999998900, -164.8038475772933700, -8.000000000000007100 ) ) ;
#6464 = FILL_AREA_STYLE ('',( #201 ) ) ;
#6465 = DIRECTION ( 'NONE',  ( 0.0000000000000000000, 0.0000000000000000000, 1.000000000000000000 ) ) ;
#6466 = FACE_OUTER_BOUND ( 'NONE', #1989, .T. ) ;
#6467 = UNCERTAINTY_MEASURE_WITH_UNIT (LENGTH_MEASURE( 1.000000000000000100E-005 ), #8148, 'distance_accuracy_value', 'NONE');
#6468 = SURFACE_SIDE_STYLE ('',( #7894 ) ) ;
#6469 = AXIS2_PLACEMENT_3D ( 'NONE', #4547, #5444, #6049 ) ;
#6470 = EDGE_CURVE ( 'NONE', #6645, #5096, #7482, .T. ) ;
#6471 = AXIS2_PLACEMENT_3D ( 'NONE', #1765, #6513, #1801 ) ;
#6472 = ORIENTED_EDGE ( 'NONE', *, *, #9426, .F. ) ;
#6473 = EDGE_CURVE ( 'NONE', #7282, #4820, #2906, .T. ) ;
#6474 = ORIENTED_EDGE ( 'NONE', *, *, #9767, .T. ) ;
#6475 = PRESENTATION_STYLE_ASSIGNMENT (( #888 ) ) ;
#6476 = PRESENTATION_STYLE_ASSIGNMENT (( #1149 ) ) ;
#6477 = CARTESIAN_POINT ( 'NONE',  ( -45.70000000000006700, -49.99999999999998600, 20.00000000000000000 ) ) ;
#6478 = DIRECTION ( 'NONE',  ( 0.0000000000000000000, 0.0000000000000000000, 1.000000000000000000 ) ) ;
#6479 = CARTESIAN_POINT ( 'NONE',  ( 99.99999999999994300, -89.99999999999997200, -5.000000000000004400 ) ) ;
#6480 = UNCERTAINTY_MEASURE_WITH_UNIT (LENGTH_MEASURE( 1.000000000000000100E-005 ), #7790, 'distance_accuracy_value', 'NONE');
#6481 = DIRECTION ( 'NONE',  ( -1.000000000000000000, 0.0000000000000000000, 0.0000000000000000000 ) ) ;
#6482 = ORIENTED_EDGE ( 'NONE', *, *, #2291, .T. ) ;
#6483 = LINE ( 'NONE', #4358, #9539 ) ;
#6484 = CARTESIAN_POINT ( 'NONE',  ( -40.29696727866941300, 11.26053472074816000, 198.5000000000001100 ) ) ;
#6485 = DIRECTION ( 'NONE',  ( 0.0000000000000000000, 0.7071067811865514600, 0.7071067811865435800 ) ) ;
#6486 =( LENGTH_UNIT ( ) NAMED_UNIT ( * ) SI_UNIT ( .MILLI., .METRE. ) );
#6487 = PRESENTATION_LAYER_ASSIGNMENT (  '', '', ( #8965 ) ) ;
#6488 = ORIENTED_EDGE ( 'NONE', *, *, #9757, .F. ) ;
#6489 = EDGE_CURVE ( 'NONE', #9281, #4325, #3161, .T. ) ;
#6490 = AXIS2_PLACEMENT_3D ( 'NONE', #9225, #672, #9170 ) ;
#6491 = CARTESIAN_POINT ( 'NONE',  ( -45.70000000000000300, -31.99999999999999300, 21.20000000000002100 ) ) ;
#6492 = PRESENTATION_STYLE_ASSIGNMENT (( #4433 ) ) ;
#6493 = DIRECTION ( 'NONE',  ( -0.0000000000000000000, -1.000000000000000000, -0.0000000000000000000 ) ) ;
#6494 = DIRECTION ( 'NONE',  ( -2.312964634635743400E-016, 1.000000000000000000, 0.0000000000000000000 ) ) ;
#6495 = ORIENTED_EDGE ( 'NONE', *, *, #9691, .T. ) ;
#6496 = SURFACE_STYLE_USAGE ( .BOTH. , #4094 ) ;
#6497 = CARTESIAN_POINT ( 'NONE',  ( -5.999999999999997300, 10.00000000000000000, 13.99999999999999800 ) ) ;
#6498 =( NAMED_UNIT ( * ) SI_UNIT ( $, .STERADIAN. ) SOLID_ANGLE_UNIT ( ) );
#6499 = SURFACE_STYLE_USAGE ( .BOTH. , #8946 ) ;
#6500 = DIRECTION ( 'NONE',  ( 1.000000000000000000, 0.0000000000000000000, 0.0000000000000000000 ) ) ;
#6501 = FACE_OUTER_BOUND ( 'NONE', #4998, .T. ) ;
#6502 = DIRECTION ( 'NONE',  ( 0.7071067811865487900, -0.7071067811865463500, 0.0000000000000000000 ) ) ;
#6503 = EDGE_CURVE ( 'NONE', #7746, #941, #8691, .T. ) ;
#6504 = AXIS2_PLACEMENT_3D ( 'NONE', #8174, #8137, #7319 ) ;
#6505 = DIRECTION ( 'NONE',  ( 0.0000000000000000000, 0.0000000000000000000, -1.000000000000000000 ) ) ;
#6506 =( NAMED_UNIT ( * ) SI_UNIT ( $, .STERADIAN. ) SOLID_ANGLE_UNIT ( ) );
#6507 = LINE ( 'NONE', #4465, #9686 ) ;
#6508 = EDGE_CURVE ( 'NONE', #7777, #7175, #7850, .T. ) ;
#6509 = VECTOR ( 'NONE', #5008, 1000.000000000000000 ) ;
#6510 = ORIENTED_EDGE ( 'NONE', *, *, #2797, .T. ) ;
#6511 = ORIENTED_EDGE ( 'NONE', *, *, #1684, .T. ) ;
#6512 = FILL_AREA_STYLE ('',( #7233 ) ) ;
#6513 = DIRECTION ( 'NONE',  ( 0.0000000000000000000, 0.0000000000000000000, 1.000000000000000000 ) ) ;
#6514 = LINE ( 'NONE', #8630, #4412 ) ;
#6515 = DIRECTION ( 'NONE',  ( 0.0000000000000000000, 1.000000000000000000, -1.561251128379126400E-016 ) ) ;
#6516 = AXIS2_PLACEMENT_3D ( 'NONE', #7066, #7201, #2321 ) ;
#6517 = PRESENTATION_LAYER_ASSIGNMENT (  '', '', ( #5866 ) ) ;
#6518 = CARTESIAN_POINT ( 'NONE',  ( 128.0000000000000000, 62.00000000000004300, 18.00000000000000000 ) ) ;
#6519 = COLOUR_RGB ( '',0.9098039215686274400, 0.4431372549019607600, 0.03137254901960784300 ) ;
#6520 = DIRECTION ( 'NONE',  ( -0.0000000000000000000, -0.0000000000000000000, -1.000000000000000000 ) ) ;
#6521 = ADVANCED_FACE ( 'NONE', ( #6624 ), #5073, .F. ) ;
#6522 = CARTESIAN_POINT ( 'NONE',  ( -52.00000000000009200, 119.9999999999999700, -24.99999999999999600 ) ) ;
#6523 = DIRECTION ( 'NONE',  ( -0.7071067811865464600, 0.7071067811865486800, 0.0000000000000000000 ) ) ;
#6524 = VERTEX_POINT ( 'NONE', #5043 ) ;
#6525 = EDGE_CURVE ( 'NONE', #5007, #8928, #9545, .T. ) ;
#6526 = SURFACE_STYLE_USAGE ( .BOTH. , #4167 ) ;
#6527 = DIRECTION ( 'NONE',  ( 0.0000000000000000000, 0.0000000000000000000, -1.000000000000000000 ) ) ;
#6528 = AXIS2_PLACEMENT_3D ( 'NONE', #8921, #5887, #1940 ) ;
#6529 =( LENGTH_UNIT ( ) NAMED_UNIT ( * ) SI_UNIT ( .MILLI., .METRE. ) );
#6530 = AXIS2_PLACEMENT_3D ( 'NONE', #7780, #6995, #3064 ) ;
#6531 = CARTESIAN_POINT ( 'NONE',  ( -38.70000000000000300, -61.99999999999998600, 19.99999999999999600 ) ) ;
#6532 = EDGE_CURVE ( 'NONE', #5709, #2608, #9677, .T. ) ;
#6533 = SURFACE_SIDE_STYLE ('',( #1505 ) ) ;
#6534 = UNCERTAINTY_MEASURE_WITH_UNIT (LENGTH_MEASURE( 1.000000000000000100E-005 ), #4284, 'distance_accuracy_value', 'NONE');
#6535 = LINE ( 'NONE', #1165, #409 ) ;
#6536 = UNCERTAINTY_MEASURE_WITH_UNIT (LENGTH_MEASURE( 1.000000000000000100E-005 ), #5022, 'distance_accuracy_value', 'NONE');
#6537 = SURFACE_STYLE_USAGE ( .BOTH. , #2634 ) ;
#6538 = VECTOR ( 'NONE', #1999, 1000.000000000000100 ) ;
#6539 =( GEOMETRIC_REPRESENTATION_CONTEXT ( 3 ) GLOBAL_UNCERTAINTY_ASSIGNED_CONTEXT ( ( #6164 ) ) GLOBAL_UNIT_ASSIGNED_CONTEXT ( ( #1345, #9130, #8918 ) ) REPRESENTATION_CONTEXT ( 'NONE', 'WORKASPACE' ) );
#6540 = ORIENTED_EDGE ( 'NONE', *, *, #3815, .F. ) ;
#6541 =( NAMED_UNIT ( * ) SI_UNIT ( $, .STERADIAN. ) SOLID_ANGLE_UNIT ( ) );
#6542 = EDGE_CURVE ( 'NONE', #8505, #3698, #5885, .T. ) ;
#6543 = AXIS2_PLACEMENT_3D ( 'NONE', #3121, #3774, #6959 ) ;
#6544 = DIRECTION ( 'NONE',  ( -0.0000000000000000000, 1.000000000000000000, -0.0000000000000000000 ) ) ;
#6545 = SURFACE_STYLE_USAGE ( .BOTH. , #7451 ) ;
#6546 = SHAPE_DEFINITION_REPRESENTATION ( #6245, #6660 ) ;
#6547 = EDGE_CURVE ( 'NONE', #331, #1503, #9307, .T. ) ;
#6548 = CARTESIAN_POINT ( 'NONE',  ( 6.276043463296106900, 0.0000000000000000000, -16.87042614893940100 ) ) ;
#6549 = ORIENTED_EDGE ( 'NONE', *, *, #4387, .T. ) ;
#6550 = APPLICATION_PROTOCOL_DEFINITION ( 'draft international standard', 'automotive_design', 1998, #4974 ) ;
#6551 =( NAMED_UNIT ( * ) SI_UNIT ( $, .STERADIAN. ) SOLID_ANGLE_UNIT ( ) );
#6552 = VECTOR ( 'NONE', #1314, 1000.000000000000000 ) ;
#6553 = FACE_OUTER_BOUND ( 'NONE', #9984, .T. ) ;
#6554 = EDGE_LOOP ( 'NONE', ( #1327, #7486, #3378, #9701, #4227, #1869, #863, #1574, #9418, #2330, #8561, #3539 ) ) ;
#6555 = CARTESIAN_POINT ( 'NONE',  ( -45.70000000000013100, -31.99999999999999300, 20.00000000000000000 ) ) ;
#6556 = FILL_AREA_STYLE_COLOUR ( '', #6826 ) ;
#6557 =( NAMED_UNIT ( * ) PLANE_ANGLE_UNIT ( ) SI_UNIT ( $, .RADIAN. ) );
#6558 = AXIS2_PLACEMENT_3D ( 'NONE', #5916, #5844, #4132 ) ;
#6559 = DIRECTION ( 'NONE',  ( -1.000000000000000000, 0.0000000000000000000, 0.0000000000000000000 ) ) ;
#6560 = FACE_OUTER_BOUND ( 'NONE', #5301, .T. ) ;
#6561 = ORIENTED_EDGE ( 'NONE', *, *, #983, .F. ) ;
#6562 = EDGE_CURVE ( 'NONE', #6090, #9281, #2056, .T. ) ;
#6563 =( GEOMETRIC_REPRESENTATION_CONTEXT ( 3 ) GLOBAL_UNCERTAINTY_ASSIGNED_CONTEXT ( ( #5293 ) ) GLOBAL_UNIT_ASSIGNED_CONTEXT ( ( #4795, #5644, #2469 ) ) REPRESENTATION_CONTEXT ( 'NONE', 'WORKASPACE' ) );
#6564 = SURFACE_STYLE_FILL_AREA ( #5663 ) ;
#6565 = FILL_AREA_STYLE ('',( #4025 ) ) ;
#6566 = EDGE_LOOP ( 'NONE', ( #9764, #1471, #2836, #7126 ) ) ;
#6567 = FILL_AREA_STYLE ('',( #4999 ) ) ;
#6568 = CARTESIAN_POINT ( 'NONE',  ( 132.0000000000000300, -89.99999999999997200, 18.00000000000000000 ) ) ;
#6569 = PRESENTATION_STYLE_ASSIGNMENT (( #1068 ) ) ;
#6570 = ORIENTED_EDGE ( 'NONE', *, *, #4357, .T. ) ;
#6571 =( NAMED_UNIT ( * ) SI_UNIT ( $, .STERADIAN. ) SOLID_ANGLE_UNIT ( ) );
#6572 =( NAMED_UNIT ( * ) PLANE_ANGLE_UNIT ( ) SI_UNIT ( $, .RADIAN. ) );
#6573 = ORIENTED_EDGE ( 'NONE', *, *, #4242, .T. ) ;
#6574 = ADVANCED_FACE ( 'NONE', ( #3405 ), #3699, .F. ) ;
#6575 = SURFACE_STYLE_USAGE ( .BOTH. , #9724 ) ;
#6576 = VECTOR ( 'NONE', #7119, 1000.000000000000000 ) ;
#6577 = SURFACE_STYLE_FILL_AREA ( #7955 ) ;
#6578 =( GEOMETRIC_REPRESENTATION_CONTEXT ( 3 ) GLOBAL_UNCERTAINTY_ASSIGNED_CONTEXT ( ( #3065 ) ) GLOBAL_UNIT_ASSIGNED_CONTEXT ( ( #2292, #8210, #3450 ) ) REPRESENTATION_CONTEXT ( 'NONE', 'WORKASPACE' ) );
#6579 = AXIS2_PLACEMENT_3D ( 'NONE', #6429, #4922, #8853 ) ;
#6580 = SURFACE_STYLE_FILL_AREA ( #5477 ) ;
#6581 = VERTEX_POINT ( 'NONE', #519 ) ;
#6582 = PRESENTATION_STYLE_ASSIGNMENT (( #4673 ) ) ;
#6583 = VECTOR ( 'NONE', #9709, 999.9999999999998900 ) ;
#6584 = CARTESIAN_POINT ( 'NONE',  ( -1.708236012832437100E-015, 16.00000000000000000, -3.000000000000006700 ) ) ;
#6585 = CARTESIAN_POINT ( 'NONE',  ( -49.45000000000001700, -31.99999999999999300, 22.00000000000000000 ) ) ;
#6586 = ORIENTED_EDGE ( 'NONE', *, *, #9999, .F. ) ;
#6587 = FILL_AREA_STYLE ('',( #4267 ) ) ;
#6588 =( LENGTH_UNIT ( ) NAMED_UNIT ( * ) SI_UNIT ( .MILLI., .METRE. ) );
#6589 =( NAMED_UNIT ( * ) PLANE_ANGLE_UNIT ( ) SI_UNIT ( $, .RADIAN. ) );
#6590 = COLOUR_RGB ( '',0.2823529411764705800, 0.6627450980392156600, 0.3254901960784313800 ) ;
#6591 = DIRECTION ( 'NONE',  ( -1.000000000000000000, 0.0000000000000000000, 0.0000000000000000000 ) ) ;
#6592 = VERTEX_POINT ( 'NONE', #549 ) ;
#6593 = PRESENTATION_LAYER_ASSIGNMENT (  '', '', ( #9738 ) ) ;
#6594 = VECTOR ( 'NONE', #5527, 1000.000000000000000 ) ;
#6595 = SURFACE_SIDE_STYLE ('',( #8186 ) ) ;
#6596 = ORIENTED_EDGE ( 'NONE', *, *, #7001, .T. ) ;
#6597 = CARTESIAN_POINT ( 'NONE',  ( -66.75735931288076600, -66.75735931288056700, 38.00000000000000000 ) ) ;
#6598 = STYLED_ITEM ( 'NONE', ( #8006 ), #5551 ) ;
#6599 =( LENGTH_UNIT ( ) NAMED_UNIT ( * ) SI_UNIT ( .MILLI., .METRE. ) );
#6600 = ORIENTED_EDGE ( 'NONE', *, *, #7212, .T. ) ;
#6601 = CARTESIAN_POINT ( 'NONE',  ( -38.70000000000013100, -37.99999999999997900, 18.99999999999999600 ) ) ;
#6602 = DIRECTION ( 'NONE',  ( 1.000000000000000000, 0.0000000000000000000, 0.0000000000000000000 ) ) ;
#6603 = CARTESIAN_POINT ( 'NONE',  ( 0.0000000000000000000, -5.999999999999992900, 38.00000000000000000 ) ) ;
#6604 = CARTESIAN_POINT ( 'NONE',  ( -55.00000000000007100, 109.9289321881345700, -30.00000000000000400 ) ) ;
#6605 = UNCERTAINTY_MEASURE_WITH_UNIT (LENGTH_MEASURE( 1.000000000000000100E-005 ), #9918, 'distance_accuracy_value', 'NONE');
#6606 = DIRECTION ( 'NONE',  ( 1.000000000000000000, 1.261617073437677300E-016, 0.0000000000000000000 ) ) ;
#6607 = ORIENTED_EDGE ( 'NONE', *, *, #9035, .F. ) ;
#6608 = DIRECTION ( 'NONE',  ( -1.000000000000000000, 0.0000000000000000000, 0.0000000000000000000 ) ) ;
#6610 = EDGE_LOOP ( 'NONE', ( #9466, #7446, #8555, #4892 ) ) ;
#6609 = DIRECTION ( 'NONE',  ( -0.0000000000000000000, 1.000000000000000000, 0.0000000000000000000 ) ) ;
#6611 = ORIENTED_EDGE ( 'NONE', *, *, #2912, .F. ) ;
#6612 = DIRECTION ( 'NONE',  ( 0.8660254037844381500, 0.0000000000000000000, -0.5000000000000010000 ) ) ;
#6613 = DIRECTION ( 'NONE',  ( 1.000000000000000000, 0.0000000000000000000, -0.0000000000000000000 ) ) ;
#6614 = AXIS2_PLACEMENT_3D ( 'NONE', #4059, #5748, #1045 ) ;
#6615 = LINE ( 'NONE', #9158, #7483 ) ;
#6616 = EDGE_CURVE ( 'NONE', #5020, #1207, #4125, .T. ) ;
#6617 = STYLED_ITEM ( 'NONE', ( #4115 ), #6900 ) ;
#6618 = FILL_AREA_STYLE ('',( #8995 ) ) ;
#6619 = EDGE_CURVE ( 'NONE', #3484, #6728, #6861, .T. ) ;
#6620 = EDGE_LOOP ( 'NONE', ( #6510, #6356 ) ) ;
#6621 = ORIENTED_EDGE ( 'NONE', *, *, #7016, .F. ) ;
#6622 = CARTESIAN_POINT ( 'NONE',  ( 140.0000000000000000, 28.00000000000001400, 7.999999999999998200 ) ) ;
#6623 = CARTESIAN_POINT ( 'NONE',  ( -60.00000000000005700, -89.99999999999997200, -35.00000000000000000 ) ) ;
#6624 = FACE_OUTER_BOUND ( 'NONE', #8120, .T. ) ;
#6625 = FACE_OUTER_BOUND ( 'NONE', #8433, .T. ) ;
#6626 = DIRECTION ( 'NONE',  ( -0.0000000000000000000, 1.000000000000000000, -1.561251128379126400E-016 ) ) ;
#6627 =( GEOMETRIC_REPRESENTATION_CONTEXT ( 3 ) GLOBAL_UNCERTAINTY_ASSIGNED_CONTEXT ( ( #6467 ) ) GLOBAL_UNIT_ASSIGNED_CONTEXT ( ( #8148, #4961, #7408 ) ) REPRESENTATION_CONTEXT ( 'NONE', 'WORKASPACE' ) );
#6628 = ADVANCED_FACE ( 'NONE', ( #4638 ), #8207, .F. ) ;
#6629 = EDGE_CURVE ( 'NONE', #2971, #8713, #7597, .T. ) ;
#6630 = STYLED_ITEM ( 'NONE', ( #7787 ), #8163 ) ;
#6631 = VECTOR ( 'NONE', #1166, 1000.000000000000000 ) ;
#6632 = CYLINDRICAL_SURFACE ( 'NONE', #5295, 16.50000000000000000 ) ;
#6633 = SURFACE_STYLE_FILL_AREA ( #9710 ) ;
#6634 = FILL_AREA_STYLE ('',( #1116 ) ) ;
#6635 =( NAMED_UNIT ( * ) PLANE_ANGLE_UNIT ( ) SI_UNIT ( $, .RADIAN. ) );
#6636 = DIRECTION ( 'NONE',  ( -5.409414040636039400E-015, 0.0000000000000000000, -1.000000000000000000 ) ) ;
#6637 = FACE_OUTER_BOUND ( 'NONE', #4618, .T. ) ;
#6638 = CARTESIAN_POINT ( 'NONE',  ( -12.55124549639640600, 0.0000000000000000000, -10.71056658114728300 ) ) ;
#6639 = ORIENTED_EDGE ( 'NONE', *, *, #6547, .F. ) ;
#6640 = MECHANICAL_DESIGN_GEOMETRIC_PRESENTATION_REPRESENTATION (  '', ( #473 ), #8722 ) ;
#6641 =( GEOMETRIC_REPRESENTATION_CONTEXT ( 3 ) GLOBAL_UNCERTAINTY_ASSIGNED_CONTEXT ( ( #3000 ) ) GLOBAL_UNIT_ASSIGNED_CONTEXT ( ( #4620, #7069, #7823 ) ) REPRESENTATION_CONTEXT ( 'NONE', 'WORKASPACE' ) );
#6642 = DIRECTION ( 'NONE',  ( 1.000000000000000000, 0.0000000000000000000, 0.0000000000000000000 ) ) ;
#6643 = CARTESIAN_POINT ( 'NONE',  ( -8.700000000000200000, -5.999999999999992900, 18.00000000000000000 ) ) ;
#6644 = FILL_AREA_STYLE ('',( #337 ) ) ;
#6645 = VERTEX_POINT ( 'NONE', #4535 ) ;
#6646 = SURFACE_SIDE_STYLE ('',( #6126 ) ) ;
#6647 = FACE_OUTER_BOUND ( 'NONE', #9134, .T. ) ;
#6648 = DIRECTION ( 'NONE',  ( 0.0000000000000000000, 0.0000000000000000000, 1.000000000000000000 ) ) ;
#6649 = ORIENTED_EDGE ( 'NONE', *, *, #6101, .F. ) ;
#6650 = CARTESIAN_POINT ( 'NONE',  ( 130.7573593128807900, -86.99999999999995700, 43.00000000000000000 ) ) ;
#6651 = CARTESIAN_POINT ( 'NONE',  ( -50.70000000000000300, -49.99999999999998600, 22.00000000000000000 ) ) ;
#6652 = STYLED_ITEM ( 'NONE', ( #7692 ), #1422 ) ;
#6653 = AXIS2_PLACEMENT_3D ( 'NONE', #1806, #1769, #1734 ) ;
#6654 = EDGE_LOOP ( 'NONE', ( #4079, #5422, #8399, #10014, #8440 ) ) ;
#6655 = PLANE ( 'NONE',  #71 ) ;
#6656 = VECTOR ( 'NONE', #9850, 1000.000000000000000 ) ;
#6657 = SURFACE_SIDE_STYLE ('',( #3857 ) ) ;
#6658 = PRESENTATION_STYLE_ASSIGNMENT (( #9521 ) ) ;
#6659 = CARTESIAN_POINT ( 'NONE',  ( -42.00000000000007800, 119.9999999999999700, -14.99999999999999800 ) ) ;
#6660 = SHAPE_REPRESENTATION ( 'select switch', ( #9592 ), #10108 ) ;
#6661 = EDGE_LOOP ( 'NONE', ( #8679, #4251, #2649, #4722 ) ) ;
#6662 = PLANE ( 'NONE',  #9804 ) ;
#6663 = SURFACE_STYLE_FILL_AREA ( #239 ) ;
#6664 =( GEOMETRIC_REPRESENTATION_CONTEXT ( 3 ) GLOBAL_UNCERTAINTY_ASSIGNED_CONTEXT ( ( #3183 ) ) GLOBAL_UNIT_ASSIGNED_CONTEXT ( ( #2856, #6767, #2765 ) ) REPRESENTATION_CONTEXT ( 'NONE', 'WORKASPACE' ) );
#6665 = UNCERTAINTY_MEASURE_WITH_UNIT (LENGTH_MEASURE( 1.000000000000000100E-005 ), #4803, 'distance_accuracy_value', 'NONE');
#6666 = DIRECTION ( 'NONE',  ( -0.0000000000000000000, -1.000000000000000000, -0.0000000000000000000 ) ) ;
#6667 = MECHANICAL_DESIGN_GEOMETRIC_PRESENTATION_REPRESENTATION (  '', ( #9997 ), #7198 ) ;
#6668 = EDGE_CURVE ( 'NONE', #5553, #5508, #8084, .T. ) ;
#6669 = FACE_OUTER_BOUND ( 'NONE', #7259, .T. ) ;
#6670 = VECTOR ( 'NONE', #4161, 1000.000000000000100 ) ;
#6671 = CARTESIAN_POINT ( 'NONE',  ( 140.0000000000000000, -72.00000000000000000, -19.99999999999998200 ) ) ;
#6672 = LINE ( 'NONE', #873, #8738 ) ;
#6673 = ADVANCED_FACE ( 'NONE', ( #4501 ), #2876, .F. ) ;
#6674 = VERTEX_POINT ( 'NONE', #7541 ) ;
#6675 = VERTEX_POINT ( 'NONE', #657 ) ;
#6676 = CARTESIAN_POINT ( 'NONE',  ( -50.70000000000000300, -67.99999999999998600, 19.99999999999999600 ) ) ;
#6677 =( NAMED_UNIT ( * ) SI_UNIT ( $, .STERADIAN. ) SOLID_ANGLE_UNIT ( ) );
#6678 = DIRECTION ( 'NONE',  ( 0.0000000000000000000, 0.0000000000000000000, -1.000000000000000000 ) ) ;
#6679 = CIRCLE ( 'NONE', #7239, 16.50000000000000000 ) ;
#6680 = ORIENTED_EDGE ( 'NONE', *, *, #3946, .F. ) ;
#6681 = LINE ( 'NONE', #6802, #9485 ) ;
#6682 = DIRECTION ( 'NONE',  ( -0.0000000000000000000, -1.000000000000000000, -0.0000000000000000000 ) ) ;
#6683 = PRESENTATION_LAYER_ASSIGNMENT (  '', '', ( #718 ) ) ;
#6684 = FILL_AREA_STYLE ('',( #5868 ) ) ;
#6685 = EDGE_CURVE ( 'NONE', #7690, #9743, #9422, .T. ) ;
#6686 = STYLED_ITEM ( 'NONE', ( #2631 ), #7505 ) ;
#6687 = ORIENTED_EDGE ( 'NONE', *, *, #4799, .T. ) ;
#6688 = DIRECTION ( 'NONE',  ( -1.000000000000000000, -1.734723475976807100E-016, 0.0000000000000000000 ) ) ;
#6689 =( NAMED_UNIT ( * ) PLANE_ANGLE_UNIT ( ) SI_UNIT ( $, .RADIAN. ) );
#6690 = FILL_AREA_STYLE ('',( #3606 ) ) ;
#6691 = ORIENTED_EDGE ( 'NONE', *, *, #9350, .F. ) ;
#6692 = CIRCLE ( 'NONE', #1480, 20.00000000000000000 ) ;
#6693 = EDGE_LOOP ( 'NONE', ( #6573, #8954, #2342, #5609 ) ) ;
#6694 = ORIENTED_EDGE ( 'NONE', *, *, #6878, .T. ) ;
#6695 = CIRCLE ( 'NONE', #2715, 6.000000000000005300 ) ;
#6696 = CIRCLE ( 'NONE', #1386, 4.999999999999997300 ) ;
#6697 = PLANE ( 'NONE',  #2071 ) ;
#6698 = ORIENTED_EDGE ( 'NONE', *, *, #1727, .F. ) ;
#6699 = SURFACE_STYLE_USAGE ( .BOTH. , #8339 ) ;
#6700 = DIRECTION ( 'NONE',  ( 0.0000000000000000000, -1.000000000000000000, 0.0000000000000000000 ) ) ;
#6701 = LINE ( 'NONE', #7890, #4468 ) ;
#6702 =( LENGTH_UNIT ( ) NAMED_UNIT ( * ) SI_UNIT ( .MILLI., .METRE. ) );
#6703 =( GEOMETRIC_REPRESENTATION_CONTEXT ( 3 ) GLOBAL_UNCERTAINTY_ASSIGNED_CONTEXT ( ( #6858 ) ) GLOBAL_UNIT_ASSIGNED_CONTEXT ( ( #5895, #8261, #6677 ) ) REPRESENTATION_CONTEXT ( 'NONE', 'WORKASPACE' ) );
#6704 = MECHANICAL_DESIGN_GEOMETRIC_PRESENTATION_REPRESENTATION (  '', ( #7367 ), #1937 ) ;
#6705 = ORIENTED_EDGE ( 'NONE', *, *, #6878, .F. ) ;
#6706 =( NAMED_UNIT ( * ) SI_UNIT ( $, .STERADIAN. ) SOLID_ANGLE_UNIT ( ) );
#6707 = EDGE_LOOP ( 'NONE', ( #9142, #5806, #3433, #2077 ) ) ;
#6708 = ORIENTED_EDGE ( 'NONE', *, *, #6400, .T. ) ;
#6709 = CARTESIAN_POINT ( 'NONE',  ( 138.0000000000000000, -6.000000000000004400, 24.00000000000000000 ) ) ;
#6710 = EDGE_CURVE ( 'NONE', #357, #7193, #8437, .T. ) ;
#6711 = SURFACE_STYLE_USAGE ( .BOTH. , #9808 ) ;
#6712 = CARTESIAN_POINT ( 'NONE',  ( -30.00000000000008200, 14.99999999999998200, -3.000000000000002700 ) ) ;
#6713 = LINE ( 'NONE', #763, #4601 ) ;
#6714 = ORIENTED_EDGE ( 'NONE', *, *, #9378, .T. ) ;
#6715 = VECTOR ( 'NONE', #4020, 1000.000000000000000 ) ;
#6716 = CIRCLE ( 'NONE', #6721, 4.999999999999997300 ) ;
#6717 = VERTEX_POINT ( 'NONE', #3805 ) ;
#6718 = DIRECTION ( 'NONE',  ( -0.0000000000000000000, -0.0000000000000000000, -1.000000000000000000 ) ) ;
#6719 = ORIENTED_EDGE ( 'NONE', *, *, #8104, .F. ) ;
#6720 =( NAMED_UNIT ( * ) PLANE_ANGLE_UNIT ( ) SI_UNIT ( $, .RADIAN. ) );
#6721 = AXIS2_PLACEMENT_3D ( 'NONE', #7461, #5053, #358 ) ;
#6722 = PRESENTATION_LAYER_ASSIGNMENT (  '', '', ( #2670 ) ) ;
#6723 = SURFACE_STYLE_USAGE ( .BOTH. , #5148 ) ;
#6724 = SURFACE_STYLE_FILL_AREA ( #7284 ) ;
#6725 = CARTESIAN_POINT ( 'NONE',  ( -10.70000000000006700, -55.99999999999997900, 18.99999999999999600 ) ) ;
#6726 = CARTESIAN_POINT ( 'NONE',  ( -8.700000000000214200, -75.99999999999998600, 19.99999999999999600 ) ) ;
#6727 = COLOUR_RGB ( '',0.9098039215686274400, 0.4431372549019607600, 0.03137254901960784300 ) ;
#6728 = VERTEX_POINT ( 'NONE', #7779 ) ;
#6729 = ORIENTED_EDGE ( 'NONE', *, *, #9097, .T. ) ;
#6730 = ADVANCED_FACE ( 'NONE', ( #1097 ), #7840, .T. ) ;
#6731 = EDGE_CURVE ( 'NONE', #4236, #9740, #5525, .T. ) ;
#6732 = VECTOR ( 'NONE', #72, 999.9999999999998900 ) ;
#6733 = UNCERTAINTY_MEASURE_WITH_UNIT (LENGTH_MEASURE( 1.000000000000000100E-005 ), #9235, 'distance_accuracy_value', 'NONE');
#6734 =( LENGTH_UNIT ( ) NAMED_UNIT ( * ) SI_UNIT ( .MILLI., .METRE. ) );
#6735 = CIRCLE ( 'NONE', #10021, 16.50000000000000000 ) ;
#6736 = SURFACE_STYLE_FILL_AREA ( #2964 ) ;
#6737 =( GEOMETRIC_REPRESENTATION_CONTEXT ( 3 ) GLOBAL_UNCERTAINTY_ASSIGNED_CONTEXT ( ( #9792 ) ) GLOBAL_UNIT_ASSIGNED_CONTEXT ( ( #2692, #8956, #4255 ) ) REPRESENTATION_CONTEXT ( 'NONE', 'WORKASPACE' ) );
#6738 = DIRECTION ( 'NONE',  ( -0.0000000000000000000, -1.000000000000000000, -0.0000000000000000000 ) ) ;
#6739 = CARTESIAN_POINT ( 'NONE',  ( -12.55124549639640600, 16.00000000000000000, -10.71056658114728300 ) ) ;
#6740 = ORIENTED_EDGE ( 'NONE', *, *, #4684, .T. ) ;
#6741 = DIRECTION ( 'NONE',  ( 0.0000000000000000000, 0.0000000000000000000, 1.000000000000000000 ) ) ;
#6742 = PRESENTATION_STYLE_ASSIGNMENT (( #3909 ) ) ;
#6743 = CARTESIAN_POINT ( 'NONE',  ( -3.000000000000093700, 0.0000000000000000000, 1.622824212190862500E-014 ) ) ;
#6744 = EDGE_LOOP ( 'NONE', ( #5590, #4597, #3883, #6884 ) ) ;
#6745 = CARTESIAN_POINT ( 'NONE',  ( -57.00000000000005000, -5.999999999999980500, 24.00000000000000000 ) ) ;
#6746 = MECHANICAL_DESIGN_GEOMETRIC_PRESENTATION_REPRESENTATION (  '', ( #2353 ), #2895 ) ;
#6747 = FACE_OUTER_BOUND ( 'NONE', #4088, .T. ) ;
#6748 = EDGE_CURVE ( 'NONE', #5019, #3067, #7355, .T. ) ;
#6749 = AXIS2_PLACEMENT_3D ( 'NONE', #7290, #2519, #3352 ) ;
#6750 = DIRECTION ( 'NONE',  ( 0.0000000000000000000, 0.0000000000000000000, 1.000000000000000000 ) ) ;
#6751 = CIRCLE ( 'NONE', #6890, 4.549999999999998900 ) ;
#6752 = EDGE_CURVE ( 'NONE', #4239, #9411, #7102, .T. ) ;
#6753 = FILL_AREA_STYLE ('',( #5319 ) ) ;
#6754 = SURFACE_SIDE_STYLE ('',( #8841 ) ) ;
#6755 = LINE ( 'NONE', #4865, #8461 ) ;
#6756 = CARTESIAN_POINT ( 'NONE',  ( 3.000000000000000000, 16.00000000000000000, -16.22498073958795200 ) ) ;
#6757 = AXIS2_PLACEMENT_3D ( 'NONE', #7104, #3166, #4654 ) ;
#6758 = EDGE_LOOP ( 'NONE', ( #8528, #2774, #7688, #3773, #7085 ) ) ;
#6759 = ORIENTED_EDGE ( 'NONE', *, *, #70, .F. ) ;
#6760 = EDGE_CURVE ( 'NONE', #3294, #10019, #2276, .T. ) ;
#6761 =( GEOMETRIC_REPRESENTATION_CONTEXT ( 3 ) GLOBAL_UNCERTAINTY_ASSIGNED_CONTEXT ( ( #1073 ) ) GLOBAL_UNIT_ASSIGNED_CONTEXT ( ( #7893, #7800, #9396 ) ) REPRESENTATION_CONTEXT ( 'NONE', 'WORKASPACE' ) );
#6762 = CARTESIAN_POINT ( 'NONE',  ( 2.598076211353328400, 16.00000000000000000, -1.500000000000012400 ) ) ;
#6763 = VECTOR ( 'NONE', #1000, 1000.000000000000100 ) ;
#6764 = FILL_AREA_STYLE_COLOUR ( '', #3928 ) ;
#6765 = ORIENTED_EDGE ( 'NONE', *, *, #1091, .T. ) ;
#6766 = DIRECTION ( 'NONE',  ( 0.7071067811865435800, -0.7071067811865514600, 0.0000000000000000000 ) ) ;
#6767 =( NAMED_UNIT ( * ) PLANE_ANGLE_UNIT ( ) SI_UNIT ( $, .RADIAN. ) );
#6768 = CARTESIAN_POINT ( 'NONE',  ( 11.47219588600274400, 0.0000000000000000000, 13.87042614893939100 ) ) ;
#6769 = AXIS2_PLACEMENT_3D ( 'NONE', #8019, #7986, #3199 ) ;
#6770 = DIRECTION ( 'NONE',  ( 0.0000000000000000000, 0.0000000000000000000, 1.000000000000000000 ) ) ;
#6771 =( NAMED_UNIT ( * ) PLANE_ANGLE_UNIT ( ) SI_UNIT ( $, .RADIAN. ) );
#6772 = EDGE_LOOP ( 'NONE', ( #2648, #2748, #3323, #3873 ) ) ;
#6773 = VECTOR ( 'NONE', #3668, 1000.000000000000000 ) ;
#6774 = CYLINDRICAL_SURFACE ( 'NONE', #1861, 18.00000000000000000 ) ;
#6775 = ADVANCED_FACE ( 'NONE', ( #736 ), #7847, .F. ) ;
#6776 = CARTESIAN_POINT ( 'NONE',  ( -1.499999999999982500, 16.00000000000000000, -2.598076211353267200 ) ) ;
#6777 = CARTESIAN_POINT ( 'NONE',  ( 99.99999999999994300, -169.9999999999999700, -5.000000000000004400 ) ) ;
#6778 =( LENGTH_UNIT ( ) NAMED_UNIT ( * ) SI_UNIT ( .MILLI., .METRE. ) );
#6779 = SURFACE_STYLE_FILL_AREA ( #7713 ) ;
#6780 = VECTOR ( 'NONE', #3555, 1000.000000000000100 ) ;
#6781 = DIRECTION ( 'NONE',  ( 0.0000000000000000000, 0.0000000000000000000, 1.000000000000000000 ) ) ;
#6782 = PRESENTATION_STYLE_ASSIGNMENT (( #2551 ) ) ;
#6783 = COLOUR_RGB ( '',0.2823529411764705800, 0.6627450980392156600, 0.3254901960784313800 ) ;
#6784 = UNCERTAINTY_MEASURE_WITH_UNIT (LENGTH_MEASURE( 1.000000000000000100E-005 ), #679, 'distance_accuracy_value', 'NONE');
#6785 = FILL_AREA_STYLE_COLOUR ( '', #7273 ) ;
#6786 = DIRECTION ( 'NONE',  ( 0.0000000000000000000, 0.0000000000000000000, 1.000000000000000000 ) ) ;
#6787 = AXIS2_PLACEMENT_3D ( 'NONE', #8263, #8293, #5900 ) ;
#6788 = VERTEX_POINT ( 'NONE', #3840 ) ;
#6789 = CARTESIAN_POINT ( 'NONE',  ( -50.25000000000000000, -13.99999999999999800, 22.00000000000000000 ) ) ;
#6790 = ORIENTED_EDGE ( 'NONE', *, *, #9053, .T. ) ;
#6791 = UNCERTAINTY_MEASURE_WITH_UNIT (LENGTH_MEASURE( 1.000000000000000100E-005 ), #9279, 'distance_accuracy_value', 'NONE');
#6792 = ORIENTED_EDGE ( 'NONE', *, *, #7592, .F. ) ;
#6793 = DIRECTION ( 'NONE',  ( 1.000000000000000000, 0.0000000000000000000, 0.0000000000000000000 ) ) ;
#6794 = SURFACE_STYLE_USAGE ( .BOTH. , #2796 ) ;
#6795 = DIRECTION ( 'NONE',  ( 0.0000000000000000000, -0.7071067811865514600, -0.7071067811865435800 ) ) ;
#6796 = ADVANCED_FACE ( 'NONE', ( #7953 ), #7747, .F. ) ;
#6797 = PLANE ( 'NONE',  #5628 ) ;
#6798 =( GEOMETRIC_REPRESENTATION_CONTEXT ( 3 ) GLOBAL_UNCERTAINTY_ASSIGNED_CONTEXT ( ( #4117 ) ) GLOBAL_UNIT_ASSIGNED_CONTEXT ( ( #425, #8344, #6706 ) ) REPRESENTATION_CONTEXT ( 'NONE', 'WORKASPACE' ) );
#6799 = EDGE_LOOP ( 'NONE', ( #7433, #10136, #6649, #982 ) ) ;
#6800 = EDGE_CURVE ( 'NONE', #7356, #1481, #9176, .T. ) ;
#6801 =( GEOMETRIC_REPRESENTATION_CONTEXT ( 3 ) GLOBAL_UNCERTAINTY_ASSIGNED_CONTEXT ( ( #270 ) ) GLOBAL_UNIT_ASSIGNED_CONTEXT ( ( #486, #1292, #4499 ) ) REPRESENTATION_CONTEXT ( 'NONE', 'WORKASPACE' ) );
#6802 = CARTESIAN_POINT ( 'NONE',  ( -10.70000000000006700, -55.99999999999997900, 19.99999999999999600 ) ) ;
#6803 = DIRECTION ( 'NONE',  ( 0.0000000000000000000, 0.0000000000000000000, -1.000000000000000000 ) ) ;
#6804 = FACE_OUTER_BOUND ( 'NONE', #9613, .T. ) ;
#6805 = EDGE_CURVE ( 'NONE', #9294, #417, #6124, .T. ) ;
#6806 = DIRECTION ( 'NONE',  ( 1.000000000000000000, 2.538619720941669000E-016, 0.0000000000000000000 ) ) ;
#6807 = ORIENTED_EDGE ( 'NONE', *, *, #8710, .F. ) ;
#6808 = DIRECTION ( 'NONE',  ( -0.0000000000000000000, -0.0000000000000000000, -1.000000000000000000 ) ) ;
#6809 = CYLINDRICAL_SURFACE ( 'NONE', #5971, 4.999999999999997300 ) ;
#6810 = COLOUR_RGB ( '',0.9098039215686274400, 0.4431372549019607600, 0.03137254901960784300 ) ;
#6811 = ORIENTED_EDGE ( 'NONE', *, *, #9934, .T. ) ;
#6812 = DIRECTION ( 'NONE',  ( -0.0000000000000000000, -1.000000000000000000, -0.0000000000000000000 ) ) ;
#6813 = SURFACE_STYLE_FILL_AREA ( #4592 ) ;
#6814 = CARTESIAN_POINT ( 'NONE',  ( 0.0000000000000000000, 18.00000000000000400, 0.0000000000000000000 ) ) ;
#6815 = PRESENTATION_LAYER_ASSIGNMENT (  '', '', ( #8056 ) ) ;
#6816 = EDGE_LOOP ( 'NONE', ( #9588, #10003, #7761, #10040 ) ) ;
#6817 = ORIENTED_EDGE ( 'NONE', *, *, #4209, .F. ) ;
#6818 = EDGE_CURVE ( 'NONE', #3874, #5889, #1686, .T. ) ;
#6819 =( GEOMETRIC_REPRESENTATION_CONTEXT ( 3 ) GLOBAL_UNCERTAINTY_ASSIGNED_CONTEXT ( ( #2220 ) ) GLOBAL_UNIT_ASSIGNED_CONTEXT ( ( #5388, #6052, #10007 ) ) REPRESENTATION_CONTEXT ( 'NONE', 'WORKASPACE' ) );
#6820 = LINE ( 'NONE', #1029, #8647 ) ;
#6821 = PLANE ( 'NONE',  #6456 ) ;
#6822 = ORIENTED_EDGE ( 'NONE', *, *, #5442, .T. ) ;
#6823 = ADVANCED_FACE ( 'NONE', ( #9787, #9296 ), #2379, .T. ) ;
#6824 = DIRECTION ( 'NONE',  ( -0.5000000000000013300, 0.0000000000000000000, -0.8660254037844380400 ) ) ;
#6825 = ORIENTED_EDGE ( 'NONE', *, *, #3681, .F. ) ;
#6826 = COLOUR_RGB ( '',1.000000000000000000, 1.000000000000000000, 1.000000000000000000 ) ;
#6827 = CIRCLE ( 'NONE', #7238, 6.000000000000005300 ) ;
#6828 = EDGE_LOOP ( 'NONE', ( #7935, #1629, #3740, #7582 ) ) ;
#6829 = FILL_AREA_STYLE ('',( #1338 ) ) ;
#6830 = DIRECTION ( 'NONE',  ( 0.0000000000000000000, 0.0000000000000000000, 1.000000000000000000 ) ) ;
#6831 = AXIS2_PLACEMENT_3D ( 'NONE', #3585, #5088, #4386 ) ;
#6832 = LINE ( 'NONE', #6217, #588 ) ;
#6833 = VERTEX_POINT ( 'NONE', #2446 ) ;
#6834 = VERTEX_POINT ( 'NONE', #2409 ) ;
#6835 = EDGE_CURVE ( 'NONE', #6111, #432, #5141, .T. ) ;
#6836 = SURFACE_STYLE_FILL_AREA ( #5711 ) ;
#6837 = DIRECTION ( 'NONE',  ( -0.0000000000000000000, -1.000000000000000000, -0.0000000000000000000 ) ) ;
#6838 = LINE ( 'NONE', #32, #1792 ) ;
#6839 = EDGE_LOOP ( 'NONE', ( #4674, #3109, #2892, #8827 ) ) ;
#6840 = ORIENTED_EDGE ( 'NONE', *, *, #2302, .F. ) ;
#6841 = DIRECTION ( 'NONE',  ( -0.0000000000000000000, -1.000000000000000000, -0.0000000000000000000 ) ) ;
#6842 = SURFACE_SIDE_STYLE ('',( #1805 ) ) ;
#6843 = VERTEX_POINT ( 'NONE', #1692 ) ;
#6844 = CARTESIAN_POINT ( 'NONE',  ( -3.000000000000000000, 16.00000000000000000, 0.0000000000000000000 ) ) ;
#6845 = VERTEX_POINT ( 'NONE', #3221 ) ;
#6846 = SURFACE_STYLE_FILL_AREA ( #4343 ) ;
#6847 = LINE ( 'NONE', #427, #6224 ) ;
#6848 = DIRECTION ( 'NONE',  ( -1.000000000000000000, 0.0000000000000000000, 0.0000000000000000000 ) ) ;
#6849 =( NAMED_UNIT ( * ) SI_UNIT ( $, .STERADIAN. ) SOLID_ANGLE_UNIT ( ) );
#6850 = CARTESIAN_POINT ( 'NONE',  ( 0.0000000000000000000, 16.00000000000000000, 0.0000000000000000000 ) ) ;
#6851 = VECTOR ( 'NONE', #10135, 1000.000000000000000 ) ;
#6852 = MECHANICAL_DESIGN_GEOMETRIC_PRESENTATION_REPRESENTATION (  '', ( #1707 ), #545 ) ;
#6853 = ORIENTED_EDGE ( 'NONE', *, *, #5565, .F. ) ;
#6854 = DIRECTION ( 'NONE',  ( 0.0000000000000000000, -0.9973337235915658000, 0.07297563831157799500 ) ) ;
#6855 = EDGE_LOOP ( 'NONE', ( #5413, #9566, #3430, #6944, #7045, #148, #7322, #6949 ) ) ;
#6856 = ORIENTED_EDGE ( 'NONE', *, *, #1922, .F. ) ;
#6857 = ADVANCED_BREP_SHAPE_REPRESENTATION ( '', ( #232, #9592 ), #5076 ) ;
#6858 = UNCERTAINTY_MEASURE_WITH_UNIT (LENGTH_MEASURE( 1.000000000000000100E-005 ), #5895, 'distance_accuracy_value', 'NONE');
#6859 = FILL_AREA_STYLE ('',( #6007 ) ) ;
#6860 = FILL_AREA_STYLE ('',( #6785 ) ) ;
#6861 = LINE ( 'NONE', #9919, #978 ) ;
#6862 = DIRECTION ( 'NONE',  ( 0.0000000000000000000, 0.0000000000000000000, -1.000000000000000000 ) ) ;
#6863 = ORIENTED_EDGE ( 'NONE', *, *, #2626, .F. ) ;
#6864 = EDGE_LOOP ( 'NONE', ( #4661, #5276, #2935, #2298 ) ) ;
#6865 = PLANE ( 'NONE',  #3845 ) ;
#6866 = VECTOR ( 'NONE', #4503, 1000.000000000000000 ) ;
#6867 = PRESENTATION_STYLE_ASSIGNMENT (( #6496 ) ) ;
#6868 = AXIS2_PLACEMENT_3D ( 'NONE', #5404, #6138, #2284 ) ;
#6869 = SURFACE_STYLE_USAGE ( .BOTH. , #2795 ) ;
#6870 = EDGE_CURVE ( 'NONE', #7184, #857, #4879, .T. ) ;
#6871 = DIRECTION ( 'NONE',  ( 0.0000000000000000000, 0.0000000000000000000, -1.000000000000000000 ) ) ;
#6872 = LINE ( 'NONE', #3644, #6373 ) ;
#6873 = DIRECTION ( 'NONE',  ( 0.0000000000000000000, -0.9924997185854459400, 0.1222469165574757400 ) ) ;
#6874 = LINE ( 'NONE', #7204, #4897 ) ;
#6875 = CARTESIAN_POINT ( 'NONE',  ( -6.276043463296116600, 16.00000000000000000, -16.87042614893939800 ) ) ;
#6876 = ADVANCED_FACE ( 'NONE', ( #727 ), #8746, .F. ) ;
#6877 = STYLED_ITEM ( 'NONE', ( #8999 ), #4124 ) ;
#6878 = EDGE_CURVE ( 'NONE', #6450, #4740, #8793, .T. ) ;
#6879 = AXIS2_PLACEMENT_3D ( 'NONE', #812, #1554, #4694 ) ;
#6880 = CARTESIAN_POINT ( 'NONE',  ( -19.99999999999998900, -164.8038475772933700, -5.000000000000004400 ) ) ;
#6881 = CARTESIAN_POINT ( 'NONE',  ( -36.99999999999995000, 119.9999999999999700, 7.999999999999998200 ) ) ;
#6882 = FACE_OUTER_BOUND ( 'NONE', #4495, .T. ) ;
#6883 = LINE ( 'NONE', #7373, #8705 ) ;
#6884 = ORIENTED_EDGE ( 'NONE', *, *, #6333, .T. ) ;
#6885 = ORIENTED_EDGE ( 'NONE', *, *, #5390, .F. ) ;
#6886 =( NAMED_UNIT ( * ) SI_UNIT ( $, .STERADIAN. ) SOLID_ANGLE_UNIT ( ) );
#6887 =( NAMED_UNIT ( * ) PLANE_ANGLE_UNIT ( ) SI_UNIT ( $, .RADIAN. ) );
#6888 =( NAMED_UNIT ( * ) PLANE_ANGLE_UNIT ( ) SI_UNIT ( $, .RADIAN. ) );
#6889 = COLOUR_RGB ( '',1.000000000000000000, 1.000000000000000000, 1.000000000000000000 ) ;
#6890 = AXIS2_PLACEMENT_3D ( 'NONE', #2722, #5919, #5222 ) ;
#6891 = ORIENTED_EDGE ( 'NONE', *, *, #9859, .T. ) ;
#6892 = ORIENTED_EDGE ( 'NONE', *, *, #250, .T. ) ;
#6893 = FACE_OUTER_BOUND ( 'NONE', #715, .T. ) ;
#6894 = CIRCLE ( 'NONE', #4834, 3.000000000000002700 ) ;
#6895 = EDGE_CURVE ( 'NONE', #1388, #5479, #2776, .T. ) ;
#6896 = AXIS2_PLACEMENT_3D ( 'NONE', #1142, #7584, #416 ) ;
#6897 = CARTESIAN_POINT ( 'NONE',  ( -5.123298599248370700E-015, 18.00000000000000400, -14.00000000000000000 ) ) ;
#6898 = PLANE ( 'NONE',  #8838 ) ;
#6899 = LINE ( 'NONE', #9802, #8373 ) ;
#6900 = ADVANCED_FACE ( 'NONE', ( #8322 ), #7908, .T. ) ;
#6901 = CARTESIAN_POINT ( 'NONE',  ( 2.999999999999996400, 20.00000000000000000, -3.673940397442055400E-016 ) ) ;
#6902 = SURFACE_STYLE_FILL_AREA ( #8357 ) ;
#6903 = DIRECTION ( 'NONE',  ( 0.0000000000000000000, 0.7071067811865514600, 0.7071067811865435800 ) ) ;
#6904 = PLANE ( 'NONE',  #5189 ) ;
#6905 = MECHANICAL_DESIGN_GEOMETRIC_PRESENTATION_REPRESENTATION (  '', ( #7296 ), #5146 ) ;
#6906 = AXIS2_PLACEMENT_3D ( 'NONE', #75, #9472, #4648 ) ;
#6907 = CARTESIAN_POINT ( 'NONE',  ( 118.0000000000000600, 114.0000000000000000, 18.00000000000000000 ) ) ;
#6908 = VERTEX_POINT ( 'NONE', #8688 ) ;
#6909 = FACE_BOUND ( 'NONE', #4864, .T. ) ;
#6910 = UNCERTAINTY_MEASURE_WITH_UNIT (LENGTH_MEASURE( 1.000000000000000100E-005 ), #10072, 'distance_accuracy_value', 'NONE');
#6911 =( NAMED_UNIT ( * ) SI_UNIT ( $, .STERADIAN. ) SOLID_ANGLE_UNIT ( ) );
#6912 = PLANE ( 'NONE',  #131 ) ;
#6913 = DIRECTION ( 'NONE',  ( -0.0000000000000000000, -1.000000000000000000, -0.0000000000000000000 ) ) ;
#6914 = DIRECTION ( 'NONE',  ( -2.670659718465574800E-016, 0.0000000000000000000, 1.000000000000000000 ) ) ;
#6915 = COLOUR_RGB ( '',0.9098039215686274400, 0.4431372549019607600, 0.03137254901960784300 ) ;
#6916 = PLANE ( 'NONE',  #3831 ) ;
#6917 = SURFACE_STYLE_FILL_AREA ( #8665 ) ;
#6918 = VERTEX_POINT ( 'NONE', #7878 ) ;
#6919 = EDGE_CURVE ( 'NONE', #1090, #5929, #10069, .T. ) ;
#6920 = DIRECTION ( 'NONE',  ( -0.0000000000000000000, -1.000000000000000000, -0.0000000000000000000 ) ) ;
#6921 = DIRECTION ( 'NONE',  ( -0.0000000000000000000, -1.000000000000000000, -0.0000000000000000000 ) ) ;
#6922 = AXIS2_PLACEMENT_3D ( 'NONE', #5924, #5952, #3558 ) ;
#6923 = EDGE_LOOP ( 'NONE', ( #7627, #5487, #6430, #1517, #7197 ) ) ;
#6924 = FACE_OUTER_BOUND ( 'NONE', #963, .T. ) ;
#6925 = ORIENTED_EDGE ( 'NONE', *, *, #894, .T. ) ;
#6926 = STYLED_ITEM ( 'NONE', ( #2559 ), #5960 ) ;
#6927 = VERTEX_POINT ( 'NONE', #7152 ) ;
#6928 = ADVANCED_FACE ( 'NONE', ( #7029 ), #107, .F. ) ;
#6929 = EDGE_LOOP ( 'NONE', ( #6719, #8911, #7089, #4049 ) ) ;
#6930 =( LENGTH_UNIT ( ) NAMED_UNIT ( * ) SI_UNIT ( .MILLI., .METRE. ) );
#6931 = ORIENTED_EDGE ( 'NONE', *, *, #3345, .F. ) ;
#6932 = COLOUR_RGB ( '',1.000000000000000000, 1.000000000000000000, 1.000000000000000000 ) ;
#6933 = CARTESIAN_POINT ( 'NONE',  ( -53.70000000000021600, -75.99999999999998600, 18.00000000000000000 ) ) ;
#6934 = ORIENTED_EDGE ( 'NONE', *, *, #2414, .F. ) ;
#6935 = SURFACE_STYLE_FILL_AREA ( #8878 ) ;
#6936 = ORIENTED_EDGE ( 'NONE', *, *, #5531, .F. ) ;
#6937 = LINE ( 'NONE', #5819, #7438 ) ;
#6938 = STYLED_ITEM ( 'NONE', ( #77 ), #3461 ) ;
#6939 = LINE ( 'NONE', #4040, #3961 ) ;
#6940 = VERTEX_POINT ( 'NONE', #8656 ) ;
#6941 = DIRECTION ( 'NONE',  ( -0.0000000000000000000, -1.000000000000000000, -0.0000000000000000000 ) ) ;
#6942 = EDGE_CURVE ( 'NONE', #7315, #5259, #4682, .T. ) ;
#6943 = PRESENTATION_LAYER_ASSIGNMENT (  '', '', ( #5698 ) ) ;
#6944 = ORIENTED_EDGE ( 'NONE', *, *, #2093, .T. ) ;
#6945 = FILL_AREA_STYLE_COLOUR ( '', #2587 ) ;
#6946 = EDGE_CURVE ( 'NONE', #7311, #7510, #2569, .T. ) ;
#6947 = CARTESIAN_POINT ( 'NONE',  ( -16.87042614893940500, 16.00000000000000000, -6.276043463296096200 ) ) ;
#6948 = FACE_OUTER_BOUND ( 'NONE', #8992, .T. ) ;
#6949 = ORIENTED_EDGE ( 'NONE', *, *, #555, .T. ) ;
#6950 = ORIENTED_EDGE ( 'NONE', *, *, #3546, .F. ) ;
#6951 = COLOUR_RGB ( '',0.9098039215686274400, 0.4431372549019607600, 0.03137254901960784300 ) ;
#6952 = CARTESIAN_POINT ( 'NONE',  ( -38.70000000000000300, -74.00000000000000000, 19.99999999999999600 ) ) ;
#6953 = ORIENTED_EDGE ( 'NONE', *, *, #9510, .T. ) ;
#6954 = DIRECTION ( 'NONE',  ( -0.7071067811865462400, 0.7071067811865489100, 0.0000000000000000000 ) ) ;
#6955 = DIRECTION ( 'NONE',  ( -1.000000000000000000, -1.734723475976807100E-016, 0.0000000000000000000 ) ) ;
#6956 = DIRECTION ( 'NONE',  ( 1.000000000000000000, 0.0000000000000000000, -0.0000000000000000000 ) ) ;
#6957 = MECHANICAL_DESIGN_GEOMETRIC_PRESENTATION_REPRESENTATION (  '', ( #6413 ), #4156 ) ;
#6958 = ADVANCED_FACE ( 'NONE', ( #6409 ), #4252, .T. ) ;
#6959 = DIRECTION ( 'NONE',  ( 1.000000000000000000, 0.0000000000000000000, -0.0000000000000000000 ) ) ;
#6960 = EDGE_CURVE ( 'NONE', #1402, #9034, #9352, .T. ) ;
#6961 = AXIS2_PLACEMENT_3D ( 'NONE', #3610, #9116, #4304 ) ;
#6962 =( NAMED_UNIT ( * ) SI_UNIT ( $, .STERADIAN. ) SOLID_ANGLE_UNIT ( ) );
#6963 = FILL_AREA_STYLE_COLOUR ( '', #9101 ) ;
#6964 = ORIENTED_EDGE ( 'NONE', *, *, #2225, .F. ) ;
#6965 = CARTESIAN_POINT ( 'NONE',  ( -45.70000000000000300, -67.99999999999998600, 20.00000000000000000 ) ) ;
#6966 = PRESENTATION_STYLE_ASSIGNMENT (( #7589 ) ) ;
#6967 = ORIENTED_EDGE ( 'NONE', *, *, #4700, .F. ) ;
#6968 = ORIENTED_EDGE ( 'NONE', *, *, #5633, .T. ) ;
#6969 = CARTESIAN_POINT ( 'NONE',  ( -47.70710678118676600, -59.70710678118670200, -9.908116907963261600 ) ) ;
#6970 = PRESENTATION_STYLE_ASSIGNMENT (( #8275 ) ) ;
#6971 = CYLINDRICAL_SURFACE ( 'NONE', #5130, 16.50000000000000000 ) ;
#6972 =( NAMED_UNIT ( * ) PLANE_ANGLE_UNIT ( ) SI_UNIT ( $, .RADIAN. ) );
#6973 = ORIENTED_EDGE ( 'NONE', *, *, #5517, .F. ) ;
#6974 = CARTESIAN_POINT ( 'NONE',  ( -55.00000000000005000, -6.999999999999995600, 43.00000000000000000 ) ) ;
#6975 = DIRECTION ( 'NONE',  ( 0.0000000000000000000, 1.000000000000000000, -0.0000000000000000000 ) ) ;
#6976 = STYLED_ITEM ( 'NONE', ( #830 ), #659 ) ;
#6977 = ORIENTED_EDGE ( 'NONE', *, *, #4942, .F. ) ;
#6978 = DIRECTION ( 'NONE',  ( -0.6785983445458431100, 0.2810846377148208400, -0.6785983445458506600 ) ) ;
#6979 = CARTESIAN_POINT ( 'NONE',  ( -37.00000000000011400, 114.9999999999999600, 0.9289321881344963000 ) ) ;
#6980 = SURFACE_STYLE_FILL_AREA ( #3123 ) ;
#6981 = VECTOR ( 'NONE', #8697, 1000.000000000000000 ) ;
#6982 = ORIENTED_EDGE ( 'NONE', *, *, #5820, .T. ) ;
#6983 = SURFACE_SIDE_STYLE ('',( #9288 ) ) ;
#6984 = CARTESIAN_POINT ( 'NONE',  ( -41.15000000000000600, -49.99999999999998600, 22.00000000000000000 ) ) ;
#6985 = ADVANCED_FACE ( 'NONE', ( #7770 ), #9683, .F. ) ;
#6986 = ORIENTED_EDGE ( 'NONE', *, *, #1025, .T. ) ;
#6987 = CARTESIAN_POINT ( 'NONE',  ( -2.999999999999994700, 18.00000000000000400, -14.00000000000000000 ) ) ;
#6988 = UNCERTAINTY_MEASURE_WITH_UNIT (LENGTH_MEASURE( 1.000000000000000100E-005 ), #957, 'distance_accuracy_value', 'NONE');
#6989 = DIRECTION ( 'NONE',  ( 0.0000000000000000000, 0.0000000000000000000, 1.000000000000000000 ) ) ;
#6990 = AXIS2_PLACEMENT_3D ( 'NONE', #9818, #9043, #6036 ) ;
#6991 =( NAMED_UNIT ( * ) SI_UNIT ( $, .STERADIAN. ) SOLID_ANGLE_UNIT ( ) );
#6992 = VERTEX_POINT ( 'NONE', #1880 ) ;
#6993 = DIRECTION ( 'NONE',  ( -0.7071067811865514600, -1.795075219531764900E-016, -0.7071067811865435800 ) ) ;
#6994 =( NAMED_UNIT ( * ) SI_UNIT ( $, .STERADIAN. ) SOLID_ANGLE_UNIT ( ) );
#6995 = DIRECTION ( 'NONE',  ( 1.000000000000000000, -1.982541115402065400E-016, 0.0000000000000000000 ) ) ;
#6996 = FACE_OUTER_BOUND ( 'NONE', #1865, .T. ) ;
#6997 = DIRECTION ( 'NONE',  ( 0.0000000000000000000, 0.0000000000000000000, 1.000000000000000000 ) ) ;
#6998 = DIRECTION ( 'NONE',  ( 0.8660254037844383700, 0.0000000000000000000, 0.5000000000000004400 ) ) ;
#6999 = PRESENTATION_LAYER_ASSIGNMENT (  '', '', ( #7457 ) ) ;
#7000 = COLOUR_RGB ( '',1.000000000000000000, 1.000000000000000000, 1.000000000000000000 ) ;
#7001 = EDGE_CURVE ( 'NONE', #3133, #350, #4808, .T. ) ;
#7002 = STYLED_ITEM ( 'NONE', ( #5896 ), #6324 ) ;
#7003 = CARTESIAN_POINT ( 'NONE',  ( -70.99999999999991500, -71.00000000000017100, 18.00000000000000000 ) ) ;
#7004 = CARTESIAN_POINT ( 'NONE',  ( -50.75735931288083700, -86.99999999999995700, 29.92682926829268200 ) ) ;
#7005 = EDGE_CURVE ( 'NONE', #5171, #3992, #169, .T. ) ;
#7006 = DIRECTION ( 'NONE',  ( 0.0000000000000000000, 0.0000000000000000000, -1.000000000000000000 ) ) ;
#7007 = ORIENTED_EDGE ( 'NONE', *, *, #2073, .F. ) ;
#7008 = ADVANCED_FACE ( 'NONE', ( #2705 ), #204, .F. ) ;
#7009 = VERTEX_POINT ( 'NONE', #8039 ) ;
#7010 = CARTESIAN_POINT ( 'NONE',  ( 3.000000000000000000, 16.00000000000000000, -17.74823934929884600 ) ) ;
#7011 = FILL_AREA_STYLE_COLOUR ( '', #6915 ) ;
#7012 = ORIENTED_EDGE ( 'NONE', *, *, #9884, .T. ) ;
#7013 = DIRECTION ( 'NONE',  ( -0.4999999999999999400, 0.0000000000000000000, 0.8660254037844387100 ) ) ;
#7014 = FILL_AREA_STYLE_COLOUR ( '', #3953 ) ;
#7015 = VECTOR ( 'NONE', #8107, 1000.000000000000000 ) ;
#7016 = EDGE_CURVE ( 'NONE', #9905, #6908, #6050, .T. ) ;
#7017 = SURFACE_SIDE_STYLE ('',( #9747 ) ) ;
#7018 = SURFACE_STYLE_USAGE ( .BOTH. , #450 ) ;
#7019 = FILL_AREA_STYLE_COLOUR ( '', #4616 ) ;
#7020 = CARTESIAN_POINT ( 'NONE',  ( 234.3182845561461200, 16.56092524326536300, 22.34920059195619000 ) ) ;
#7021 = EDGE_LOOP ( 'NONE', ( #1013, #563, #8392, #2632 ) ) ;
#7022 = LINE ( 'NONE', #5405, #2942 ) ;
#7023 = DIRECTION ( 'NONE',  ( 0.0000000000000000000, 1.000000000000000000, 0.0000000000000000000 ) ) ;
#7024 = PLANE ( 'NONE',  #9156 ) ;
#7025 =( NAMED_UNIT ( * ) SI_UNIT ( $, .STERADIAN. ) SOLID_ANGLE_UNIT ( ) );
#7026 = PRESENTATION_STYLE_ASSIGNMENT (( #6196 ) ) ;
#7027 = MECHANICAL_DESIGN_GEOMETRIC_PRESENTATION_REPRESENTATION (  '', ( #2443 ), #1571 ) ;
#7028 = CARTESIAN_POINT ( 'NONE',  ( 16.87042614893939800, 0.0000000000000000000, -6.276043463296108600 ) ) ;
#7029 = FACE_OUTER_BOUND ( 'NONE', #8825, .T. ) ;
#7030 = EDGE_CURVE ( 'NONE', #7349, #380, #4176, .T. ) ;
#7031 =( NAMED_UNIT ( * ) SI_UNIT ( $, .STERADIAN. ) SOLID_ANGLE_UNIT ( ) );
#7032 = VECTOR ( 'NONE', #2535, 1000.000000000000100 ) ;
#7033 = CIRCLE ( 'NONE', #3083, 20.50000000000000000 ) ;
#7034 =( NAMED_UNIT ( * ) PLANE_ANGLE_UNIT ( ) SI_UNIT ( $, .RADIAN. ) );
#7035 = LINE ( 'NONE', #9925, #2713 ) ;
#7036 = VERTEX_POINT ( 'NONE', #6712 ) ;
#7037 = UNCERTAINTY_MEASURE_WITH_UNIT (LENGTH_MEASURE( 1.000000000000000100E-005 ), #5237, 'distance_accuracy_value', 'NONE');
#7038 = ORIENTED_EDGE ( 'NONE', *, *, #2714, .T. ) ;
#7040 = VERTEX_POINT ( 'NONE', #9839 ) ;
#7039 = AXIS2_PLACEMENT_3D ( 'NONE', #6965, #7880, #1627 ) ;
#7041 = FILL_AREA_STYLE_COLOUR ( '', #6114 ) ;
#7043 = CARTESIAN_POINT ( 'NONE',  ( 135.0000000000000000, 22.99999999999995400, 2.999999999999863200 ) ) ;
#7042 = VECTOR ( 'NONE', #4460, 1000.000000000000100 ) ;
#7044 = LINE ( 'NONE', #1418, #9369 ) ;
#7045 = ORIENTED_EDGE ( 'NONE', *, *, #6800, .T. ) ;
#7046 = FILL_AREA_STYLE ('',( #6358 ) ) ;
#7047 = DIRECTION ( 'NONE',  ( 0.6785983445458447800, -0.2810846377148218900, 0.6785983445458486600 ) ) ;
#7048 = COLOUR_RGB ( '',0.7921568627450980000, 0.8196078431372548800, 0.9333333333333333500 ) ;
#7049 = ADVANCED_FACE ( 'NONE', ( #1972 ), #1977, .F. ) ;
#7050 = COLOUR_RGB ( '',1.000000000000000000, 1.000000000000000000, 1.000000000000000000 ) ;
#7051 = FILL_AREA_STYLE_COLOUR ( '', #6951 ) ;
#7052 = EDGE_LOOP ( 'NONE', ( #1177, #6549, #6986, #5638 ) ) ;
#7053 = EDGE_CURVE ( 'NONE', #9411, #9626, #3390, .T. ) ;
#7054 = DIRECTION ( 'NONE',  ( -3.304235192336776600E-017, -1.000000000000000000, 0.0000000000000000000 ) ) ;
#7055 =( NAMED_UNIT ( * ) PLANE_ANGLE_UNIT ( ) SI_UNIT ( $, .RADIAN. ) );
#7056 = STYLED_ITEM ( 'NONE', ( #2381 ), #2833 ) ;
#7057 = ORIENTED_EDGE ( 'NONE', *, *, #5359, .F. ) ;
#7058 =( GEOMETRIC_REPRESENTATION_CONTEXT ( 3 ) GLOBAL_UNCERTAINTY_ASSIGNED_CONTEXT ( ( #9676 ) ) GLOBAL_UNIT_ASSIGNED_CONTEXT ( ( #6139, #3806, #1500 ) ) REPRESENTATION_CONTEXT ( 'NONE', 'WORKASPACE' ) );
#7059 = FACE_BOUND ( 'NONE', #1028, .T. ) ;
#7060 = EDGE_CURVE ( 'NONE', #3605, #7282, #2270, .T. ) ;
#7061 = ORIENTED_EDGE ( 'NONE', *, *, #2355, .F. ) ;
#7062 = DIRECTION ( 'NONE',  ( 0.0000000000000000000, 1.000000000000000000, 0.0000000000000000000 ) ) ;
#7063 = ORIENTED_EDGE ( 'NONE', *, *, #9350, .T. ) ;
#7064 = CYLINDRICAL_SURFACE ( 'NONE', #3860, 20.50000000000000000 ) ;
#7065 = ORIENTED_EDGE ( 'NONE', *, *, #6383, .F. ) ;
#7066 = CARTESIAN_POINT ( 'NONE',  ( 0.0000000000000000000, 16.00000000000000000, 0.0000000000000000000 ) ) ;
#7067 = DIRECTION ( 'NONE',  ( 0.8660254037844387100, 0.0000000000000000000, 0.4999999999999999400 ) ) ;
#7068 = CARTESIAN_POINT ( 'NONE',  ( -45.70000000000000300, -49.99999999999998600, 22.00000000000000000 ) ) ;
#7069 =( NAMED_UNIT ( * ) PLANE_ANGLE_UNIT ( ) SI_UNIT ( $, .RADIAN. ) );
#7070 = STYLED_ITEM ( 'NONE', ( #6072 ), #3836 ) ;
#7071 =( NAMED_UNIT ( * ) PLANE_ANGLE_UNIT ( ) SI_UNIT ( $, .RADIAN. ) );
#7072 = ORIENTED_EDGE ( 'NONE', *, *, #2225, .T. ) ;
#7073 = EDGE_CURVE ( 'NONE', #841, #6728, #4120, .T. ) ;
#7074 = AXIS2_PLACEMENT_3D ( 'NONE', #7846, #8521, #5401 ) ;
#7075 = EDGE_LOOP ( 'NONE', ( #2520, #4693, #7994, #5145 ) ) ;
#7076 = EDGE_CURVE ( 'NONE', #5600, #1690, #7835, .T. ) ;
#7077 = CARTESIAN_POINT ( 'NONE',  ( -45.70000000000000300, -67.99999999999998600, 22.00000000000000000 ) ) ;
#7078 = DIRECTION ( 'NONE',  ( -0.5000000000000010000, 0.0000000000000000000, -0.8660254037844381500 ) ) ;
#7079 = FACE_OUTER_BOUND ( 'NONE', #9735, .T. ) ;
#7080 = LINE ( 'NONE', #8214, #3504 ) ;
#7081 = ORIENTED_EDGE ( 'NONE', *, *, #6013, .F. ) ;
#7082 = CARTESIAN_POINT ( 'NONE',  ( 1.499999999999998700, 16.00000000000000000, 2.598076211353314200 ) ) ;
#7083 = DIRECTION ( 'NONE',  ( -0.0000000000000000000, -1.000000000000000000, -0.0000000000000000000 ) ) ;
#7084 = COLOUR_RGB ( '',1.000000000000000000, 1.000000000000000000, 1.000000000000000000 ) ;
#7085 = ORIENTED_EDGE ( 'NONE', *, *, #1102, .T. ) ;
#7086 = EDGE_LOOP ( 'NONE', ( #2337, #6977, #7447, #9010 ) ) ;
#7087 = DIRECTION ( 'NONE',  ( 0.0000000000000000000, 0.0000000000000000000, -1.000000000000000000 ) ) ;
#7088 = AXIS2_PLACEMENT_3D ( 'NONE', #7493, #9801, #3553 ) ;
#7089 = ORIENTED_EDGE ( 'NONE', *, *, #4953, .T. ) ;
#7090 =( NAMED_UNIT ( * ) SI_UNIT ( $, .STERADIAN. ) SOLID_ANGLE_UNIT ( ) );
#7091 = EDGE_CURVE ( 'NONE', #1901, #8516, #6483, .T. ) ;
#7093 = ORIENTED_EDGE ( 'NONE', *, *, #5517, .T. ) ;
#7092 = STYLED_ITEM ( 'NONE', ( #8867 ), #8294 ) ;
#7094 = FILL_AREA_STYLE ('',( #8784 ) ) ;
#7095 = CARTESIAN_POINT ( 'NONE',  ( -2.598076211353307100, 16.00000000000000000, 1.499999999999998700 ) ) ;
#7096 = LINE ( 'NONE', #8252, #849 ) ;
#7097 = VECTOR ( 'NONE', #2775, 1000.000000000000000 ) ;
#7098 = VERTEX_POINT ( 'NONE', #4396 ) ;
#7099 = EDGE_LOOP ( 'NONE', ( #8036, #2903, #6311, #5387 ) ) ;
#7100 = VERTEX_POINT ( 'NONE', #5201 ) ;
#7101 = UNCERTAINTY_MEASURE_WITH_UNIT (LENGTH_MEASURE( 1.000000000000000100E-005 ), #7369, 'distance_accuracy_value', 'NONE');
#7102 = LINE ( 'NONE', #8487, #4256 ) ;
#7103 = DIRECTION ( 'NONE',  ( 0.0000000000000000000, 0.0000000000000000000, 1.000000000000000000 ) ) ;
#7104 = CARTESIAN_POINT ( 'NONE',  ( 0.0000000000000000000, 18.00000000000000400, 0.0000000000000000000 ) ) ;
#7105 = ORIENTED_EDGE ( 'NONE', *, *, #1982, .F. ) ;
#7106 = PRESENTATION_LAYER_ASSIGNMENT (  '', '', ( #7633 ) ) ;
#7107 = ADVANCED_FACE ( 'NONE', ( #7956 ), #368, .F. ) ;
#7108 = ORIENTED_EDGE ( 'NONE', *, *, #5452, .F. ) ;
#7109 = CARTESIAN_POINT ( 'NONE',  ( -30.00000000000008200, 14.99999999999998200, 15.00000000000000000 ) ) ;
#7110 = SURFACE_STYLE_FILL_AREA ( #2150 ) ;
#7111 = SURFACE_STYLE_USAGE ( .BOTH. , #2268 ) ;
#7112 = UNCERTAINTY_MEASURE_WITH_UNIT (LENGTH_MEASURE( 1.000000000000000100E-005 ), #7944, 'distance_accuracy_value', 'NONE');
#7113 = CARTESIAN_POINT ( 'NONE',  ( -45.70000000000000300, -67.99999999999998600, 22.00000000000000000 ) ) ;
#7114 = DIRECTION ( 'NONE',  ( 0.0000000000000000000, 0.0000000000000000000, 1.000000000000000000 ) ) ;
#7115 =( NAMED_UNIT ( * ) PLANE_ANGLE_UNIT ( ) SI_UNIT ( $, .RADIAN. ) );
#7116 = STYLED_ITEM ( 'NONE', ( #2712 ), #2178 ) ;
#7117 = SURFACE_STYLE_FILL_AREA ( #9739 ) ;
#7118 = MECHANICAL_DESIGN_GEOMETRIC_PRESENTATION_REPRESENTATION (  '', ( #6263 ), #7646 ) ;
#7119 = DIRECTION ( 'NONE',  ( -0.0000000000000000000, -0.0000000000000000000, -1.000000000000000000 ) ) ;
#7120 = DIRECTION ( 'NONE',  ( 0.0000000000000000000, 0.0000000000000000000, -1.000000000000000000 ) ) ;
#7121 = FILL_AREA_STYLE_COLOUR ( '', #2685 ) ;
#7122 = DIRECTION ( 'NONE',  ( -0.8660254037844380400, 0.0000000000000000000, 0.5000000000000013300 ) ) ;
#7123 = LINE ( 'NONE', #8157, #4906 ) ;
#7124 = SURFACE_STYLE_FILL_AREA ( #3255 ) ;
#7125 = ADVANCED_FACE ( 'NONE', ( #4883 ), #6244, .T. ) ;
#7126 = ORIENTED_EDGE ( 'NONE', *, *, #2772, .F. ) ;
#7127 = AXIS2_PLACEMENT_3D ( 'NONE', #5680, #135, #985 ) ;
#7128 = ORIENTED_EDGE ( 'NONE', *, *, #6415, .F. ) ;
#7129 = PLANE ( 'NONE',  #3149 ) ;
#7130 = EDGE_CURVE ( 'NONE', #6221, #9138, #8922, .T. ) ;
#7131 = CARTESIAN_POINT ( 'NONE',  ( -38.70000000000013100, -25.99999999999999600, 18.99999999999999600 ) ) ;
#7132 = CARTESIAN_POINT ( 'NONE',  ( 16.22498073958795200, 0.0000000000000000000, -3.000000000000000900 ) ) ;
#7133 = EDGE_CURVE ( 'NONE', #7459, #2608, #3634, .T. ) ;
#7134 = DIRECTION ( 'NONE',  ( 0.0000000000000000000, 1.000000000000000000, -0.0000000000000000000 ) ) ;
#7135 = ORIENTED_EDGE ( 'NONE', *, *, #2450, .T. ) ;
#7136 = LINE ( 'NONE', #73, #2936 ) ;
#7137 = DIRECTION ( 'NONE',  ( 0.0000000000000000000, 0.0000000000000000000, -1.000000000000000000 ) ) ;
#7138 = FILL_AREA_STYLE ('',( #4827 ) ) ;
#7139 = COLOUR_RGB ( '',0.9098039215686274400, 0.4431372549019607600, 0.03137254901960784300 ) ;
#7140 = CARTESIAN_POINT ( 'NONE',  ( 3.000000000000000000, 0.0000000000000000000, -0.0000000000000000000 ) ) ;
#7141 = VECTOR ( 'NONE', #5129, 1000.000000000000000 ) ;
#7142 = DIRECTION ( 'NONE',  ( -1.018207257638561400E-015, -1.000000000000000000, 0.0000000000000000000 ) ) ;
#7143 = AXIS2_PLACEMENT_3D ( 'NONE', #99, #4669, #2307 ) ;
#7144 = FACE_OUTER_BOUND ( 'NONE', #5471, .T. ) ;
#7145 = EDGE_CURVE ( 'NONE', #4555, #6645, #3148, .T. ) ;
#7146 = FILL_AREA_STYLE ('',( #860 ) ) ;
#7147 = EDGE_LOOP ( 'NONE', ( #9446, #943, #3734, #8587, #731 ) ) ;
#7148 = DIRECTION ( 'NONE',  ( 0.0000000000000000000, -0.0000000000000000000, -1.000000000000000000 ) ) ;
#7149 = LINE ( 'NONE', #9076, #3810 ) ;
#7150 = CARTESIAN_POINT ( 'NONE',  ( -50.70000000000000300, -13.99999999999999800, 22.00000000000000000 ) ) ;
#7151 = ORIENTED_EDGE ( 'NONE', *, *, #4354, .T. ) ;
#7152 = CARTESIAN_POINT ( 'NONE',  ( 129.9289321881345200, -84.99999999999998600, -35.00000000000000000 ) ) ;
#7153 =( NAMED_UNIT ( * ) SI_UNIT ( $, .STERADIAN. ) SOLID_ANGLE_UNIT ( ) );
#7154 = SURFACE_SIDE_STYLE ('',( #9857 ) ) ;
#7155 = COLOUR_RGB ( '',1.000000000000000000, 1.000000000000000000, 1.000000000000000000 ) ;
#7156 = MECHANICAL_DESIGN_GEOMETRIC_PRESENTATION_REPRESENTATION (  '', ( #4855 ), #9579 ) ;
#7157 = PRESENTATION_LAYER_ASSIGNMENT (  '', '', ( #9391 ) ) ;
#7158 = VECTOR ( 'NONE', #5191, 1000.000000000000000 ) ;
#7159 = LINE ( 'NONE', #9214, #5203 ) ;
#7160 = ORIENTED_EDGE ( 'NONE', *, *, #4157, .F. ) ;
#7162 = UNCERTAINTY_MEASURE_WITH_UNIT (LENGTH_MEASURE( 1.000000000000000100E-005 ), #1208, 'distance_accuracy_value', 'NONE');
#7161 = FILL_AREA_STYLE_COLOUR ( '', #9500 ) ;
#7163 =( LENGTH_UNIT ( ) NAMED_UNIT ( * ) SI_UNIT ( .MILLI., .METRE. ) );
#7164 = VERTEX_POINT ( 'NONE', #6157 ) ;
#7165 = SURFACE_SIDE_STYLE ('',( #7585 ) ) ;
#7166 = PRESENTATION_STYLE_ASSIGNMENT (( #5554 ) ) ;
#7167 = CARTESIAN_POINT ( 'NONE',  ( 135.0000000000000600, -8.568412586562285300, 30.26635325761315800 ) ) ;
#7168 = ORIENTED_EDGE ( 'NONE', *, *, #7091, .T. ) ;
#7169 = DIRECTION ( 'NONE',  ( -0.0000000000000000000, -1.000000000000000000, -0.0000000000000000000 ) ) ;
#7170 = ORIENTED_EDGE ( 'NONE', *, *, #7487, .T. ) ;
#7171 = DIRECTION ( 'NONE',  ( 0.0000000000000000000, 0.0000000000000000000, 1.000000000000000000 ) ) ;
#7172 = AXIS2_PLACEMENT_3D ( 'NONE', #9581, #9550, #8122 ) ;
#7173 = PRESENTATION_LAYER_ASSIGNMENT (  '', '', ( #9080 ) ) ;
#7174 =( NAMED_UNIT ( * ) SI_UNIT ( $, .STERADIAN. ) SOLID_ANGLE_UNIT ( ) );
#7175 = VERTEX_POINT ( 'NONE', #9935 ) ;
#7176 = LINE ( 'NONE', #1555, #5097 ) ;
#7177 = ADVANCED_FACE ( 'NONE', ( #2040 ), #2139, .T. ) ;
#7178 = CARTESIAN_POINT ( 'NONE',  ( 135.0000000000000000, -33.96446609406722700, 33.96446609406722700 ) ) ;
#7179 = ORIENTED_EDGE ( 'NONE', *, *, #247, .F. ) ;
#7180 = LINE ( 'NONE', #502, #927 ) ;
#7181 = ORIENTED_EDGE ( 'NONE', *, *, #7263, .T. ) ;
#7182 = LINE ( 'NONE', #3392, #3596 ) ;
#7183 = CYLINDRICAL_SURFACE ( 'NONE', #6516, 18.00000000000000000 ) ;
#7184 = VERTEX_POINT ( 'NONE', #5277 ) ;
#7185 = DIRECTION ( 'NONE',  ( -0.0000000000000000000, -0.0000000000000000000, -1.000000000000000000 ) ) ;
#7186 = DIRECTION ( 'NONE',  ( -1.000000000000000000, -2.538619720941669000E-016, 0.0000000000000000000 ) ) ;
#7187 = ORIENTED_EDGE ( 'NONE', *, *, #2640, .F. ) ;
#7188 = DIRECTION ( 'NONE',  ( 0.0000000000000000000, 0.0000000000000000000, 1.000000000000000000 ) ) ;
#7189 = VECTOR ( 'NONE', #4634, 1000.000000000000000 ) ;
#7190 = CARTESIAN_POINT ( 'NONE',  ( 0.0000000000000000000, 16.00000000000000000, 0.0000000000000000000 ) ) ;
#7191 = VERTEX_POINT ( 'NONE', #6094 ) ;
#7192 =( NAMED_UNIT ( * ) PLANE_ANGLE_UNIT ( ) SI_UNIT ( $, .RADIAN. ) );
#7193 = VERTEX_POINT ( 'NONE', #8382 ) ;
#7194 = FILL_AREA_STYLE_COLOUR ( '', #3716 ) ;
#7195 = PRESENTATION_LAYER_ASSIGNMENT (  '', '', ( #5229 ) ) ;
#7196 = CONICAL_SURFACE ( 'NONE', #9333, 3.750000000000010200, 0.7853981633974529400 ) ;
#7197 = ORIENTED_EDGE ( 'NONE', *, *, #4725, .T. ) ;
#7198 =( GEOMETRIC_REPRESENTATION_CONTEXT ( 3 ) GLOBAL_UNCERTAINTY_ASSIGNED_CONTEXT ( ( #7976 ) ) GLOBAL_UNIT_ASSIGNED_CONTEXT ( ( #2985, #4604, #6994 ) ) REPRESENTATION_CONTEXT ( 'NONE', 'WORKASPACE' ) );
#7199 = EDGE_CURVE ( 'NONE', #1361, #4300, #5264, .T. ) ;
#7200 = ORIENTED_EDGE ( 'NONE', *, *, #211, .F. ) ;
#7201 = DIRECTION ( 'NONE',  ( -0.0000000000000000000, -1.000000000000000000, -0.0000000000000000000 ) ) ;
#7202 = SURFACE_SIDE_STYLE ('',( #7520 ) ) ;
#7203 = ORIENTED_EDGE ( 'NONE', *, *, #757, .F. ) ;
#7204 = CARTESIAN_POINT ( 'NONE',  ( -10.70000000000000500, -74.00000000000000000, 18.99999999999999600 ) ) ;
#7205 = DIRECTION ( 'NONE',  ( 2.854379062896599700E-016, -1.000000000000000000, 0.0000000000000000000 ) ) ;
#7206 = EDGE_LOOP ( 'NONE', ( #78, #7751 ) ) ;
#7207 = DIRECTION ( 'NONE',  ( 0.0000000000000000000, -0.0000000000000000000, 1.000000000000000000 ) ) ;
#7208 = DIRECTION ( 'NONE',  ( 0.7071067811865496800, -0.7071067811865454600, 0.0000000000000000000 ) ) ;
#7209 = CARTESIAN_POINT ( 'NONE',  ( 13.87042614893939300, 16.00000000000000000, -11.47219588600274100 ) ) ;
#7210 =( GEOMETRIC_REPRESENTATION_CONTEXT ( 3 ) GLOBAL_UNCERTAINTY_ASSIGNED_CONTEXT ( ( #5421 ) ) GLOBAL_UNIT_ASSIGNED_CONTEXT ( ( #6778, #2872, #8289 ) ) REPRESENTATION_CONTEXT ( 'NONE', 'WORKASPACE' ) );
#7211 = SURFACE_STYLE_FILL_AREA ( #9419 ) ;
#7212 = EDGE_CURVE ( 'NONE', #9034, #3887, #5519, .T. ) ;
#7213 =( GEOMETRIC_REPRESENTATION_CONTEXT ( 3 ) GLOBAL_UNCERTAINTY_ASSIGNED_CONTEXT ( ( #5613 ) ) GLOBAL_UNIT_ASSIGNED_CONTEXT ( ( #4194, #1112, #8099 ) ) REPRESENTATION_CONTEXT ( 'NONE', 'WORKASPACE' ) );
#7214 = SURFACE_SIDE_STYLE ('',( #2325 ) ) ;
#7215 = VECTOR ( 'NONE', #4633, 1000.000000000000000 ) ;
#7216 = DIRECTION ( 'NONE',  ( 0.5000000000000012200, 0.0000000000000000000, 0.8660254037844379300 ) ) ;
#7217 = EDGE_LOOP ( 'NONE', ( #8759, #7507, #2146, #1038 ) ) ;
#7218 = CARTESIAN_POINT ( 'NONE',  ( -15.55124549639640100, 16.00000000000000000, -5.514414158440648500 ) ) ;
#7219 = VERTEX_POINT ( 'NONE', #6875 ) ;
#7220 = CARTESIAN_POINT ( 'NONE',  ( -45.70000000000000300, -49.99999999999998600, 21.20000000000002100 ) ) ;
#7221 = DIRECTION ( 'NONE',  ( -0.8660254037844387100, 0.0000000000000000000, -0.4999999999999999400 ) ) ;
#7222 = DIRECTION ( 'NONE',  ( 0.0000000000000000000, 0.0000000000000000000, 1.000000000000000000 ) ) ;
#7223 = EDGE_LOOP ( 'NONE', ( #9532, #9205, #3457, #7793 ) ) ;
#7224 = DIRECTION ( 'NONE',  ( 0.0000000000000000000, 1.000000000000000000, -0.0000000000000000000 ) ) ;
#7225 = PRESENTATION_LAYER_ASSIGNMENT (  '', '', ( #2993 ) ) ;
#7226 = DIRECTION ( 'NONE',  ( 0.0000000000000000000, 0.0000000000000000000, 1.000000000000000000 ) ) ;
#7227 = DIRECTION ( 'NONE',  ( 1.000000000000000000, -0.0000000000000000000, -0.0000000000000000000 ) ) ;
#7228 = UNCERTAINTY_MEASURE_WITH_UNIT (LENGTH_MEASURE( 1.000000000000000100E-005 ), #8017, 'distance_accuracy_value', 'NONE');
#7229 = PLANE ( 'NONE',  #612 ) ;
#7230 = EDGE_CURVE ( 'NONE', #2890, #7746, #9789, .T. ) ;
#7231 = ADVANCED_FACE ( 'NONE', ( #8800 ), #5871, .F. ) ;
#7232 = ORIENTED_EDGE ( 'NONE', *, *, #5049, .F. ) ;
#7233 = FILL_AREA_STYLE_COLOUR ( '', #816 ) ;
#7234 = CARTESIAN_POINT ( 'NONE',  ( 0.0000000000000000000, 18.00000000000000400, 0.0000000000000000000 ) ) ;
#7235 = DIRECTION ( 'NONE',  ( -1.000000000000000000, -3.965082230804130200E-016, 0.0000000000000000000 ) ) ;
#7236 = CARTESIAN_POINT ( 'NONE',  ( -2.659909329831104900E-014, 115.0000000000000000, -30.00000000000000400 ) ) ;
#7237 =( LENGTH_UNIT ( ) NAMED_UNIT ( * ) SI_UNIT ( .MILLI., .METRE. ) );
#7238 = AXIS2_PLACEMENT_3D ( 'NONE', #1903, #6700, #9059 ) ;
#7239 = AXIS2_PLACEMENT_3D ( 'NONE', #4034, #3320, #170 ) ;
#7240 = APPLICATION_PROTOCOL_DEFINITION ( 'draft international standard', 'automotive_design', 1998, #973 ) ;
#7241 = FILL_AREA_STYLE_COLOUR ( '', #6445 ) ;
#7242 = ORIENTED_EDGE ( 'NONE', *, *, #9362, .F. ) ;
#7243 =( NAMED_UNIT ( * ) PLANE_ANGLE_UNIT ( ) SI_UNIT ( $, .RADIAN. ) );
#7244 = CARTESIAN_POINT ( 'NONE',  ( -10.70000000000006700, -55.99999999999997900, 18.99999999999999600 ) ) ;
#7245 = FILL_AREA_STYLE ('',( #2510 ) ) ;
#7246 = VERTEX_POINT ( 'NONE', #6947 ) ;
#7247 = ORIENTED_EDGE ( 'NONE', *, *, #4005, .T. ) ;
#7248 = EDGE_CURVE ( 'NONE', #113, #3294, #221, .T. ) ;
#7249 = DIRECTION ( 'NONE',  ( 0.0000000000000000000, 0.7071067811865474600, 0.7071067811865474600 ) ) ;
#7250 =( GEOMETRIC_REPRESENTATION_CONTEXT ( 3 ) GLOBAL_UNCERTAINTY_ASSIGNED_CONTEXT ( ( #5219 ) ) GLOBAL_UNIT_ASSIGNED_CONTEXT ( ( #2978, #2113, #8482 ) ) REPRESENTATION_CONTEXT ( 'NONE', 'WORKASPACE' ) );
#7251 =( NAMED_UNIT ( * ) PLANE_ANGLE_UNIT ( ) SI_UNIT ( $, .RADIAN. ) );
#7252 = VERTEX_POINT ( 'NONE', #9171 ) ;
#7253 =( LENGTH_UNIT ( ) NAMED_UNIT ( * ) SI_UNIT ( .MILLI., .METRE. ) );
#7254 = CONICAL_SURFACE ( 'NONE', #1784, 3.750000000000010200, 0.7853981633974529400 ) ;
#7255 =( NAMED_UNIT ( * ) PLANE_ANGLE_UNIT ( ) SI_UNIT ( $, .RADIAN. ) );
#7256 = DIRECTION ( 'NONE',  ( 0.0000000000000000000, 0.0000000000000000000, 1.000000000000000000 ) ) ;
#7257 =( NAMED_UNIT ( * ) PLANE_ANGLE_UNIT ( ) SI_UNIT ( $, .RADIAN. ) );
#7258 = LINE ( 'NONE', #9293, #5915 ) ;
#7259 = EDGE_LOOP ( 'NONE', ( #7203, #4643, #3602, #2455 ) ) ;
#7260 = FACE_OUTER_BOUND ( 'NONE', #3187, .T. ) ;
#7261 = MECHANICAL_DESIGN_GEOMETRIC_PRESENTATION_REPRESENTATION (  '', ( #7470 ), #5563 ) ;
#7262 = CARTESIAN_POINT ( 'NONE',  ( -60.00000000000005700, 28.00000000000001400, 2.999999999999884500 ) ) ;
#7263 = EDGE_CURVE ( 'NONE', #5230, #3009, #8200, .T. ) ;
#7264 = AXIS2_PLACEMENT_3D ( 'NONE', #5137, #2830, #6770 ) ;
#7265 = FILL_AREA_STYLE_COLOUR ( '', #9799 ) ;
#7266 = CARTESIAN_POINT ( 'NONE',  ( -45.70000000000000300, -49.99999999999998600, 19.99999999999999600 ) ) ;
#7267 = EDGE_CURVE ( 'NONE', #4476, #3280, #3511, .T. ) ;
#7268 = CARTESIAN_POINT ( 'NONE',  ( 110.9999999999997600, -111.0000000000001600, 18.00000000000000000 ) ) ;
#7269 = COLOUR_RGB ( '',1.000000000000000000, 1.000000000000000000, 1.000000000000000000 ) ;
#7270 = DIRECTION ( 'NONE',  ( 0.0000000000000000000, 0.0000000000000000000, 1.000000000000000000 ) ) ;
#7271 = DIRECTION ( 'NONE',  ( -0.0000000000000000000, -0.0000000000000000000, -1.000000000000000000 ) ) ;
#7272 =( NAMED_UNIT ( * ) SI_UNIT ( $, .STERADIAN. ) SOLID_ANGLE_UNIT ( ) );
#7273 = COLOUR_RGB ( '',1.000000000000000000, 1.000000000000000000, 1.000000000000000000 ) ;
#7274 = ORIENTED_EDGE ( 'NONE', *, *, #903, .F. ) ;
#7275 = DIRECTION ( 'NONE',  ( -1.000000000000000000, 0.0000000000000000000, 0.0000000000000000000 ) ) ;
#7276 =( GEOMETRIC_REPRESENTATION_CONTEXT ( 3 ) GLOBAL_UNCERTAINTY_ASSIGNED_CONTEXT ( ( #5734 ) ) GLOBAL_UNIT_ASSIGNED_CONTEXT ( ( #2579, #5029, #5777 ) ) REPRESENTATION_CONTEXT ( 'NONE', 'WORKASPACE' ) );
#7277 = CARTESIAN_POINT ( 'NONE',  ( -40.70000000000001000, -13.99999999999999800, 22.00000000000000000 ) ) ;
#7278 = VECTOR ( 'NONE', #7067, 999.9999999999998900 ) ;
#7279 = FILL_AREA_STYLE ('',( #7984 ) ) ;
#7280 = EDGE_CURVE ( 'NONE', #448, #9377, #3262, .T. ) ;
#7281 = MECHANICAL_DESIGN_GEOMETRIC_PRESENTATION_REPRESENTATION (  '', ( #4992 ), #1997 ) ;
#7282 = VERTEX_POINT ( 'NONE', #7602 ) ;
#7283 = PLANE ( 'NONE',  #6346 ) ;
#7284 = FILL_AREA_STYLE ('',( #1906 ) ) ;
#7285 = CARTESIAN_POINT ( 'NONE',  ( 140.0000000000000000, 0.0000000000000000000, 0.0000000000000000000 ) ) ;
#7286 = ORIENTED_EDGE ( 'NONE', *, *, #2626, .T. ) ;
#7287 = ORIENTED_EDGE ( 'NONE', *, *, #2841, .T. ) ;
#7288 = CARTESIAN_POINT ( 'NONE',  ( 99.99999999999994300, -89.99999999999997200, -5.000000000000004400 ) ) ;
#7289 = FACE_BOUND ( 'NONE', #6243, .T. ) ;
#7290 = CARTESIAN_POINT ( 'NONE',  ( 0.0000000000000000000, 0.0000000000000000000, 0.0000000000000000000 ) ) ;
#7291 = ADVANCED_FACE ( 'NONE', ( #7710, #470 ), #7767, .T. ) ;
#7292 = DIRECTION ( 'NONE',  ( 0.0000000000000000000, 1.000000000000000000, -0.0000000000000000000 ) ) ;
#7293 = ORIENTED_EDGE ( 'NONE', *, *, #6274, .F. ) ;
#7294 = UNCERTAINTY_MEASURE_WITH_UNIT (LENGTH_MEASURE( 1.000000000000000100E-005 ), #1928, 'distance_accuracy_value', 'NONE');
#7295 = COLOUR_RGB ( '',1.000000000000000000, 1.000000000000000000, 1.000000000000000000 ) ;
#7296 = STYLED_ITEM ( 'NONE', ( #1406 ), #1071 ) ;
#7297 = AXIS2_PLACEMENT_3D ( 'NONE', #7346, #5016, #2564 ) ;
#7298 = PRESENTATION_STYLE_ASSIGNMENT (( #4401 ) ) ;
#7299 = ORIENTED_EDGE ( 'NONE', *, *, #7091, .F. ) ;
#7300 = FACE_OUTER_BOUND ( 'NONE', #2312, .T. ) ;
#7301 = SURFACE_SIDE_STYLE ('',( #8407 ) ) ;
#7302 = ORIENTED_EDGE ( 'NONE', *, *, #438, .F. ) ;
#7303 =( LENGTH_UNIT ( ) NAMED_UNIT ( * ) SI_UNIT ( .MILLI., .METRE. ) );
#7304 = CARTESIAN_POINT ( 'NONE',  ( 118.0000000000000600, 68.00000000000004300, 15.99999999999999600 ) ) ;
#7305 = CARTESIAN_POINT ( 'NONE',  ( 121.9999999999999600, 120.0000000000000100, -14.99999999999999800 ) ) ;
#7306 = APPLICATION_CONTEXT ( 'automotive_design' ) ;
#7307 = CARTESIAN_POINT ( 'NONE',  ( -19.99999999999998900, -169.9999999999999700, -5.000000000000004400 ) ) ;
#7308 = FACE_BOUND ( 'NONE', #3303, .T. ) ;
#7309 = CARTESIAN_POINT ( 'NONE',  ( -45.70000000000000300, -13.99999999999999800, 22.00000000000000000 ) ) ;
#7310 = ORIENTED_EDGE ( 'NONE', *, *, #7620, .T. ) ;
#7311 = VERTEX_POINT ( 'NONE', #3862 ) ;
#7312 = COLOUR_RGB ( '',0.9098039215686274400, 0.4431372549019607600, 0.03137254901960784300 ) ;
#7313 = FACE_OUTER_BOUND ( 'NONE', #5346, .T. ) ;
#7314 = DIRECTION ( 'NONE',  ( -0.5000000000000038900, 0.5000000000000021100, -0.7071067811865434600 ) ) ;
#7315 = VERTEX_POINT ( 'NONE', #5547 ) ;
#7316 = STYLED_ITEM ( 'NONE', ( #8135 ), #2281 ) ;
#7317 =( NAMED_UNIT ( * ) PLANE_ANGLE_UNIT ( ) SI_UNIT ( $, .RADIAN. ) );
#7318 = AXIS2_PLACEMENT_3D ( 'NONE', #1856, #5869, #8232 ) ;
#7319 = DIRECTION ( 'NONE',  ( 0.0000000000000000000, 0.0000000000000000000, 1.000000000000000000 ) ) ;
#7320 = CARTESIAN_POINT ( 'NONE',  ( -19.99999999999998900, -164.8038475772933700, -5.000000000000004400 ) ) ;
#7321 = CARTESIAN_POINT ( 'NONE',  ( 99.99999999999994300, -164.8038475772933700, -8.000000000000007100 ) ) ;
#7322 = ORIENTED_EDGE ( 'NONE', *, *, #500, .T. ) ;
#7323 = DIRECTION ( 'NONE',  ( 0.0000000000000000000, 1.000000000000000000, 0.0000000000000000000 ) ) ;
#7324 = VECTOR ( 'NONE', #5192, 1000.000000000000000 ) ;
#7325 = ORIENTED_EDGE ( 'NONE', *, *, #5299, .F. ) ;
#7326 = CARTESIAN_POINT ( 'NONE',  ( 257.0000000000000600, -6.000000000000009800, 24.00000000000000000 ) ) ;
#7327 =( NAMED_UNIT ( * ) PLANE_ANGLE_UNIT ( ) SI_UNIT ( $, .RADIAN. ) );
#7328 = DIRECTION ( 'NONE',  ( 0.0000000000000000000, -0.0000000000000000000, 1.000000000000000000 ) ) ;
#7329 = DIRECTION ( 'NONE',  ( -1.000000000000000000, 0.0000000000000000000, 0.0000000000000000000 ) ) ;
#7330 = LINE ( 'NONE', #709, #5249 ) ;
#7331 = SURFACE_SIDE_STYLE ('',( #7432 ) ) ;
#7332 =( GEOMETRIC_REPRESENTATION_CONTEXT ( 3 ) GLOBAL_UNCERTAINTY_ASSIGNED_CONTEXT ( ( #197 ) ) GLOBAL_UNIT_ASSIGNED_CONTEXT ( ( #3347, #328, #4202 ) ) REPRESENTATION_CONTEXT ( 'NONE', 'WORKASPACE' ) );
#7333 = ORIENTED_EDGE ( 'NONE', *, *, #415, .F. ) ;
#7334 = LINE ( 'NONE', #5640, #7578 ) ;
#7335 = VECTOR ( 'NONE', #8703, 1000.000000000000000 ) ;
#7336 = EDGE_CURVE ( 'NONE', #7193, #5211, #4871, .T. ) ;
#7337 = PRESENTATION_LAYER_ASSIGNMENT (  '', '', ( #9881 ) ) ;
#7338 = LINE ( 'NONE', #8818, #5243 ) ;
#7339 = ORIENTED_EDGE ( 'NONE', *, *, #8336, .F. ) ;
#7340 = ORIENTED_EDGE ( 'NONE', *, *, #8123, .T. ) ;
#7341 = CARTESIAN_POINT ( 'NONE',  ( 99.99999999999994300, -89.99999999999997200, 1.000000000000000900 ) ) ;
#7342 = EDGE_CURVE ( 'NONE', #4337, #2434, #1909, .T. ) ;
#7343 = ORIENTED_EDGE ( 'NONE', *, *, #4923, .F. ) ;
#7344 = ORIENTED_EDGE ( 'NONE', *, *, #7786, .T. ) ;
#7345 = CIRCLE ( 'NONE', #233, 4.549999999999998900 ) ;
#7346 = CARTESIAN_POINT ( 'NONE',  ( 99.99999999999994300, -164.8038475772933700, -5.000000000000004400 ) ) ;
#7347 = ORIENTED_EDGE ( 'NONE', *, *, #3901, .T. ) ;
#7348 =( GEOMETRIC_REPRESENTATION_CONTEXT ( 3 ) GLOBAL_UNCERTAINTY_ASSIGNED_CONTEXT ( ( #4313 ) ) GLOBAL_UNIT_ASSIGNED_CONTEXT ( ( #1782, #8879, #3311 ) ) REPRESENTATION_CONTEXT ( 'NONE', 'WORKASPACE' ) );
#7349 = VERTEX_POINT ( 'NONE', #8642 ) ;
#7350 = ORIENTED_EDGE ( 'NONE', *, *, #1298, .T. ) ;
#7351 = ADVANCED_FACE ( 'NONE', ( #1791 ), #4665, .T. ) ;
#7352 = EDGE_CURVE ( 'NONE', #3583, #6448, #348, .T. ) ;
#7353 = AXIS2_PLACEMENT_3D ( 'NONE', #1657, #8714, #5589 ) ;
#7354 = CARTESIAN_POINT ( 'NONE',  ( 128.0000000000000000, 62.00000000000004300, 16.00000000000000000 ) ) ;
#7355 = LINE ( 'NONE', #9314, #4392 ) ;
#7356 = VERTEX_POINT ( 'NONE', #3902 ) ;
#7357 =( NAMED_UNIT ( * ) SI_UNIT ( $, .STERADIAN. ) SOLID_ANGLE_UNIT ( ) );
#7358 = DIRECTION ( 'NONE',  ( 3.469446951953614700E-016, -1.000000000000000000, 0.0000000000000000000 ) ) ;
#7359 = LINE ( 'NONE', #7781, #5031 ) ;
#7360 = CARTESIAN_POINT ( 'NONE',  ( 138.0000000000000000, 0.0000000000000000000, 18.00000000000000000 ) ) ;
#7361 = UNCERTAINTY_MEASURE_WITH_UNIT (LENGTH_MEASURE( 1.000000000000000100E-005 ), #9800, 'distance_accuracy_value', 'NONE');
#7362 = COLOUR_RGB ( '',0.9098039215686274400, 0.4431372549019607600, 0.03137254901960784300 ) ;
#7363 = PLANE ( 'NONE',  #7970 ) ;
#7364 = DIRECTION ( 'NONE',  ( 0.0000000000000000000, -1.000000000000000000, 0.0000000000000000000 ) ) ;
#7365 = CYLINDRICAL_SURFACE ( 'NONE', #8539, 18.00000000000000000 ) ;
#7366 = AXIS2_PLACEMENT_3D ( 'NONE', #735, #7650, #6247 ) ;
#7367 = STYLED_ITEM ( 'NONE', ( #2432 ), #9191 ) ;
#7368 =( NAMED_UNIT ( * ) SI_UNIT ( $, .STERADIAN. ) SOLID_ANGLE_UNIT ( ) );
#7369 =( LENGTH_UNIT ( ) NAMED_UNIT ( * ) SI_UNIT ( .MILLI., .METRE. ) );
#7370 = CARTESIAN_POINT ( 'NONE',  ( 0.0000000000000000000, 0.0000000000000000000, 0.0000000000000000000 ) ) ;
#7371 = EDGE_CURVE ( 'NONE', #2123, #1980, #7949, .T. ) ;
#7372 = TOROIDAL_SURFACE ( 'NONE', #8566, 0.7500000000000132100, 3.000000000000000000 ) ;
#7373 = CARTESIAN_POINT ( 'NONE',  ( 101.3447903361021100, 99.34479033610227800, -5.555667976446312800 ) ) ;
#7374 = DIRECTION ( 'NONE',  ( -0.8660254037844371500, 0.0000000000000000000, 0.5000000000000026600 ) ) ;
#7375 = CARTESIAN_POINT ( 'NONE',  ( 131.1715728752538400, -87.99999999999997200, 38.00000000000000000 ) ) ;
#7376 = CARTESIAN_POINT ( 'NONE',  ( -5.123298599248370700E-015, 20.00000000000000000, -14.00000000000000000 ) ) ;
#7377 = SURFACE_STYLE_USAGE ( .BOTH. , #5769 ) ;
#7378 =( GEOMETRIC_REPRESENTATION_CONTEXT ( 3 ) GLOBAL_UNCERTAINTY_ASSIGNED_CONTEXT ( ( #9298 ) ) GLOBAL_UNIT_ASSIGNED_CONTEXT ( ( #3403, #4149, #9653 ) ) REPRESENTATION_CONTEXT ( 'NONE', 'WORKASPACE' ) );
#7379 =( GEOMETRIC_REPRESENTATION_CONTEXT ( 3 ) GLOBAL_UNCERTAINTY_ASSIGNED_CONTEXT ( ( #8360 ) ) GLOBAL_UNIT_ASSIGNED_CONTEXT ( ( #7437, #7405, #9786 ) ) REPRESENTATION_CONTEXT ( 'NONE', 'WORKASPACE' ) );
#7380 = APPLICATION_PROTOCOL_DEFINITION ( 'draft international standard', 'automotive_design', 1998, #5046 ) ;
#7381 = CARTESIAN_POINT ( 'NONE',  ( 12.55124549639639800, 16.00000000000000000, -10.71056658114729200 ) ) ;
#7382 = PRESENTATION_STYLE_ASSIGNMENT (( #5654 ) ) ;
#7383 = VECTOR ( 'NONE', #4880, 1000.000000000000000 ) ;
#7384 = ORIENTED_EDGE ( 'NONE', *, *, #7336, .T. ) ;
#7385 = ORIENTED_EDGE ( 'NONE', *, *, #5633, .F. ) ;
#7386 = CARTESIAN_POINT ( 'NONE',  ( -47.96959937254043600, -80.26975214338986600, -39.73024785661014800 ) ) ;
#7387 = COLOUR_RGB ( '',0.9098039215686274400, 0.4431372549019607600, 0.03137254901960784300 ) ;
#7388 = CARTESIAN_POINT ( 'NONE',  ( 99.99999999999994300, -89.99999999999997200, -11.00000000000001100 ) ) ;
#7389 = DIRECTION ( 'NONE',  ( -0.0000000000000000000, -0.0000000000000000000, -1.000000000000000000 ) ) ;
#7390 = PRODUCT ( 'scanner2', 'scanner2', '', ( #9698 ) ) ;
#7391 = ORIENTED_EDGE ( 'NONE', *, *, #4077, .F. ) ;
#7392 = PLANE ( 'NONE',  #9957 ) ;
#7393 = DIRECTION ( 'NONE',  ( 0.0000000000000000000, -0.0000000000000000000, 1.000000000000000000 ) ) ;
#7394 = SURFACE_STYLE_USAGE ( .BOTH. , #2861 ) ;
#7395 = DIRECTION ( 'NONE',  ( -5.694120042774778100E-016, 0.0000000000000000000, -1.000000000000000000 ) ) ;
#7396 =( NAMED_UNIT ( * ) SI_UNIT ( $, .STERADIAN. ) SOLID_ANGLE_UNIT ( ) );
#7397 = MECHANICAL_DESIGN_GEOMETRIC_PRESENTATION_REPRESENTATION (  '', ( #5292 ), #5364 ) ;
#7398 = SURFACE_SIDE_STYLE ('',( #598 ) ) ;
#7399 = STYLED_ITEM ( 'NONE', ( #243 ), #6775 ) ;
#7400 = CARTESIAN_POINT ( 'NONE',  ( -3.000000000000000000, 16.00000000000000000, -16.22498073958795200 ) ) ;
#7401 = EDGE_CURVE ( 'NONE', #5180, #3001, #9780, .T. ) ;
#7402 = SURFACE_STYLE_USAGE ( .BOTH. , #6533 ) ;
#7403 = FILL_AREA_STYLE ('',( #5856 ) ) ;
#7404 = ADVANCED_FACE ( 'NONE', ( #5630 ), #8554, .T. ) ;
#7405 =( NAMED_UNIT ( * ) PLANE_ANGLE_UNIT ( ) SI_UNIT ( $, .RADIAN. ) );
#7406 = VERTEX_POINT ( 'NONE', #6316 ) ;
#7407 = CARTESIAN_POINT ( 'NONE',  ( 118.0000000000000600, 114.0000000000000000, 15.99999999999999600 ) ) ;
#7408 =( NAMED_UNIT ( * ) SI_UNIT ( $, .STERADIAN. ) SOLID_ANGLE_UNIT ( ) );
#7409 = FACE_OUTER_BOUND ( 'NONE', #4941, .T. ) ;
#7410 = LINE ( 'NONE', #9791, #2440 ) ;
#7411 =( GEOMETRIC_REPRESENTATION_CONTEXT ( 3 ) GLOBAL_UNCERTAINTY_ASSIGNED_CONTEXT ( ( #8296 ) ) GLOBAL_UNIT_ASSIGNED_CONTEXT ( ( #1192, #9180, #1948 ) ) REPRESENTATION_CONTEXT ( 'NONE', 'WORKASPACE' ) );
#7412 = VERTEX_POINT ( 'NONE', #8676 ) ;
#7413 = EDGE_CURVE ( 'NONE', #9753, #5903, #599, .T. ) ;
#7414 =( GEOMETRIC_REPRESENTATION_CONTEXT ( 3 ) GLOBAL_UNCERTAINTY_ASSIGNED_CONTEXT ( ( #8363 ) ) GLOBAL_UNIT_ASSIGNED_CONTEXT ( ( #4054, #8774, #1680 ) ) REPRESENTATION_CONTEXT ( 'NONE', 'WORKASPACE' ) );
#7415 = SURFACE_SIDE_STYLE ('',( #9916 ) ) ;
#7416 = CARTESIAN_POINT ( 'NONE',  ( -60.00000000000005700, 28.00000000000001400, 7.999999999999998200 ) ) ;
#7417 = ORIENTED_EDGE ( 'NONE', *, *, #4016, .F. ) ;
#7418 = CARTESIAN_POINT ( 'NONE',  ( 0.0000000000000000000, 0.0000000000000000000, 0.0000000000000000000 ) ) ;
#7419 = AXIS2_PLACEMENT_3D ( 'NONE', #7591, #6766, #3482 ) ;
#7420 =( NAMED_UNIT ( * ) PLANE_ANGLE_UNIT ( ) SI_UNIT ( $, .RADIAN. ) );
#7421 = DIRECTION ( 'NONE',  ( 0.0000000000000000000, 0.0000000000000000000, 1.000000000000000000 ) ) ;
#7422 = CIRCLE ( 'NONE', #2237, 6.000000000000005300 ) ;
#7423 = ORIENTED_EDGE ( 'NONE', *, *, #4426, .F. ) ;
#7425 = LINE ( 'NONE', #3590, #5591 ) ;
#7424 = CARTESIAN_POINT ( 'NONE',  ( -10.00000000000008300, 32.99999999999998600, 19.99999999999999600 ) ) ;
#7426 = EDGE_CURVE ( 'NONE', #933, #2388, #10120, .T. ) ;
#7427 = PRESENTATION_LAYER_ASSIGNMENT (  '', '', ( #2661 ) ) ;
#7428 = ORIENTED_EDGE ( 'NONE', *, *, #9646, .F. ) ;
#7429 = UNCERTAINTY_MEASURE_WITH_UNIT (LENGTH_MEASURE( 1.000000000000000100E-005 ), #5859, 'distance_accuracy_value', 'NONE');
#7430 = CARTESIAN_POINT ( 'NONE',  ( -41.94999999999999600, -31.99999999999999300, 21.20000000000002100 ) ) ;
#7431 = CARTESIAN_POINT ( 'NONE',  ( -52.00000000000004300, -89.99999999999997200, -30.00000000000000400 ) ) ;
#7432 = SURFACE_STYLE_FILL_AREA ( #2449 ) ;
#7433 = ORIENTED_EDGE ( 'NONE', *, *, #5390, .T. ) ;
#7434 =( NAMED_UNIT ( * ) PLANE_ANGLE_UNIT ( ) SI_UNIT ( $, .RADIAN. ) );
#7435 = CARTESIAN_POINT ( 'NONE',  ( -60.00000000000005700, -89.99999999999997200, -30.00000000000000000 ) ) ;
#7436 = ORIENTED_EDGE ( 'NONE', *, *, #6165, .T. ) ;
#7437 =( LENGTH_UNIT ( ) NAMED_UNIT ( * ) SI_UNIT ( .MILLI., .METRE. ) );
#7438 = VECTOR ( 'NONE', #9680, 1000.000000000000000 ) ;
#7439 = LINE ( 'NONE', #3913, #3230 ) ;
#7440 = ORIENTED_EDGE ( 'NONE', *, *, #9042, .F. ) ;
#7441 = ORIENTED_EDGE ( 'NONE', *, *, #5098, .T. ) ;
#7442 = CARTESIAN_POINT ( 'NONE',  ( 10.71056658114729200, 0.0000000000000000000, -12.55124549639640100 ) ) ;
#7443 =( GEOMETRIC_REPRESENTATION_CONTEXT ( 3 ) GLOBAL_UNCERTAINTY_ASSIGNED_CONTEXT ( ( #2741 ) ) GLOBAL_UNIT_ASSIGNED_CONTEXT ( ( #1318, #2806, #539 ) ) REPRESENTATION_CONTEXT ( 'NONE', 'WORKASPACE' ) );
#7444 = AXIS2_PLACEMENT_3D ( 'NONE', #4959, #4850, #2522 ) ;
#7445 = LINE ( 'NONE', #9966, #8529 ) ;
#7446 = ORIENTED_EDGE ( 'NONE', *, *, #2427, .F. ) ;
#7447 = ORIENTED_EDGE ( 'NONE', *, *, #762, .T. ) ;
#7448 = SURFACE_SIDE_STYLE ('',( #4711 ) ) ;
#7449 = LINE ( 'NONE', #33, #9026 ) ;
#7450 = CARTESIAN_POINT ( 'NONE',  ( -44.95000000000012400, -31.99999999999999300, 23.00000000000000000 ) ) ;
#7451 = SURFACE_SIDE_STYLE ('',( #2706 ) ) ;
#7452 = ORIENTED_EDGE ( 'NONE', *, *, #10064, .T. ) ;
#7453 =( NAMED_UNIT ( * ) SI_UNIT ( $, .STERADIAN. ) SOLID_ANGLE_UNIT ( ) );
#7454 = ADVANCED_FACE ( 'NONE', ( #962 ), #2272, .F. ) ;
#7455 = EDGE_CURVE ( 'NONE', #7500, #8791, #3977, .T. ) ;
#7456 = VERTEX_POINT ( 'NONE', #5617 ) ;
#7457 = STYLED_ITEM ( 'NONE', ( #9398 ), #2937 ) ;
#7458 = EDGE_LOOP ( 'NONE', ( #9038, #2584 ) ) ;
#7459 = VERTEX_POINT ( 'NONE', #3279 ) ;
#7460 = PRESENTATION_LAYER_ASSIGNMENT (  '', '', ( #6926 ) ) ;
#7461 = CARTESIAN_POINT ( 'NONE',  ( -45.70000000000000300, -13.99999999999999800, 19.99999999999999600 ) ) ;
#7462 = FILL_AREA_STYLE_COLOUR ( '', #776 ) ;
#7463 =( LENGTH_UNIT ( ) NAMED_UNIT ( * ) SI_UNIT ( .MILLI., .METRE. ) );
#7464 = CYLINDRICAL_SURFACE ( 'NONE', #529, 3.750000000000010200 ) ;
#7465 = VERTEX_POINT ( 'NONE', #979 ) ;
#7466 = DIRECTION ( 'NONE',  ( 0.7071067811865489100, -0.7071067811865462400, -0.0000000000000000000 ) ) ;
#7467 = FILL_AREA_STYLE_COLOUR ( '', #9058 ) ;
#7468 = EDGE_LOOP ( 'NONE', ( #2646, #1920, #7287, #5135 ) ) ;
#7469 = CARTESIAN_POINT ( 'NONE',  ( -10.70000000000012900, -37.99999999999997900, 18.99999999999999600 ) ) ;
#7470 = STYLED_ITEM ( 'NONE', ( #7166 ), #3789 ) ;
#7471 = EDGE_CURVE ( 'NONE', #8469, #3718, #5383, .T. ) ;
#7472 = STYLED_ITEM ( 'NONE', ( #2320 ), #7049 ) ;
#7473 = DIRECTION ( 'NONE',  ( -1.000000000000000000, 3.304235192336776600E-017, 0.0000000000000000000 ) ) ;
#7474 = DIRECTION ( 'NONE',  ( 0.0000000000000000000, 0.0000000000000000000, 1.000000000000000000 ) ) ;
#7475 = DIRECTION ( 'NONE',  ( -0.0000000000000000000, -1.000000000000000000, -0.0000000000000000000 ) ) ;
#7476 = EDGE_CURVE ( 'NONE', #6417, #6190, #1075, .T. ) ;
#7477 = VERTEX_POINT ( 'NONE', #3308 ) ;
#7478 = VERTEX_POINT ( 'NONE', #4873 ) ;
#7479 = ADVANCED_FACE ( 'NONE', ( #4742 ), #2431, .F. ) ;
#7480 =( LENGTH_UNIT ( ) NAMED_UNIT ( * ) SI_UNIT ( .MILLI., .METRE. ) );
#7481 = DIRECTION ( 'NONE',  ( 0.0000000000000000000, 0.0000000000000000000, 1.000000000000000000 ) ) ;
#7482 = LINE ( 'NONE', #5795, #2663 ) ;
#7483 = VECTOR ( 'NONE', #1444, 1000.000000000000000 ) ;
#7484 = DIRECTION ( 'NONE',  ( -0.7071067811865474600, -0.7071067811865474600, 0.0000000000000000000 ) ) ;
#7486 = ORIENTED_EDGE ( 'NONE', *, *, #6946, .F. ) ;
#7485 = PRESENTATION_LAYER_ASSIGNMENT (  '', '', ( #8903 ) ) ;
#7487 = EDGE_CURVE ( 'NONE', #4995, #7693, #5123, .T. ) ;
#7488 = MECHANICAL_DESIGN_GEOMETRIC_PRESENTATION_REPRESENTATION (  '', ( #7092 ), #3385 ) ;
#7489 = DIRECTION ( 'NONE',  ( 1.000000000000000000, 0.0000000000000000000, -0.0000000000000000000 ) ) ;
#7490 = UNCERTAINTY_MEASURE_WITH_UNIT (LENGTH_MEASURE( 1.000000000000000100E-005 ), #5329, 'distance_accuracy_value', 'NONE');
#7491 = CARTESIAN_POINT ( 'NONE',  ( -55.00000000000005700, -39.96446609406761800, -39.96446609406717700 ) ) ;
#7492 = CARTESIAN_POINT ( 'NONE',  ( -58.00000000000004300, 0.0000000000000000000, 38.00000000000000000 ) ) ;
#7493 = CARTESIAN_POINT ( 'NONE',  ( 0.0000000000000000000, 0.0000000000000000000, 0.0000000000000000000 ) ) ;
#7494 = CARTESIAN_POINT ( 'NONE',  ( -10.00000000000008300, 32.99999999999998600, 19.99999999999999600 ) ) ;
#7495 = DIRECTION ( 'NONE',  ( 1.000000000000000000, 0.0000000000000000000, 0.0000000000000000000 ) ) ;
#7496 = ORIENTED_EDGE ( 'NONE', *, *, #6034, .T. ) ;
#7497 = VECTOR ( 'NONE', #4012, 1000.000000000000000 ) ;
#7498 =( NAMED_UNIT ( * ) SI_UNIT ( $, .STERADIAN. ) SOLID_ANGLE_UNIT ( ) );
#7499 = COLOUR_RGB ( '',1.000000000000000000, 1.000000000000000000, 1.000000000000000000 ) ;
#7500 = VERTEX_POINT ( 'NONE', #2470 ) ;
#7501 = STYLED_ITEM ( 'NONE', ( #122 ), #531 ) ;
#7502 = AXIS2_PLACEMENT_3D ( 'NONE', #9356, #6975, #1544 ) ;
#7503 = SURFACE_SIDE_STYLE ('',( #4632 ) ) ;
#7504 =( LENGTH_UNIT ( ) NAMED_UNIT ( * ) SI_UNIT ( .MILLI., .METRE. ) );
#7505 = ADVANCED_FACE ( 'NONE', ( #5005 ), #2373, .T. ) ;
#7506 = CARTESIAN_POINT ( 'NONE',  ( -46.45000000000008100, -49.99999999999998600, 23.00000000000000000 ) ) ;
#7507 = ORIENTED_EDGE ( 'NONE', *, *, #8616, .F. ) ;
#7508 = DIRECTION ( 'NONE',  ( 0.0000000000000000000, 1.000000000000000000, -0.0000000000000000000 ) ) ;
#7509 =( LENGTH_UNIT ( ) NAMED_UNIT ( * ) SI_UNIT ( .MILLI., .METRE. ) );
#7510 = VERTEX_POINT ( 'NONE', #6352 ) ;
#7511 = ORIENTED_EDGE ( 'NONE', *, *, #4393, .T. ) ;
#7512 =( NAMED_UNIT ( * ) PLANE_ANGLE_UNIT ( ) SI_UNIT ( $, .RADIAN. ) );
#7513 = DIRECTION ( 'NONE',  ( -1.000000000000000000, 0.0000000000000000000, 2.847060021387389100E-016 ) ) ;
#7514 = CARTESIAN_POINT ( 'NONE',  ( -37.00000000000007100, 119.9999999999999700, -14.99999999999999800 ) ) ;
#7515 = AXIS2_PLACEMENT_3D ( 'NONE', #6597, #3448, #6523 ) ;
#7516 =( GEOMETRIC_REPRESENTATION_CONTEXT ( 3 ) GLOBAL_UNCERTAINTY_ASSIGNED_CONTEXT ( ( #1006 ) ) GLOBAL_UNIT_ASSIGNED_CONTEXT ( ( #6249, #2392, #7031 ) ) REPRESENTATION_CONTEXT ( 'NONE', 'WORKASPACE' ) );
#7517 = ORIENTED_EDGE ( 'NONE', *, *, #3099, .F. ) ;
#7518 =( NAMED_UNIT ( * ) PLANE_ANGLE_UNIT ( ) SI_UNIT ( $, .RADIAN. ) );
#7519 = PLANE ( 'NONE',  #2310 ) ;
#7520 = SURFACE_STYLE_FILL_AREA ( #9553 ) ;
#7521 = DIRECTION ( 'NONE',  ( 1.000000000000000000, 1.734723475976807100E-016, 0.0000000000000000000 ) ) ;
#7522 = FILL_AREA_STYLE ('',( #9127 ) ) ;
#7523 = AXIS2_PLACEMENT_3D ( 'NONE', #1046, #5986, #7495 ) ;
#7524 = CARTESIAN_POINT ( 'NONE',  ( 0.0000000000000000000, 0.0000000000000000000, 0.0000000000000000000 ) ) ;
#7525 = EDGE_CURVE ( 'NONE', #2388, #8046, #711, .T. ) ;
#7526 = EDGE_LOOP ( 'NONE', ( #235, #3391, #9541, #694 ) ) ;
#7527 = EDGE_CURVE ( 'NONE', #1361, #10079, #9771, .T. ) ;
#7528 = FACE_OUTER_BOUND ( 'NONE', #3940, .T. ) ;
#7529 =( NAMED_UNIT ( * ) SI_UNIT ( $, .STERADIAN. ) SOLID_ANGLE_UNIT ( ) );
#7530 = CARTESIAN_POINT ( 'NONE',  ( 0.0000000000000000000, 0.0000000000000000000, 0.0000000000000000000 ) ) ;
#7531 = VERTEX_POINT ( 'NONE', #2401 ) ;
#7532 = SURFACE_SIDE_STYLE ('',( #3218 ) ) ;
#7533 = DIRECTION ( 'NONE',  ( 0.0000000000000000000, 0.0000000000000000000, 1.000000000000000000 ) ) ;
#7534 = VERTEX_POINT ( 'NONE', #1643 ) ;
#7535 = VECTOR ( 'NONE', #6873, 1000.000000000000100 ) ;
#7536 = MECHANICAL_DESIGN_GEOMETRIC_PRESENTATION_REPRESENTATION (  '', ( #855 ), #7870 ) ;
#7537 = UNCERTAINTY_MEASURE_WITH_UNIT (LENGTH_MEASURE( 1.000000000000000100E-005 ), #1832, 'distance_accuracy_value', 'NONE');
#7538 = EDGE_CURVE ( 'NONE', #5225, #10079, #1561, .T. ) ;
#7539 = AXIS2_PLACEMENT_3D ( 'NONE', #2378, #1718, #7905 ) ;
#7540 = ORIENTED_EDGE ( 'NONE', *, *, #7553, .F. ) ;
#7541 = CARTESIAN_POINT ( 'NONE',  ( -55.00000000000007100, 60.00000000000000700, -30.00000000000000400 ) ) ;
#7542 =( NAMED_UNIT ( * ) SI_UNIT ( $, .STERADIAN. ) SOLID_ANGLE_UNIT ( ) );
#7543 = DIRECTION ( 'NONE',  ( -1.000000000000000000, -2.312964634635743400E-016, 0.0000000000000000000 ) ) ;
#7544 = LINE ( 'NONE', #2546, #805 ) ;
#7545 = ORIENTED_EDGE ( 'NONE', *, *, #7248, .T. ) ;
#7546 = ADVANCED_FACE ( 'NONE', ( #340 ), #5025, .F. ) ;
#7547 = FACE_OUTER_BOUND ( 'NONE', #8934, .T. ) ;
#7548 = EDGE_LOOP ( 'NONE', ( #4210, #8476, #3597, #6159 ) ) ;
#7549 = UNCERTAINTY_MEASURE_WITH_UNIT (LENGTH_MEASURE( 1.000000000000000100E-005 ), #7303, 'distance_accuracy_value', 'NONE');
#7550 = CARTESIAN_POINT ( 'NONE',  ( -8.700000000000214200, -75.99999999999998600, 19.99999999999999600 ) ) ;
#7551 = DIRECTION ( 'NONE',  ( 0.7071067811865474600, 0.7071067811865474600, 0.0000000000000000000 ) ) ;
#7552 = VECTOR ( 'NONE', #9618, 1000.000000000000000 ) ;
#7553 = EDGE_CURVE ( 'NONE', #1425, #3588, #330, .T. ) ;
#7554 = AXIS2_PLACEMENT_3D ( 'NONE', #7113, #1043, #5812 ) ;
#7555 = PRODUCT_DEFINITION_SHAPE ( 'NONE', 'NONE',  #8938 ) ;
#7556 = CARTESIAN_POINT ( 'NONE',  ( -5.123298599248370700E-015, 20.00000000000000000, -14.00000000000000000 ) ) ;
#7557 = ORIENTED_EDGE ( 'NONE', *, *, #4576, .F. ) ;
#7558 = ORIENTED_EDGE ( 'NONE', *, *, #5114, .F. ) ;
#7559 = EDGE_CURVE ( 'NONE', #3263, #814, #3612, .T. ) ;
#7560 = FILL_AREA_STYLE_COLOUR ( '', #7050 ) ;
#7561 = CARTESIAN_POINT ( 'NONE',  ( -52.00000000000009200, 119.9999999999999700, -35.00000000000000000 ) ) ;
#7562 = SURFACE_SIDE_STYLE ('',( #9589 ) ) ;
#7563 = DIRECTION ( 'NONE',  ( 0.0000000000000000000, 0.0000000000000000000, -1.000000000000000000 ) ) ;
#7564 = VECTOR ( 'NONE', #5327, 1000.000000000000100 ) ;
#7565 = DIRECTION ( 'NONE',  ( -0.7061622225414260200, -0.7061622225414245800, 0.05167040652742131000 ) ) ;
#7566 = ORIENTED_EDGE ( 'NONE', *, *, #8637, .F. ) ;
#7567 = CARTESIAN_POINT ( 'NONE',  ( 6.000000000000004400, 10.00000000000000000, 14.00000000000000000 ) ) ;
#7568 = ORIENTED_EDGE ( 'NONE', *, *, #8060, .F. ) ;
#7569 = CARTESIAN_POINT ( 'NONE',  ( -15.55124549639640100, 0.0000000000000000000, -5.514414158440648500 ) ) ;
#7570 = AXIS2_PLACEMENT_3D ( 'NONE', #6477, #1763, #2596 ) ;
#7571 = MECHANICAL_DESIGN_GEOMETRIC_PRESENTATION_REPRESENTATION (  '', ( #5866 ), #7634 ) ;
#7572 = ADVANCED_FACE ( 'NONE', ( #1551 ), #2620, .T. ) ;
#7573 = SURFACE_STYLE_FILL_AREA ( #1147 ) ;
#7575 = ORIENTED_EDGE ( 'NONE', *, *, #4838, .F. ) ;
#7574 = DIRECTION ( 'NONE',  ( 0.0000000000000000000, -0.0000000000000000000, 1.000000000000000000 ) ) ;
#7576 =( NAMED_UNIT ( * ) PLANE_ANGLE_UNIT ( ) SI_UNIT ( $, .RADIAN. ) );
#7577 = CARTESIAN_POINT ( 'NONE',  ( -40.70000000000001000, -67.99999999999998600, 19.99999999999999600 ) ) ;
#7578 = VECTOR ( 'NONE', #8765, 1000.000000000000000 ) ;
#7579 = LINE ( 'NONE', #9310, #6339 ) ;
#7580 = ORIENTED_EDGE ( 'NONE', *, *, #3172, .T. ) ;
#7581 = ORIENTED_EDGE ( 'NONE', *, *, #1298, .F. ) ;
#7582 = ORIENTED_EDGE ( 'NONE', *, *, #267, .T. ) ;
#7583 = EDGE_CURVE ( 'NONE', #5508, #5407, #4101, .T. ) ;
#7584 = DIRECTION ( 'NONE',  ( 2.847060021387389100E-016, -0.0000000000000000000, 1.000000000000000000 ) ) ;
#7585 = SURFACE_STYLE_FILL_AREA ( #119 ) ;
#7586 = CIRCLE ( 'NONE', #1265, 4.999999999999997300 ) ;
#7587 = PRESENTATION_LAYER_ASSIGNMENT (  '', '', ( #4061 ) ) ;
#7588 =( GEOMETRIC_REPRESENTATION_CONTEXT ( 3 ) GLOBAL_UNCERTAINTY_ASSIGNED_CONTEXT ( ( #1309 ) ) GLOBAL_UNIT_ASSIGNED_CONTEXT ( ( #1394, #6887, #3739 ) ) REPRESENTATION_CONTEXT ( 'NONE', 'WORKASPACE' ) );
#7589 = SURFACE_STYLE_USAGE ( .BOTH. , #9902 ) ;
#7590 = ORIENTED_EDGE ( 'NONE', *, *, #8376, .T. ) ;
#7591 = CARTESIAN_POINT ( 'NONE',  ( 117.0000000000000000, 115.0000000000000000, 0.0000000000000000000 ) ) ;
#7592 = EDGE_CURVE ( 'NONE', #924, #8516, #1895, .T. ) ;
#7593 = CARTESIAN_POINT ( 'NONE',  ( 134.0000000000000600, -5.999999999999992900, 18.00000000000000000 ) ) ;
#7594 = ORIENTED_EDGE ( 'NONE', *, *, #5452, .T. ) ;
#7595 = ORIENTED_EDGE ( 'NONE', *, *, #36, .T. ) ;
#7596 = DIRECTION ( 'NONE',  ( 1.000000000000000000, 0.0000000000000000000, -0.0000000000000000000 ) ) ;
#7597 = CIRCLE ( 'NONE', #4206, 3.750000000000010200 ) ;
#7598 = PRESENTATION_STYLE_ASSIGNMENT (( #765 ) ) ;
#7599 = DIRECTION ( 'NONE',  ( -0.7071067811865487900, 0.7071067811865463500, -0.0000000000000000000 ) ) ;
#7600 = DIRECTION ( 'NONE',  ( 0.0000000000000000000, 1.000000000000000000, 0.0000000000000000000 ) ) ;
#7601 = ORIENTED_EDGE ( 'NONE', *, *, #9865, .T. ) ;
#7602 = CARTESIAN_POINT ( 'NONE',  ( -16.22498073958795200, 16.00000000000000000, 3.000000000000003100 ) ) ;
#7603 =( NAMED_UNIT ( * ) PLANE_ANGLE_UNIT ( ) SI_UNIT ( $, .RADIAN. ) );
#7604 = ADVANCED_FACE ( 'NONE', ( #3365 ), #2020, .T. ) ;
#7605 = CARTESIAN_POINT ( 'NONE',  ( -30.00000000000008200, 14.99999999999998200, 15.00000000000000000 ) ) ;
#7606 = AXIS2_PLACEMENT_3D ( 'NONE', #1843, #2049, #1870 ) ;
#7607 = EDGE_CURVE ( 'NONE', #7252, #4114, #7691, .T. ) ;
#7608 = AXIS2_PLACEMENT_3D ( 'NONE', #10017, #8484, #2282 ) ;
#7609 = PLANE ( 'NONE',  #2968 ) ;
#7610 = LINE ( 'NONE', #6584, #128 ) ;
#7611 = LINE ( 'NONE', #9828, #2530 ) ;
#7612 =( NAMED_UNIT ( * ) PLANE_ANGLE_UNIT ( ) SI_UNIT ( $, .RADIAN. ) );
#7613 = EDGE_CURVE ( 'NONE', #4091, #542, #3732, .T. ) ;
#7614 = CARTESIAN_POINT ( 'NONE',  ( -53.70000000000021600, -75.99999999999998600, 19.99999999999999600 ) ) ;
#7615 = FACE_OUTER_BOUND ( 'NONE', #6554, .T. ) ;
#7616 = UNCERTAINTY_MEASURE_WITH_UNIT (LENGTH_MEASURE( 1.000000000000000100E-005 ), #9714, 'distance_accuracy_value', 'NONE');
#7617 = CARTESIAN_POINT ( 'NONE',  ( 2.999999999999994700, 18.00000000000000400, -14.00000000000000000 ) ) ;
#7618 = PRESENTATION_STYLE_ASSIGNMENT (( #8223 ) ) ;
#7619 =( GEOMETRIC_REPRESENTATION_CONTEXT ( 3 ) GLOBAL_UNCERTAINTY_ASSIGNED_CONTEXT ( ( #10085 ) ) GLOBAL_UNIT_ASSIGNED_CONTEXT ( ( #463, #5981, #4416 ) ) REPRESENTATION_CONTEXT ( 'NONE', 'WORKASPACE' ) );
#7620 = EDGE_CURVE ( 'NONE', #5007, #4204, #5610, .T. ) ;
#7621 = MECHANICAL_DESIGN_GEOMETRIC_PRESENTATION_REPRESENTATION (  '', ( #9243 ), #2852 ) ;
#7622 =( NAMED_UNIT ( * ) PLANE_ANGLE_UNIT ( ) SI_UNIT ( $, .RADIAN. ) );
#7623 = VECTOR ( 'NONE', #6481, 1000.000000000000000 ) ;
#7624 =( LENGTH_UNIT ( ) NAMED_UNIT ( * ) SI_UNIT ( .MILLI., .METRE. ) );
#7625 = FACE_OUTER_BOUND ( 'NONE', #2737, .T. ) ;
#7626 = FILL_AREA_STYLE_COLOUR ( '', #6889 ) ;
#7627 = ORIENTED_EDGE ( 'NONE', *, *, #5764, .T. ) ;
#7628 = ADVANCED_FACE ( 'NONE', ( #577 ), #784, .T. ) ;
#7629 = DIRECTION ( 'NONE',  ( 0.0000000000000000000, 0.0000000000000000000, 1.000000000000000000 ) ) ;
#7630 = VERTEX_POINT ( 'NONE', #5432 ) ;
#7631 =( NAMED_UNIT ( * ) PLANE_ANGLE_UNIT ( ) SI_UNIT ( $, .RADIAN. ) );
#7632 = CARTESIAN_POINT ( 'NONE',  ( -55.00000000000005700, -39.96446609406761800, -39.96446609406717700 ) ) ;
#7633 = STYLED_ITEM ( 'NONE', ( #5366 ), #866 ) ;
#7634 =( GEOMETRIC_REPRESENTATION_CONTEXT ( 3 ) GLOBAL_UNCERTAINTY_ASSIGNED_CONTEXT ( ( #8179 ) ) GLOBAL_UNIT_ASSIGNED_CONTEXT ( ( #1501, #6888, #4537 ) ) REPRESENTATION_CONTEXT ( 'NONE', 'WORKASPACE' ) );
#7635 =( NAMED_UNIT ( * ) SI_UNIT ( $, .STERADIAN. ) SOLID_ANGLE_UNIT ( ) );
#7636 = DIRECTION ( 'NONE',  ( 1.000000000000000000, 0.0000000000000000000, 0.0000000000000000000 ) ) ;
#7637 = ORIENTED_EDGE ( 'NONE', *, *, #238, .T. ) ;
#7638 = COLOUR_RGB ( '',1.000000000000000000, 1.000000000000000000, 1.000000000000000000 ) ;
#7639 = CARTESIAN_POINT ( 'NONE',  ( -13.87042614893940500, 0.0000000000000000000, -11.47219588600272800 ) ) ;
#7640 = CARTESIAN_POINT ( 'NONE',  ( 0.0000000000000000000, 16.00000000000000000, 0.0000000000000000000 ) ) ;
#7641 = CARTESIAN_POINT ( 'NONE',  ( -12.00000000000008700, 30.99999999999998200, 27.99097345859914300 ) ) ;
#7642 = LINE ( 'NONE', #2945, #3442 ) ;
#7643 = SURFACE_SIDE_STYLE ('',( #3684 ) ) ;
#7644 = STYLED_ITEM ( 'NONE', ( #9477 ), #2198 ) ;
#7645 = VECTOR ( 'NONE', #4410, 1000.000000000000000 ) ;
#7646 =( GEOMETRIC_REPRESENTATION_CONTEXT ( 3 ) GLOBAL_UNCERTAINTY_ASSIGNED_CONTEXT ( ( #5091 ) ) GLOBAL_UNIT_ASSIGNED_CONTEXT ( ( #1732, #2460, #4043 ) ) REPRESENTATION_CONTEXT ( 'NONE', 'WORKASPACE' ) );
#7647 = CYLINDRICAL_SURFACE ( 'NONE', #5556, 4.999999999999997300 ) ;
#7648 = ADVANCED_FACE ( 'NONE', ( #208 ), #725, .F. ) ;
#7649 = ORIENTED_EDGE ( 'NONE', *, *, #3898, .F. ) ;
#7650 = DIRECTION ( 'NONE',  ( -0.4999999999999999400, 0.0000000000000000000, 0.8660254037844387100 ) ) ;
#7651 = DIRECTION ( 'NONE',  ( 1.000000000000000000, -0.0000000000000000000, 0.0000000000000000000 ) ) ;
#7652 = ORIENTED_EDGE ( 'NONE', *, *, #319, .F. ) ;
#7653 = CARTESIAN_POINT ( 'NONE',  ( 117.0000000000000000, 115.0000000000000000, 0.9289321881345026200 ) ) ;
#7654 = PLANE ( 'NONE',  #4435 ) ;
#7655 = FILL_AREA_STYLE_COLOUR ( '', #31 ) ;
#7656 = SURFACE_STYLE_FILL_AREA ( #5126 ) ;
#7657 = MECHANICAL_DESIGN_GEOMETRIC_PRESENTATION_REPRESENTATION (  '', ( #5694 ), #4475 ) ;
#7658 = VERTEX_POINT ( 'NONE', #3026 ) ;
#7659 =( LENGTH_UNIT ( ) NAMED_UNIT ( * ) SI_UNIT ( .MILLI., .METRE. ) );
#7660 = EDGE_CURVE ( 'NONE', #8317, #9753, #3112, .T. ) ;
#7661 = AXIS2_PLACEMENT_3D ( 'NONE', #3317, #8851, #8926 ) ;
#7662 = DIRECTION ( 'NONE',  ( 0.0000000000000000000, 0.0000000000000000000, 1.000000000000000000 ) ) ;
#7663 = EDGE_CURVE ( 'NONE', #3698, #6436, #9870, .T. ) ;
#7664 =( LENGTH_UNIT ( ) NAMED_UNIT ( * ) SI_UNIT ( .MILLI., .METRE. ) );
#7666 =( NAMED_UNIT ( * ) PLANE_ANGLE_UNIT ( ) SI_UNIT ( $, .RADIAN. ) );
#7665 = LINE ( 'NONE', #292, #4822 ) ;
#7667 = EDGE_LOOP ( 'NONE', ( #5742, #2000, #3949, #5220 ) ) ;
#7668 = LINE ( 'NONE', #2639, #3469 ) ;
#7669 = UNCERTAINTY_MEASURE_WITH_UNIT (LENGTH_MEASURE( 1.000000000000000100E-005 ), #980, 'distance_accuracy_value', 'NONE');
#7670 = VERTEX_POINT ( 'NONE', #9376 ) ;
#7671 = CARTESIAN_POINT ( 'NONE',  ( -50.00000000000008500, 32.99999999999997900, 19.99999999999999600 ) ) ;
#7672 =( NAMED_UNIT ( * ) PLANE_ANGLE_UNIT ( ) SI_UNIT ( $, .RADIAN. ) );
#7673 = FACE_OUTER_BOUND ( 'NONE', #5837, .T. ) ;
#7674 = CIRCLE ( 'NONE', #4543, 0.7500000000000145400 ) ;
#7675 = CARTESIAN_POINT ( 'NONE',  ( 0.0000000000000000000, 0.0000000000000000000, 0.0000000000000000000 ) ) ;
#7676 = CIRCLE ( 'NONE', #747, 16.50000000000000000 ) ;
#7677 = AXIS2_PLACEMENT_3D ( 'NONE', #8932, #5864, #8191 ) ;
#7678 = ORIENTED_EDGE ( 'NONE', *, *, #8204, .F. ) ;
#7679 = LINE ( 'NONE', #3346, #6086 ) ;
#7680 = ORIENTED_EDGE ( 'NONE', *, *, #9242, .F. ) ;
#7681 = EDGE_CURVE ( 'NONE', #5019, #7939, #4851, .T. ) ;
#7682 = CONICAL_SURFACE ( 'NONE', #6314, 3.000000000000002700, 0.04008340807841039700 ) ;
#7684 = VERTEX_POINT ( 'NONE', #2179 ) ;
#7683 = DIRECTION ( 'NONE',  ( 1.000000000000000000, 0.0000000000000000000, 0.0000000000000000000 ) ) ;
#7685 = DIRECTION ( 'NONE',  ( 2.832970416661064100E-016, -0.9924997185854459400, 0.1222469165574757400 ) ) ;
#7686 = FILL_AREA_STYLE_COLOUR ( '', #9913 ) ;
#7687 = VECTOR ( 'NONE', #2172, 1000.000000000000000 ) ;
#7688 = ORIENTED_EDGE ( 'NONE', *, *, #2283, .T. ) ;
#7689 =( NAMED_UNIT ( * ) SI_UNIT ( $, .STERADIAN. ) SOLID_ANGLE_UNIT ( ) );
#7690 = VERTEX_POINT ( 'NONE', #3059 ) ;
#7691 = LINE ( 'NONE', #3838, #214 ) ;
#7692 = PRESENTATION_STYLE_ASSIGNMENT (( #6869 ) ) ;
#7693 = VERTEX_POINT ( 'NONE', #9342 ) ;
#7694 = CARTESIAN_POINT ( 'NONE',  ( 135.0000000000000600, -79.92893218813439700, 39.05588067195314000 ) ) ;
#7695 = CARTESIAN_POINT ( 'NONE',  ( 140.0000000000000000, 41.46446609406696400, -41.46446609406742600 ) ) ;
#7696 = MECHANICAL_DESIGN_GEOMETRIC_PRESENTATION_REPRESENTATION (  '', ( #8011 ), #665 ) ;
#7697 = AXIS2_PLACEMENT_3D ( 'NONE', #7887, #8538, #707 ) ;
#7698 = DIRECTION ( 'NONE',  ( 1.000000000000000000, 0.0000000000000000000, 0.0000000000000000000 ) ) ;
#7699 = COLOUR_RGB ( '',1.000000000000000000, 1.000000000000000000, 1.000000000000000000 ) ;
#7700 = FACE_OUTER_BOUND ( 'NONE', #4111, .T. ) ;
#7701 =( LENGTH_UNIT ( ) NAMED_UNIT ( * ) SI_UNIT ( .MILLI., .METRE. ) );
#7702 = ORIENTED_EDGE ( 'NONE', *, *, #8597, .F. ) ;
#7703 = LINE ( 'NONE', #4746, #1562 ) ;
#7704 = EDGE_LOOP ( 'NONE', ( #5205, #9025, #565, #3091 ) ) ;
#7705 = DIRECTION ( 'NONE',  ( -0.0000000000000000000, -0.0000000000000000000, -1.000000000000000000 ) ) ;
#7706 = DIRECTION ( 'NONE',  ( 0.0000000000000000000, 1.000000000000000000, 0.0000000000000000000 ) ) ;
#7707 = DIRECTION ( 'NONE',  ( 0.0000000000000000000, -1.000000000000000000, 0.0000000000000000000 ) ) ;
#7708 = ADVANCED_FACE ( 'NONE', ( #9622 ), #6916, .F. ) ;
#7709 = PLANE ( 'NONE',  #5248 ) ;
#7710 = FACE_BOUND ( 'NONE', #1605, .T. ) ;
#7711 = PRESENTATION_LAYER_ASSIGNMENT (  '', '', ( #1707 ) ) ;
#7712 = ORIENTED_EDGE ( 'NONE', *, *, #2555, .T. ) ;
#7713 = FILL_AREA_STYLE ('',( #5352 ) ) ;
#7714 = ORIENTED_EDGE ( 'NONE', *, *, #2259, .F. ) ;
#7715 = SURFACE_STYLE_USAGE ( .BOTH. , #4712 ) ;
#7716 = DIRECTION ( 'NONE',  ( 1.000000000000000000, 0.0000000000000000000, -0.0000000000000000000 ) ) ;
#7717 = PLANE ( 'NONE',  #3534 ) ;
#7718 = PRESENTATION_STYLE_ASSIGNMENT (( #538 ) ) ;
#7719 = ORIENTED_EDGE ( 'NONE', *, *, #8085, .F. ) ;
#7720 = DIRECTION ( 'NONE',  ( 0.7071067811865487900, -0.7071067811865463500, 0.0000000000000000000 ) ) ;
#7721 = MECHANICAL_DESIGN_GEOMETRIC_PRESENTATION_REPRESENTATION (  '', ( #5950 ), #2045 ) ;
#7722 = STYLED_ITEM ( 'NONE', ( #364 ), #6574 ) ;
#7723 = DIRECTION ( 'NONE',  ( 0.0000000000000000000, 0.0000000000000000000, 1.000000000000000000 ) ) ;
#7724 = DIRECTION ( 'NONE',  ( 0.0000000000000000000, 1.000000000000000000, 0.0000000000000000000 ) ) ;
#7725 = CARTESIAN_POINT ( 'NONE',  ( 5.514414158440660100, 0.0000000000000000000, -15.55124549639639800 ) ) ;
#7726 = EDGE_CURVE ( 'NONE', #8505, #7246, #5113, .T. ) ;
#7727 = SURFACE_SIDE_STYLE ('',( #2308 ) ) ;
#7728 = ORIENTED_EDGE ( 'NONE', *, *, #1963, .F. ) ;
#7729 = ADVANCED_FACE ( 'NONE', ( #2240 ), #9410, .F. ) ;
#7730 = PRODUCT_DEFINITION_CONTEXT ( 'detailed design', #8055, 'design' ) ;
#7731 = DIRECTION ( 'NONE',  ( 0.0000000000000000000, 0.0000000000000000000, 1.000000000000000000 ) ) ;
#7732 = FILL_AREA_STYLE ('',( #2900 ) ) ;
#7733 = DIRECTION ( 'NONE',  ( -3.304235192336776600E-017, -1.000000000000000000, 0.0000000000000000000 ) ) ;
#7734 = STYLED_ITEM ( 'NONE', ( #896 ), #4338 ) ;
#7735 = EDGE_CURVE ( 'NONE', #1751, #7412, #5228, .T. ) ;
#7736 = STYLED_ITEM ( 'NONE', ( #9879 ), #7572 ) ;
#7737 = VERTEX_POINT ( 'NONE', #2441 ) ;
#7738 = UNCERTAINTY_MEASURE_WITH_UNIT (LENGTH_MEASURE( 1.000000000000000100E-005 ), #8659, 'distance_accuracy_value', 'NONE');
#7739 = SURFACE_SIDE_STYLE ('',( #6397 ) ) ;
#7740 = CARTESIAN_POINT ( 'NONE',  ( -10.70000000000000500, -74.00000000000000000, 19.99999999999999600 ) ) ;
#7741 = VECTOR ( 'NONE', #2666, 1000.000000000000000 ) ;
#7742 = CYLINDRICAL_SURFACE ( 'NONE', #9941, 20.50000000000000000 ) ;
#7743 = CARTESIAN_POINT ( 'NONE',  ( 17.74823934929884600, 16.00000000000000000, 2.999999999999998700 ) ) ;
#7744 = ORIENTED_EDGE ( 'NONE', *, *, #1287, .T. ) ;
#7745 = DIRECTION ( 'NONE',  ( 0.0000000000000000000, 0.0000000000000000000, -1.000000000000000000 ) ) ;
#7746 = VERTEX_POINT ( 'NONE', #7150 ) ;
#7747 = PLANE ( 'NONE',  #10062 ) ;
#7748 = DIRECTION ( 'NONE',  ( 0.0000000000000000000, 0.0000000000000000000, 1.000000000000000000 ) ) ;
#7749 = CARTESIAN_POINT ( 'NONE',  ( -45.70000000000000300, -13.99999999999999800, 21.20000000000002100 ) ) ;
#7750 = SURFACE_STYLE_FILL_AREA ( #3168 ) ;
#7751 = ORIENTED_EDGE ( 'NONE', *, *, #5402, .T. ) ;
#7752 = ORIENTED_EDGE ( 'NONE', *, *, #3172, .F. ) ;
#7753 = ADVANCED_FACE ( 'NONE', ( #3848 ), #7975, .F. ) ;
#7754 = PRESENTATION_LAYER_ASSIGNMENT (  '', '', ( #2443 ) ) ;
#7755 = STYLED_ITEM ( 'NONE', ( #6407 ), #8972 ) ;
#7756 = DIRECTION ( 'NONE',  ( 0.0000000000000000000, 1.000000000000000000, 0.0000000000000000000 ) ) ;
#7757 = EDGE_CURVE ( 'NONE', #8773, #3179, #7449, .T. ) ;
#7758 = VECTOR ( 'NONE', #9928, 1000.000000000000000 ) ;
#7759 = SURFACE_SIDE_STYLE ('',( #7750 ) ) ;
#7760 = DIRECTION ( 'NONE',  ( 1.000000000000000000, 0.0000000000000000000, -1.239088197126291100E-016 ) ) ;
#7761 = ORIENTED_EDGE ( 'NONE', *, *, #9767, .F. ) ;
#7762 = LINE ( 'NONE', #1360, #2693 ) ;
#7763 = DIRECTION ( 'NONE',  ( 1.000000000000000000, 0.0000000000000000000, 0.0000000000000000000 ) ) ;
#7764 = DIRECTION ( 'NONE',  ( -1.000000000000000000, 0.0000000000000000000, 0.0000000000000000000 ) ) ;
#7765 =( GEOMETRIC_REPRESENTATION_CONTEXT ( 3 ) GLOBAL_UNCERTAINTY_ASSIGNED_CONTEXT ( ( #7162 ) ) GLOBAL_UNIT_ASSIGNED_CONTEXT ( ( #1208, #7420, #2682 ) ) REPRESENTATION_CONTEXT ( 'NONE', 'WORKASPACE' ) );
#7766 = AXIS2_PLACEMENT_3D ( 'NONE', #9208, #1395, #6997 ) ;
#7767 = PLANE ( 'NONE',  #9179 ) ;
#7768 = FACE_OUTER_BOUND ( 'NONE', #4836, .T. ) ;
#7769 = ORIENTED_EDGE ( 'NONE', *, *, #2818, .T. ) ;
#7770 = FACE_OUTER_BOUND ( 'NONE', #8160, .T. ) ;
#7771 = LINE ( 'NONE', #1925, #1973 ) ;
#7772 = SURFACE_STYLE_USAGE ( .BOTH. , #2247 ) ;
#7773 = ORIENTED_EDGE ( 'NONE', *, *, #2851, .F. ) ;
#7774 =( LENGTH_UNIT ( ) NAMED_UNIT ( * ) SI_UNIT ( .MILLI., .METRE. ) );
#7775 = ADVANCED_FACE ( 'NONE', ( #1426 ), #9441, .F. ) ;
#7776 = SURFACE_STYLE_FILL_AREA ( #356 ) ;
#7777 = VERTEX_POINT ( 'NONE', #8744 ) ;
#7778 = EDGE_CURVE ( 'NONE', #4476, #1481, #1761, .T. ) ;
#7779 = CARTESIAN_POINT ( 'NONE',  ( 15.55124549639639600, 0.0000000000000000000, -5.514414158440661900 ) ) ;
#7780 = CARTESIAN_POINT ( 'NONE',  ( -53.70000000000021600, -75.99999999999998600, 19.99999999999999600 ) ) ;
#7781 = CARTESIAN_POINT ( 'NONE',  ( -41.94999999999999600, -31.99999999999999300, 22.00000000000000000 ) ) ;
#7782 = MECHANICAL_DESIGN_GEOMETRIC_PRESENTATION_REPRESENTATION (  '', ( #4946 ), #952 ) ;
#7783 = VERTEX_POINT ( 'NONE', #6531 ) ;
#7784 = STYLED_ITEM ( 'NONE', ( #7382 ), #6136 ) ;
#7785 = CIRCLE ( 'NONE', #3688, 18.00000000000000000 ) ;
#7786 = EDGE_CURVE ( 'NONE', #2677, #7191, #3719, .T. ) ;
#7787 = PRESENTATION_STYLE_ASSIGNMENT (( #9932 ) ) ;
#7788 =( LENGTH_UNIT ( ) NAMED_UNIT ( * ) SI_UNIT ( .MILLI., .METRE. ) );
#7789 = ORIENTED_EDGE ( 'NONE', *, *, #1107, .T. ) ;
#7790 =( LENGTH_UNIT ( ) NAMED_UNIT ( * ) SI_UNIT ( .MILLI., .METRE. ) );
#7791 = VECTOR ( 'NONE', #5655, 1000.000000000000000 ) ;
#7792 = CARTESIAN_POINT ( 'NONE',  ( 0.0000000000000000000, 0.0000000000000000000, 16.00000000000000000 ) ) ;
#7793 = ORIENTED_EDGE ( 'NONE', *, *, #2085, .F. ) ;
#7794 = STYLED_ITEM ( 'NONE', ( #4213 ), #3811 ) ;
#7795 = SURFACE_STYLE_USAGE ( .BOTH. , #2961 ) ;
#7796 = UNCERTAINTY_MEASURE_WITH_UNIT (LENGTH_MEASURE( 1.000000000000000100E-005 ), #3213, 'distance_accuracy_value', 'NONE');
#7797 = EDGE_CURVE ( 'NONE', #1184, #8533, #2739, .T. ) ;
#7798 = STYLED_ITEM ( 'NONE', ( #6475 ), #6823 ) ;
#7799 = EDGE_LOOP ( 'NONE', ( #2125, #3544, #9262, #5578 ) ) ;
#7800 =( NAMED_UNIT ( * ) PLANE_ANGLE_UNIT ( ) SI_UNIT ( $, .RADIAN. ) );
#7801 = EDGE_CURVE ( 'NONE', #1001, #6221, #81, .T. ) ;
#7802 = FILL_AREA_STYLE_COLOUR ( '', #2031 ) ;
#7803 = CARTESIAN_POINT ( 'NONE',  ( 0.0000000000000000000, 10.00000000000000000, -20.00000000000000000 ) ) ;
#7804 = COLOUR_RGB ( '',1.000000000000000000, 1.000000000000000000, 1.000000000000000000 ) ;
#7805 = ORIENTED_EDGE ( 'NONE', *, *, #3002, .T. ) ;
#7806 = COLOUR_RGB ( '',0.9098039215686274400, 0.4431372549019607600, 0.03137254901960784300 ) ;
#7807 =( NAMED_UNIT ( * ) SI_UNIT ( $, .STERADIAN. ) SOLID_ANGLE_UNIT ( ) );
#7808 = EDGE_LOOP ( 'NONE', ( #4823, #7325, #767, #4738 ) ) ;
#7809 = DIRECTION ( 'NONE',  ( -0.0000000000000000000, -0.0000000000000000000, -1.000000000000000000 ) ) ;
#7810 = DIRECTION ( 'NONE',  ( -0.0000000000000000000, -0.0000000000000000000, -1.000000000000000000 ) ) ;
#7811 = STYLED_ITEM ( 'NONE', ( #4511 ), #5109 ) ;
#7812 =( NAMED_UNIT ( * ) PLANE_ANGLE_UNIT ( ) SI_UNIT ( $, .RADIAN. ) );
#7813 = EDGE_CURVE ( 'NONE', #102, #8046, #6937, .T. ) ;
#7814 = AXIS2_PLACEMENT_3D ( 'NONE', #8772, #9494, #127 ) ;
#7815 = CARTESIAN_POINT ( 'NONE',  ( -6.000000000000006200, 20.00000000000000000, -13.99999999999999800 ) ) ;
#7816 = CLOSED_SHELL ( 'NONE', ( #1545, #3562, #9987, #7125, #2066, #4729, #8117, #2833, #1071, #6281, #2281, #1364, #8868, #615, #400, #8294, #8457, #3789, #9357, #2155, #96, #2937, #4621, #2402, #6775, #7951, #1962, #2790, #7291, #9084, #9456, #5910, #9938, #6136, #964, #2228, #4004, #5857, #5757, #6234, #2886, #3893, #1422, #2088, #2991, #9135, #1863, #5409, #6628, #3073, #7826, #3355, #5377, #6454, #6324, #6574, #2198, #4398, #5571, #9702, #4124, #8929, #5551, #8343, #554, #9798, #4338, #7875, #7546, #4178, #8413, #1242, #531, #6985, #3461, #7729, #6900, #8706, #1127, #5036, #4437, #3119, #1171, #8972, #7049, #7479, #6958, #9337, #1261, #9894, #7454, #1938, #7008, #3926, #8058, #3093, #3706, #2102, #5804, #1219, #5109, #5529, #5187, #10055, #2628, #6059, #9749, #10015, #2676, #8631, #5080, #484, #1494, #5882, #6823, #3024, #6673, #9191, #3609, #7231, #5430, #6521, #2328, #3409, #3811, #507, #9284, #4309, #1319, #742, #9407, #8224, #6184, #8511, #8319, #866, #3836, #1710, #6162, #1289, #6112, #9257, #9867, #4419, #6012, #717, #3536, #5239, #6796, #7753, #2178, #4671, #5290, #7177, #6209, #1826, #4651, #4981, #1916, #2738, #9312, #2376, #7708, #7775, #10109, #10084, #4561, #5140, #2017, #66, #255, #3768, #5960, #7628 ) ) ;
#7817 = VERTEX_POINT ( 'NONE', #8819 ) ;
#7818 = FILL_AREA_STYLE_COLOUR ( '', #3600 ) ;
#7819 = LINE ( 'NONE', #3722, #5379 ) ;
#7820 = COLOUR_RGB ( '',1.000000000000000000, 1.000000000000000000, 1.000000000000000000 ) ;
#7821 = ORIENTED_EDGE ( 'NONE', *, *, #5098, .F. ) ;
#7822 = DIRECTION ( 'NONE',  ( 0.0000000000000000000, 0.0000000000000000000, 1.000000000000000000 ) ) ;
#7823 =( NAMED_UNIT ( * ) SI_UNIT ( $, .STERADIAN. ) SOLID_ANGLE_UNIT ( ) );
#7824 =( GEOMETRIC_REPRESENTATION_CONTEXT ( 3 ) GLOBAL_UNCERTAINTY_ASSIGNED_CONTEXT ( ( #9914 ) ) GLOBAL_UNIT_ASSIGNED_CONTEXT ( ( #6599, #1967, #3552 ) ) REPRESENTATION_CONTEXT ( 'NONE', 'WORKASPACE' ) );
#7825 = AXIS2_PLACEMENT_3D ( 'NONE', #9656, #9006, #9733 ) ;
#7826 = ADVANCED_FACE ( 'NONE', ( #7547 ), #9981, .T. ) ;
#7827 = ORIENTED_EDGE ( 'NONE', *, *, #185, .F. ) ;
#7828 = CARTESIAN_POINT ( 'NONE',  ( 6.276043463296112200, 16.00000000000000000, 16.87042614893939800 ) ) ;
#7829 = EDGE_LOOP ( 'NONE', ( #5755, #2089, #8203, #7428 ) ) ;
#7830 = SURFACE_STYLE_USAGE ( .BOTH. , #4691 ) ;
#7831 = CIRCLE ( 'NONE', #9408, 4.999999999999997300 ) ;
#7832 = CONICAL_SURFACE ( 'NONE', #3676, 3.750000000000010200, 0.7853981633974529400 ) ;
#7833 = CARTESIAN_POINT ( 'NONE',  ( -9.500000000000081700, 90.00000000000001400, 12.99999999999999800 ) ) ;
#7834 = PRESENTATION_STYLE_ASSIGNMENT (( #2054 ) ) ;
#7835 = LINE ( 'NONE', #3627, #5408 ) ;
#7836 = DIRECTION ( 'NONE',  ( -0.0000000000000000000, -1.000000000000000000, -0.0000000000000000000 ) ) ;
#7837 = ORIENTED_EDGE ( 'NONE', *, *, #3351, .F. ) ;
#7838 = ORIENTED_EDGE ( 'NONE', *, *, #6279, .F. ) ;
#7839 =( LENGTH_UNIT ( ) NAMED_UNIT ( * ) SI_UNIT ( .MILLI., .METRE. ) );
#7840 = CYLINDRICAL_SURFACE ( 'NONE', #8253, 18.00000000000000000 ) ;
#7841 = CIRCLE ( 'NONE', #4718, 0.7500000000000075500 ) ;
#7842 =( GEOMETRIC_REPRESENTATION_CONTEXT ( 3 ) GLOBAL_UNCERTAINTY_ASSIGNED_CONTEXT ( ( #5853 ) ) GLOBAL_UNIT_ASSIGNED_CONTEXT ( ( #287, #6557, #5841 ) ) REPRESENTATION_CONTEXT ( 'NONE', 'WORKASPACE' ) );
#7843 = CARTESIAN_POINT ( 'NONE',  ( -3.000000000000000000, 16.00000000000000000, -17.74823934929884600 ) ) ;
#7844 = VERTEX_POINT ( 'NONE', #6568 ) ;
#7845 =( GEOMETRIC_REPRESENTATION_CONTEXT ( 3 ) GLOBAL_UNCERTAINTY_ASSIGNED_CONTEXT ( ( #2336 ) ) GLOBAL_UNIT_ASSIGNED_CONTEXT ( ( #8725, #4009, #936 ) ) REPRESENTATION_CONTEXT ( 'NONE', 'WORKASPACE' ) );
#7846 = CARTESIAN_POINT ( 'NONE',  ( 0.0000000000000000000, 16.00000000000000000, 0.0000000000000000000 ) ) ;
#7847 = PLANE ( 'NONE',  #1403 ) ;
#7848 =( NAMED_UNIT ( * ) SI_UNIT ( $, .STERADIAN. ) SOLID_ANGLE_UNIT ( ) );
#7849 = FILL_AREA_STYLE_COLOUR ( '', #6129 ) ;
#7850 = LINE ( 'NONE', #9077, #3900 ) ;
#7851 = COLOUR_RGB ( '',1.000000000000000000, 1.000000000000000000, 1.000000000000000000 ) ;
#7852 = CARTESIAN_POINT ( 'NONE',  ( 140.0000000000000000, 0.0000000000000000000, -24.99999999999999600 ) ) ;
#7853 = UNCERTAINTY_MEASURE_WITH_UNIT (LENGTH_MEASURE( 1.000000000000000100E-005 ), #9442, 'distance_accuracy_value', 'NONE');
#7854 = AXIS2_PLACEMENT_3D ( 'NONE', #8542, #5378, #7629 ) ;
#7855 = DIRECTION ( 'NONE',  ( 0.6785983445458436700, 0.2810846377148182900, -0.6785983445458512200 ) ) ;
#7856 = EDGE_CURVE ( 'NONE', #2857, #1446, #1531, .T. ) ;
#7857 = AXIS2_PLACEMENT_3D ( 'NONE', #8316, #5992, #6642 ) ;
#7858 = DIRECTION ( 'NONE',  ( 0.0000000000000000000, 0.7071067811865436900, -0.7071067811865513500 ) ) ;
#7859 = FILL_AREA_STYLE_COLOUR ( '', #728 ) ;
#7860 = EDGE_CURVE ( 'NONE', #5929, #1626, #8164, .T. ) ;
#7861 =( LENGTH_UNIT ( ) NAMED_UNIT ( * ) SI_UNIT ( .MILLI., .METRE. ) );
#7862 = CARTESIAN_POINT ( 'NONE',  ( -50.00000000000007800, 12.99999999999998400, 18.00000000000000000 ) ) ;
#7863 = FILL_AREA_STYLE_COLOUR ( '', #9885 ) ;
#7864 = CARTESIAN_POINT ( 'NONE',  ( 11.47219588600273500, 16.00000000000000000, -13.87042614893939800 ) ) ;
#7865 = UNCERTAINTY_MEASURE_WITH_UNIT (LENGTH_MEASURE( 1.000000000000000100E-005 ), #8080, 'distance_accuracy_value', 'NONE');
#7866 = PRESENTATION_STYLE_ASSIGNMENT (( #3100 ) ) ;
#7867 = DIRECTION ( 'NONE',  ( 0.0000000000000000000, 0.0000000000000000000, -1.000000000000000000 ) ) ;
#7868 = CARTESIAN_POINT ( 'NONE',  ( -2.598076211353326200, 0.0000000000000000000, 1.500000000000009500 ) ) ;
#7869 = VECTOR ( 'NONE', #7047, 1000.000000000000100 ) ;
#7870 =( GEOMETRIC_REPRESENTATION_CONTEXT ( 3 ) GLOBAL_UNCERTAINTY_ASSIGNED_CONTEXT ( ( #1742 ) ) GLOBAL_UNIT_ASSIGNED_CONTEXT ( ( #5348, #9237, #8448 ) ) REPRESENTATION_CONTEXT ( 'NONE', 'WORKASPACE' ) );
#7871 = EDGE_CURVE ( 'NONE', #2145, #4877, #6695, .T. ) ;
#7872 = AXIS2_PLACEMENT_3D ( 'NONE', #7561, #4394, #5888 ) ;
#7873 = CARTESIAN_POINT ( 'NONE',  ( -45.70000000000013100, -31.99999999999999300, 20.00000000000000000 ) ) ;
#7874 = SURFACE_SIDE_STYLE ('',( #2560 ) ) ;
#7875 = ADVANCED_FACE ( 'NONE', ( #4585 ), #237, .F. ) ;
#7876 =( NAMED_UNIT ( * ) PLANE_ANGLE_UNIT ( ) SI_UNIT ( $, .RADIAN. ) );
#7877 = ORIENTED_EDGE ( 'NONE', *, *, #3464, .T. ) ;
#7878 = CARTESIAN_POINT ( 'NONE',  ( 11.47219588600274400, 16.00000000000000000, 13.87042614893939100 ) ) ;
#7879 = DIRECTION ( 'NONE',  ( -0.0000000000000000000, -0.0000000000000000000, 1.000000000000000000 ) ) ;
#7880 = DIRECTION ( 'NONE',  ( 0.0000000000000000000, 0.0000000000000000000, 1.000000000000000000 ) ) ;
#7881 = MECHANICAL_DESIGN_GEOMETRIC_PRESENTATION_REPRESENTATION (  '', ( #2385 ), #6302 ) ;
#7882 = AXIS2_PLACEMENT_3D ( 'NONE', #3418, #227, #4165 ) ;
#7883 = VECTOR ( 'NONE', #7226, 1000.000000000000000 ) ;
#7884 = CARTESIAN_POINT ( 'NONE',  ( -19.99999999999998900, -164.8038475772933700, -5.000000000000004400 ) ) ;
#7885 = EDGE_CURVE ( 'NONE', #9893, #10006, #4073, .T. ) ;
#7886 = CARTESIAN_POINT ( 'NONE',  ( 137.0000000000000000, -7.000000000000004400, 24.07317073170731800 ) ) ;
#7888 = VECTOR ( 'NONE', #5121, 1000.000000000000000 ) ;
#7887 = CARTESIAN_POINT ( 'NONE',  ( -45.70000000000000300, -31.99999999999999300, 22.00000000000000000 ) ) ;
#7889 = LINE ( 'NONE', #9862, #3686 ) ;
#7890 = CARTESIAN_POINT ( 'NONE',  ( 99.99999999999994300, -164.8038475772933700, -8.000000000000007100 ) ) ;
#7891 = VECTOR ( 'NONE', #3674, 1000.000000000000000 ) ;
#7892 = ORIENTED_EDGE ( 'NONE', *, *, #7352, .F. ) ;
#7893 =( LENGTH_UNIT ( ) NAMED_UNIT ( * ) SI_UNIT ( .MILLI., .METRE. ) );
#7894 = SURFACE_STYLE_FILL_AREA ( #2345 ) ;
#7895 = STYLED_ITEM ( 'NONE', ( #2243 ), #1494 ) ;
#7897 = EDGE_LOOP ( 'NONE', ( #911, #5006, #5494, #2716 ) ) ;
#7896 =( GEOMETRIC_REPRESENTATION_CONTEXT ( 3 ) GLOBAL_UNCERTAINTY_ASSIGNED_CONTEXT ( ( #8662 ) ) GLOBAL_UNIT_ASSIGNED_CONTEXT ( ( #1847, #2629, #8930 ) ) REPRESENTATION_CONTEXT ( 'NONE', 'WORKASPACE' ) );
#7898 = CARTESIAN_POINT ( 'NONE',  ( -45.70000000000000300, -49.99999999999998600, 21.20000000000002100 ) ) ;
#7899 = CARTESIAN_POINT ( 'NONE',  ( -10.70000000000012900, -25.99999999999999600, 18.99999999999999600 ) ) ;
#7900 = ORIENTED_EDGE ( 'NONE', *, *, #6508, .T. ) ;
#7901 = DIRECTION ( 'NONE',  ( 0.8660254037844387100, 0.0000000000000000000, -0.4999999999999999400 ) ) ;
#7902 =( NAMED_UNIT ( * ) SI_UNIT ( $, .STERADIAN. ) SOLID_ANGLE_UNIT ( ) );
#7903 = CARTESIAN_POINT ( 'NONE',  ( 13.87042614893939300, 0.0000000000000000000, -11.47219588600274100 ) ) ;
#7904 = PRESENTATION_STYLE_ASSIGNMENT (( #6051 ) ) ;
#7905 = DIRECTION ( 'NONE',  ( 0.0000000000000000000, 0.0000000000000000000, 1.000000000000000000 ) ) ;
#7906 = VERTEX_POINT ( 'NONE', #5721 ) ;
#7907 = LINE ( 'NONE', #1196, #4967 ) ;
#7908 = PLANE ( 'NONE',  #5176 ) ;
#7909 = PLANE ( 'NONE',  #6579 ) ;
#7910 = PRESENTATION_LAYER_ASSIGNMENT (  '', '', ( #5682 ) ) ;
#7911 = EDGE_LOOP ( 'NONE', ( #5677, #6006, #10083, #2586 ) ) ;
#7912 = PRESENTATION_LAYER_ASSIGNMENT (  '', '', ( #7399 ) ) ;
#7913 = COLOUR_RGB ( '',1.000000000000000000, 1.000000000000000000, 1.000000000000000000 ) ;
#7914 = LINE ( 'NONE', #8835, #7552 ) ;
#7915 = EDGE_CURVE ( 'NONE', #2810, #3874, #7182, .T. ) ;
#7916 = EDGE_LOOP ( 'NONE', ( #2545, #1156, #1713, #5558 ) ) ;
#7917 = EDGE_LOOP ( 'NONE', ( #8907, #2334, #1189, #6246 ) ) ;
#7918 = VECTOR ( 'NONE', #272, 1000.000000000000000 ) ;
#7919 = PRESENTATION_STYLE_ASSIGNMENT (( #3270 ) ) ;
#7920 = ORIENTED_EDGE ( 'NONE', *, *, #9242, .T. ) ;
#7922 = CARTESIAN_POINT ( 'NONE',  ( 134.0000000000000600, -79.51471862576130400, 38.00000000000000000 ) ) ;
#7921 = UNCERTAINTY_MEASURE_WITH_UNIT (LENGTH_MEASURE( 1.000000000000000100E-005 ), #6310, 'distance_accuracy_value', 'NONE');
#7923 = PLANE ( 'NONE',  #8925 ) ;
#7924 = PLANE ( 'NONE',  #9797 ) ;
#7925 = CARTESIAN_POINT ( 'NONE',  ( -60.00000000000005700, -89.99999999999997200, 18.00000000000000000 ) ) ;
#7926 = DIRECTION ( 'NONE',  ( 0.0000000000000000000, 0.0000000000000000000, 1.000000000000000000 ) ) ;
#7927 = VECTOR ( 'NONE', #4542, 1000.000000000000000 ) ;
#7928 = VECTOR ( 'NONE', #47, 999.9999999999998900 ) ;
#7929 = CARTESIAN_POINT ( 'NONE',  ( -41.15000000000000600, -31.99999999999999300, 22.00000000000000000 ) ) ;
#7930 = ORIENTED_EDGE ( 'NONE', *, *, #2931, .T. ) ;
#7931 = ORIENTED_EDGE ( 'NONE', *, *, #3775, .T. ) ;
#7932 = EDGE_CURVE ( 'NONE', #357, #9573, #1885, .T. ) ;
#7933 =( GEOMETRIC_REPRESENTATION_CONTEXT ( 3 ) GLOBAL_UNCERTAINTY_ASSIGNED_CONTEXT ( ( #17 ) ) GLOBAL_UNIT_ASSIGNED_CONTEXT ( ( #4092, #7936, #4907 ) ) REPRESENTATION_CONTEXT ( 'NONE', 'WORKASPACE' ) );
#7934 =( NAMED_UNIT ( * ) SI_UNIT ( $, .STERADIAN. ) SOLID_ANGLE_UNIT ( ) );
#7935 = ORIENTED_EDGE ( 'NONE', *, *, #9820, .T. ) ;
#7936 =( NAMED_UNIT ( * ) PLANE_ANGLE_UNIT ( ) SI_UNIT ( $, .RADIAN. ) );
#7937 = FILL_AREA_STYLE_COLOUR ( '', #2844 ) ;
#7938 = SURFACE_STYLE_USAGE ( .BOTH. , #2404 ) ;
#7939 = VERTEX_POINT ( 'NONE', #8883 ) ;
#7940 = FACE_OUTER_BOUND ( 'NONE', #8860, .T. ) ;
#7941 = ORIENTED_EDGE ( 'NONE', *, *, #1263, .F. ) ;
#7942 = CARTESIAN_POINT ( 'NONE',  ( -10.70000000000000500, -74.00000000000000000, 19.99999999999999600 ) ) ;
#7943 = PRESENTATION_LAYER_ASSIGNMENT (  '', '', ( #2511 ) ) ;
#7944 =( LENGTH_UNIT ( ) NAMED_UNIT ( * ) SI_UNIT ( .MILLI., .METRE. ) );
#7945 =( GEOMETRIC_REPRESENTATION_CONTEXT ( 3 ) GLOBAL_UNCERTAINTY_ASSIGNED_CONTEXT ( ( #8348 ) ) GLOBAL_UNIT_ASSIGNED_CONTEXT ( ( #3595, #2807, #5204 ) ) REPRESENTATION_CONTEXT ( 'NONE', 'WORKASPACE' ) );
#7946 = PRESENTATION_LAYER_ASSIGNMENT (  '', '', ( #8139 ) ) ;
#7947 = CARTESIAN_POINT ( 'NONE',  ( -57.00000000000005000, -80.75735931288072300, 43.00000000000000000 ) ) ;
#7948 = FILL_AREA_STYLE ('',( #730 ) ) ;
#7949 = LINE ( 'NONE', #2335, #6851 ) ;
#7950 = ORIENTED_EDGE ( 'NONE', *, *, #10121, .T. ) ;
#7951 = ADVANCED_FACE ( 'NONE', ( #1413 ), #5753, .F. ) ;
#7952 = ORIENTED_EDGE ( 'NONE', *, *, #4546, .T. ) ;
#7953 = FACE_OUTER_BOUND ( 'NONE', #8962, .T. ) ;
#7954 = VECTOR ( 'NONE', #9523, 1000.000000000000000 ) ;
#7955 = FILL_AREA_STYLE ('',( #7161 ) ) ;
#7956 = FACE_OUTER_BOUND ( 'NONE', #4859, .T. ) ;
#7957 = AXIS2_PLACEMENT_3D ( 'NONE', #7530, #4397, #1946 ) ;
#7958 = STYLED_ITEM ( 'NONE', ( #2526 ), #9894 ) ;
#7959 = ORIENTED_EDGE ( 'NONE', *, *, #858, .F. ) ;
#7960 = DIRECTION ( 'NONE',  ( -0.0000000000000000000, -0.0000000000000000000, 1.000000000000000000 ) ) ;
#7961 = CARTESIAN_POINT ( 'NONE',  ( -12.55124549639640600, 16.00000000000000000, -10.71056658114728300 ) ) ;
#7962 = LINE ( 'NONE', #5495, #8215 ) ;
#7963 = FILL_AREA_STYLE_COLOUR ( '', #3324 ) ;
#7964 = PRESENTATION_STYLE_ASSIGNMENT (( #8155 ) ) ;
#7965 = SURFACE_SIDE_STYLE ('',( #6108 ) ) ;
#7966 = DIRECTION ( 'NONE',  ( 0.0000000000000000000, -1.000000000000000000, 0.0000000000000000000 ) ) ;
#7967 = VERTEX_POINT ( 'NONE', #8315 ) ;
#7968 = EDGE_CURVE ( 'NONE', #4029, #7175, #4825, .T. ) ;
#7969 =( LENGTH_UNIT ( ) NAMED_UNIT ( * ) SI_UNIT ( .MILLI., .METRE. ) );
#7970 = AXIS2_PLACEMENT_3D ( 'NONE', #7326, #5094, #5816 ) ;
#7971 = LINE ( 'NONE', #5767, #3780 ) ;
#7972 = VECTOR ( 'NONE', #8102, 1000.000000000000000 ) ;
#7973 =( NAMED_UNIT ( * ) SI_UNIT ( $, .STERADIAN. ) SOLID_ANGLE_UNIT ( ) );
#7974 = STYLED_ITEM ( 'NONE', ( #279 ), #6012 ) ;
#7975 = PLANE ( 'NONE',  #7539 ) ;
#7976 = UNCERTAINTY_MEASURE_WITH_UNIT (LENGTH_MEASURE( 1.000000000000000100E-005 ), #2985, 'distance_accuracy_value', 'NONE');
#7977 = SURFACE_STYLE_FILL_AREA ( #3328 ) ;
#7978 = ORIENTED_EDGE ( 'NONE', *, *, #1, .T. ) ;
#7979 = PRESENTATION_LAYER_ASSIGNMENT (  '', '', ( #7470 ) ) ;
#7980 = ORIENTED_EDGE ( 'NONE', *, *, #7005, .F. ) ;
#7981 = DIRECTION ( 'NONE',  ( 1.000000000000000000, 0.0000000000000000000, 0.0000000000000000000 ) ) ;
#7982 = EDGE_CURVE ( 'NONE', #8887, #3058, #4327, .T. ) ;
#7983 = MECHANICAL_DESIGN_GEOMETRIC_PRESENTATION_REPRESENTATION (  '', ( #7472 ), #2166 ) ;
#7984 = FILL_AREA_STYLE_COLOUR ( '', #1853 ) ;
#7985 = EDGE_CURVE ( 'NONE', #6992, #4300, #8745, .T. ) ;
#7986 = DIRECTION ( 'NONE',  ( -0.0000000000000000000, -0.0000000000000000000, -1.000000000000000000 ) ) ;
#7987 = ORIENTED_EDGE ( 'NONE', *, *, #7985, .F. ) ;
#7988 = DIRECTION ( 'NONE',  ( -1.000000000000000000, 0.0000000000000000000, 0.0000000000000000000 ) ) ;
#7989 = ORIENTED_EDGE ( 'NONE', *, *, #5899, .T. ) ;
#7990 = LINE ( 'NONE', #2410, #1720 ) ;
#7991 = FACE_OUTER_BOUND ( 'NONE', #6172, .T. ) ;
#7992 = SURFACE_SIDE_STYLE ('',( #5989 ) ) ;
#7993 = AXIS2_PLACEMENT_3D ( 'NONE', #3358, #4290, #8854 ) ;
#7994 = ORIENTED_EDGE ( 'NONE', *, *, #4813, .F. ) ;
#7995 = LINE ( 'NONE', #3599, #9942 ) ;
#7996 = EDGE_CURVE ( 'NONE', #1181, #2384, #423, .T. ) ;
#7997 = AXIS2_PLACEMENT_3D ( 'NONE', #8640, #3827, #811 ) ;
#7998 = DIRECTION ( 'NONE',  ( -0.7071067811865496800, 2.336447111136578000E-017, -0.7071067811865453500 ) ) ;
#7999 = DIRECTION ( 'NONE',  ( 0.0000000000000000000, 0.0000000000000000000, -1.000000000000000000 ) ) ;
#8000 = CARTESIAN_POINT ( 'NONE',  ( 140.0000000000000000, -66.99999999999998600, 8.000000000000014200 ) ) ;
#8001 = SURFACE_STYLE_USAGE ( .BOTH. , #106 ) ;
#8002 = ORIENTED_EDGE ( 'NONE', *, *, #4222, .T. ) ;
#8003 = FILL_AREA_STYLE ('',( #8588 ) ) ;
#8004 = DIRECTION ( 'NONE',  ( -0.0000000000000000000, -1.000000000000000000, -0.0000000000000000000 ) ) ;
#8005 = PRESENTATION_STYLE_ASSIGNMENT (( #7402 ) ) ;
#8006 = PRESENTATION_STYLE_ASSIGNMENT (( #6545 ) ) ;
#8007 =( NAMED_UNIT ( * ) SI_UNIT ( $, .STERADIAN. ) SOLID_ANGLE_UNIT ( ) );
#8008 = ITEM_DEFINED_TRANSFORMATION ( 'NONE', 'NONE', #3278,  #9592 ) ;
#8009 = ORIENTED_EDGE ( 'NONE', *, *, #7005, .T. ) ;
#8010 = CYLINDRICAL_SURFACE ( 'NONE', #4439, 3.750000000000010200 ) ;
#8011 = STYLED_ITEM ( 'NONE', ( #4360 ), #717 ) ;
#8012 = STYLED_ITEM ( 'NONE', ( #512 ), #9357 ) ;
#8013 = FACE_OUTER_BOUND ( 'NONE', #5504, .T. ) ;
#8014 = ORIENTED_EDGE ( 'NONE', *, *, #1610, .F. ) ;
#8015 = CARTESIAN_POINT ( 'NONE',  ( -50.25000000000000000, -67.99999999999998600, 22.00000000000000000 ) ) ;
#8016 = CARTESIAN_POINT ( 'NONE',  ( -58.00000000000004300, -5.999999999999995600, 24.00000000000000000 ) ) ;
#8017 =( LENGTH_UNIT ( ) NAMED_UNIT ( * ) SI_UNIT ( .MILLI., .METRE. ) );
#8018 = SURFACE_STYLE_USAGE ( .BOTH. , #3070 ) ;
#8019 = CARTESIAN_POINT ( 'NONE',  ( -45.70000000000000300, -67.99999999999998600, 22.00000000000000000 ) ) ;
#8020 = ORIENTED_EDGE ( 'NONE', *, *, #4291, .F. ) ;
#8021 = CARTESIAN_POINT ( 'NONE',  ( -1.999999999999946300, -77.99999999999998600, 16.00000000000000000 ) ) ;
#8022 = COLOUR_RGB ( '',0.9098039215686274400, 0.4431372549019607600, 0.03137254901960784300 ) ;
#8023 = CARTESIAN_POINT ( 'NONE',  ( -54.00000000000002800, -79.51471862576134700, 38.00000000000000000 ) ) ;
#8024 = CIRCLE ( 'NONE', #8205, 4.999999999999997300 ) ;
#8025 = FACE_OUTER_BOUND ( 'NONE', #1796, .T. ) ;
#8026 = ORIENTED_EDGE ( 'NONE', *, *, #5134, .F. ) ;
#8027 = SURFACE_STYLE_USAGE ( .BOTH. , #977 ) ;
#8028 = AXIS2_PLACEMENT_3D ( 'NONE', #8359, #446, #6781 ) ;
#8029 = AXIS2_PLACEMENT_3D ( 'NONE', #2667, #3462, #6613 ) ;
#8030 = DIRECTION ( 'NONE',  ( 0.0000000000000000000, 0.0000000000000000000, -1.000000000000000000 ) ) ;
#8031 =( NAMED_UNIT ( * ) PLANE_ANGLE_UNIT ( ) SI_UNIT ( $, .RADIAN. ) );
#8032 = VERTEX_POINT ( 'NONE', #6638 ) ;
#8033 = PRESENTATION_LAYER_ASSIGNMENT (  '', '', ( #6263 ) ) ;
#8034 = EDGE_LOOP ( 'NONE', ( #1661, #8349, #1443, #2214 ) ) ;
#8035 = VECTOR ( 'NONE', #6438, 1000.000000000000000 ) ;
#8036 = ORIENTED_EDGE ( 'NONE', *, *, #319, .T. ) ;
#8037 = CARTESIAN_POINT ( 'NONE',  ( -55.00000000000005700, -64.92893218813453900, -14.99999999999997900 ) ) ;
#8038 = FACE_OUTER_BOUND ( 'NONE', #5047, .T. ) ;
#8039 = CARTESIAN_POINT ( 'NONE',  ( -41.95000000000018000, -13.99999999999999800, 20.00000000000000000 ) ) ;
#8040 = CARTESIAN_POINT ( 'NONE',  ( -10.70000000000006700, -44.00000000000000000, 18.99999999999999600 ) ) ;
#8041 = EDGE_LOOP ( 'NONE', ( #5087, #2618, #3625, #3399 ) ) ;
#8042 = CARTESIAN_POINT ( 'NONE',  ( -10.70000000000019100, -19.99999999999997500, 19.99999999999999600 ) ) ;
#8043 = PRESENTATION_STYLE_ASSIGNMENT (( #1691 ) ) ;
#8044 = AXIS2_PLACEMENT_3D ( 'NONE', #2128, #1447, #2959 ) ;
#8045 = UNCERTAINTY_MEASURE_WITH_UNIT (LENGTH_MEASURE( 1.000000000000000100E-005 ), #2803, 'distance_accuracy_value', 'NONE');
#8046 = VERTEX_POINT ( 'NONE', #429 ) ;
#8047 = EDGE_CURVE ( 'NONE', #6213, #1705, #7425, .T. ) ;
#8048 =( GEOMETRIC_REPRESENTATION_CONTEXT ( 3 ) GLOBAL_UNCERTAINTY_ASSIGNED_CONTEXT ( ( #2055 ) ) GLOBAL_UNIT_ASSIGNED_CONTEXT ( ( #1897, #9047, #9004 ) ) REPRESENTATION_CONTEXT ( 'NONE', 'WORKASPACE' ) );
#8049 = EDGE_CURVE ( 'NONE', #3341, #1910, #3103, .T. ) ;
#8050 = VERTEX_POINT ( 'NONE', #1214 ) ;
#8051 = PLANE ( 'NONE',  #6275 ) ;
#8052 = DIRECTION ( 'NONE',  ( 0.0000000000000000000, 0.0000000000000000000, -1.000000000000000000 ) ) ;
#8053 = VERTEX_POINT ( 'NONE', #8951 ) ;
#8054 = DIRECTION ( 'NONE',  ( -0.7071067811865489100, -0.7071067811865462400, 0.0000000000000000000 ) ) ;
#8055 = APPLICATION_CONTEXT ( 'automotive_design' ) ;
#8056 = STYLED_ITEM ( 'NONE', ( #1004 ), #4651 ) ;
#8057 = VECTOR ( 'NONE', #9070, 1000.000000000000000 ) ;
#8058 = ADVANCED_FACE ( 'NONE', ( #7300 ), #8985, .T. ) ;
#8059 = COLOUR_RGB ( '',1.000000000000000000, 1.000000000000000000, 1.000000000000000000 ) ;
#8060 = EDGE_CURVE ( 'NONE', #8331, #9282, #5089, .T. ) ;
#8061 =( GEOMETRIC_REPRESENTATION_CONTEXT ( 3 ) GLOBAL_UNCERTAINTY_ASSIGNED_CONTEXT ( ( #7112 ) ) GLOBAL_UNIT_ASSIGNED_CONTEXT ( ( #7944, #7876, #3966 ) ) REPRESENTATION_CONTEXT ( 'NONE', 'WORKASPACE' ) );
#8062 = CARTESIAN_POINT ( 'NONE',  ( 0.0000000000000000000, 0.0000000000000000000, 0.0000000000000000000 ) ) ;
#8063 = VECTOR ( 'NONE', #4935, 1000.000000000000000 ) ;
#8064 = VECTOR ( 'NONE', #5419, 1000.000000000000000 ) ;
#8065 = CARTESIAN_POINT ( 'NONE',  ( 131.9999999999999400, 120.0000000000000100, -35.00000000000000000 ) ) ;
#8066 = ORIENTED_EDGE ( 'NONE', *, *, #4953, .F. ) ;
#8067 = CARTESIAN_POINT ( 'NONE',  ( 58.96446609406772400, 114.9999999999999900, 58.96446609406726200 ) ) ;
#8068 = ORIENTED_EDGE ( 'NONE', *, *, #4077, .T. ) ;
#8069 = CARTESIAN_POINT ( 'NONE',  ( -10.70000000000019100, -19.99999999999997500, 18.99999999999999600 ) ) ;
#8070 = VERTEX_POINT ( 'NONE', #5855 ) ;
#8071 = DIRECTION ( 'NONE',  ( 1.000000000000000000, 0.0000000000000000000, 0.0000000000000000000 ) ) ;
#8072 = CARTESIAN_POINT ( 'NONE',  ( -17.74823934929884600, 16.00000000000000000, 3.000000000000003600 ) ) ;
#8073 = CIRCLE ( 'NONE', #8367, 0.7500000000000145400 ) ;
#8074 = PLANE ( 'NONE',  #1682 ) ;
#8075 = CARTESIAN_POINT ( 'NONE',  ( 102.9999999999999600, -164.8038475772933700, -5.000000000000004400 ) ) ;
#8076 = VECTOR ( 'NONE', #5062, 999.9999999999998900 ) ;
#8077 =( NAMED_UNIT ( * ) SI_UNIT ( $, .STERADIAN. ) SOLID_ANGLE_UNIT ( ) );
#8078 = EDGE_CURVE ( 'NONE', #7500, #9836, #6076, .T. ) ;
#8079 = STYLED_ITEM ( 'NONE', ( #3440 ), #9135 ) ;
#8080 =( LENGTH_UNIT ( ) NAMED_UNIT ( * ) SI_UNIT ( .MILLI., .METRE. ) );
#8081 = VERTEX_POINT ( 'NONE', #5059 ) ;
#8082 = DIRECTION ( 'NONE',  ( -0.6785983445458457800, -0.2810846377148166800, 0.6785983445458498900 ) ) ;
#8083 =( NAMED_UNIT ( * ) SI_UNIT ( $, .STERADIAN. ) SOLID_ANGLE_UNIT ( ) );
#8084 = LINE ( 'NONE', #2944, #6009 ) ;
#8085 = EDGE_CURVE ( 'NONE', #7219, #471, #918, .T. ) ;
#8086 = ORIENTED_EDGE ( 'NONE', *, *, #2588, .T. ) ;
#8087 = LINE ( 'NONE', #9114, #3402 ) ;
#8088 = CARTESIAN_POINT ( 'NONE',  ( 2.999999999999996400, 18.00000000000000400, -3.673940397442055400E-016 ) ) ;
#8089 = DIRECTION ( 'NONE',  ( -0.0000000000000000000, -1.000000000000000000, -0.0000000000000000000 ) ) ;
#8090 = VECTOR ( 'NONE', #2027, 1000.000000000000000 ) ;
#8091 = PRESENTATION_STYLE_ASSIGNMENT (( #4545 ) ) ;
#8092 = SURFACE_STYLE_USAGE ( .BOTH. , #4229 ) ;
#8093 = STYLED_ITEM ( 'NONE', ( #3720 ), #1826 ) ;
#8094 = AXIS2_PLACEMENT_3D ( 'NONE', #9383, #2382, #2411 ) ;
#8095 = DIRECTION ( 'NONE',  ( 1.000000000000000000, 0.0000000000000000000, 0.0000000000000000000 ) ) ;
#8096 =( NAMED_UNIT ( * ) PLANE_ANGLE_UNIT ( ) SI_UNIT ( $, .RADIAN. ) );
#8097 = DIRECTION ( 'NONE',  ( 1.000000000000000000, 0.0000000000000000000, 0.0000000000000000000 ) ) ;
#8098 = DIRECTION ( 'NONE',  ( -0.8660254037844387100, 0.0000000000000000000, -0.4999999999999999400 ) ) ;
#8099 =( NAMED_UNIT ( * ) SI_UNIT ( $, .STERADIAN. ) SOLID_ANGLE_UNIT ( ) );
#8100 = LINE ( 'NONE', #9742, #6025 ) ;
#8101 = CARTESIAN_POINT ( 'NONE',  ( -12.00000000000008300, 14.99999999999998200, 14.99999999999999800 ) ) ;
#8102 = DIRECTION ( 'NONE',  ( -0.7044400585826640100, 0.7044400585826593500, -0.08676639745957151500 ) ) ;
#8103 = DIRECTION ( 'NONE',  ( 0.0000000000000000000, 0.0000000000000000000, -1.000000000000000000 ) ) ;
#8104 = EDGE_CURVE ( 'NONE', #8180, #5945, #4571, .T. ) ;
#8105 = DIRECTION ( 'NONE',  ( 1.000000000000000000, 0.0000000000000000000, -0.0000000000000000000 ) ) ;
#8106 = CARTESIAN_POINT ( 'NONE',  ( -3.000000000000093700, 16.00000000000000000, 1.622824212190862500E-014 ) ) ;
#8107 = DIRECTION ( 'NONE',  ( -0.0000000000000000000, -1.000000000000000000, -0.0000000000000000000 ) ) ;
#8108 = UNCERTAINTY_MEASURE_WITH_UNIT (LENGTH_MEASURE( 1.000000000000000100E-005 ), #9450, 'distance_accuracy_value', 'NONE');
#8109 =( GEOMETRIC_REPRESENTATION_CONTEXT ( 3 ) GLOBAL_UNCERTAINTY_ASSIGNED_CONTEXT ( ( #3807 ) ) GLOBAL_UNIT_ASSIGNED_CONTEXT ( ( #685, #2941, #587 ) ) REPRESENTATION_CONTEXT ( 'NONE', 'WORKASPACE' ) );
#8110 = SURFACE_STYLE_FILL_AREA ( #3891 ) ;
#8111 = CARTESIAN_POINT ( 'NONE',  ( -38.70000000000013100, -25.99999999999999600, 19.99999999999999600 ) ) ;
#8112 = AXIS2_PLACEMENT_3D ( 'NONE', #1463, #2915, #3700 ) ;
#8113 = DIRECTION ( 'NONE',  ( 0.0000000000000000000, -0.9973337235915658000, 0.07297563831157799500 ) ) ;
#8114 = EDGE_CURVE ( 'NONE', #4964, #3588, #2465, .T. ) ;
#8115 = DIRECTION ( 'NONE',  ( -1.000000000000000000, -0.0000000000000000000, -0.0000000000000000000 ) ) ;
#8116 = CARTESIAN_POINT ( 'NONE',  ( -40.70000000000001000, -31.99999999999999300, 22.00000000000000000 ) ) ;
#8117 = ADVANCED_FACE ( 'NONE', ( #8397 ), #6809, .T. ) ;
#8118 = CARTESIAN_POINT ( 'NONE',  ( 17.74823934929884600, 0.0000000000000000000, 2.999999999999998700 ) ) ;
#8119 = CARTESIAN_POINT ( 'NONE',  ( -48.00000000000008500, 30.99999999999998200, 19.99999999999999600 ) ) ;
#8120 = EDGE_LOOP ( 'NONE', ( #1537, #310, #112, #6116, #6312 ) ) ;
#8121 = AXIS2_PLACEMENT_3D ( 'NONE', #9814, #7473, #3659 ) ;
#8122 = DIRECTION ( 'NONE',  ( 0.0000000000000000000, 0.0000000000000000000, 1.000000000000000000 ) ) ;
#8123 = EDGE_CURVE ( 'NONE', #2675, #7100, #2967, .T. ) ;
#8124 = AXIS2_PLACEMENT_3D ( 'NONE', #5356, #6137, #690 ) ;
#8125 =( NAMED_UNIT ( * ) SI_UNIT ( $, .STERADIAN. ) SOLID_ANGLE_UNIT ( ) );
#8126 = EDGE_CURVE ( 'NONE', #3550, #6833, #4200, .T. ) ;
#8127 = PLANE ( 'NONE',  #6253 ) ;
#8128 = CARTESIAN_POINT ( 'NONE',  ( -6.276043463296103300, 16.00000000000000000, 16.87042614893939800 ) ) ;
#8129 = FACE_OUTER_BOUND ( 'NONE', #9128, .T. ) ;
#8130 = DIRECTION ( 'NONE',  ( -0.4999999999999999400, 0.0000000000000000000, 0.8660254037844387100 ) ) ;
#8131 = DIRECTION ( 'NONE',  ( 0.0000000000000000000, 0.7071067811865514600, 0.7071067811865435800 ) ) ;
#8132 = DIRECTION ( 'NONE',  ( 0.0000000000000000000, 0.0000000000000000000, 1.000000000000000000 ) ) ;
#8133 = CIRCLE ( 'NONE', #6366, 16.50000000000000000 ) ;
#8134 = AXIS2_PLACEMENT_3D ( 'NONE', #5128, #9121, #9903 ) ;
#8135 = PRESENTATION_STYLE_ASSIGNMENT (( #2812 ) ) ;
#8136 = SURFACE_STYLE_USAGE ( .BOTH. , #4240 ) ;
#8137 = DIRECTION ( 'NONE',  ( 0.0000000000000000000, 1.000000000000000000, -0.0000000000000000000 ) ) ;
#8138 = EDGE_CURVE ( 'NONE', #1098, #7349, #3586, .T. ) ;
#8139 = STYLED_ITEM ( 'NONE', ( #2452 ), #8343 ) ;
#8140 = ORIENTED_EDGE ( 'NONE', *, *, #1172, .T. ) ;
#8141 = CARTESIAN_POINT ( 'NONE',  ( -54.82281215830479900, 22.82281215830475300, 0.8555385810166272800 ) ) ;
#8142 = DIRECTION ( 'NONE',  ( 0.0000000000000000000, 1.000000000000000000, -0.0000000000000000000 ) ) ;
#8143 = ORIENTED_EDGE ( 'NONE', *, *, #6748, .T. ) ;
#8144 = FACE_OUTER_BOUND ( 'NONE', #9861, .T. ) ;
#8145 = COLOUR_RGB ( '',0.9098039215686274400, 0.4431372549019607600, 0.03137254901960784300 ) ;
#8146 = PLANE ( 'NONE',  #4544 ) ;
#8147 = ORIENTED_EDGE ( 'NONE', *, *, #9835, .F. ) ;
#8149 = SURFACE_STYLE_FILL_AREA ( #7146 ) ;
#8148 =( LENGTH_UNIT ( ) NAMED_UNIT ( * ) SI_UNIT ( .MILLI., .METRE. ) );
#8150 =( GEOMETRIC_REPRESENTATION_CONTEXT ( 3 ) GLOBAL_UNCERTAINTY_ASSIGNED_CONTEXT ( ( #6350 ) ) GLOBAL_UNIT_ASSIGNED_CONTEXT ( ( #8455, #2988, #8489 ) ) REPRESENTATION_CONTEXT ( 'NONE', 'WORKASPACE' ) );
#8151 = VERTEX_POINT ( 'NONE', #9196 ) ;
#8152 = VECTOR ( 'NONE', #5169, 1000.000000000000000 ) ;
#8153 = CARTESIAN_POINT ( 'NONE',  ( -3.000000000000005800, 0.0000000000000000000, 16.22498073958795200 ) ) ;
#8154 = VERTEX_POINT ( 'NONE', #3653 ) ;
#8155 = SURFACE_STYLE_USAGE ( .BOTH. , #4265 ) ;
#8156 = CARTESIAN_POINT ( 'NONE',  ( -22.46446609406758600, 114.9999999999999700, -22.46446609406726900 ) ) ;
#8157 = CARTESIAN_POINT ( 'NONE',  ( -60.00000000000005000, 83.96446609406763200, 1.035533905932736900 ) ) ;
#8158 = COLOUR_RGB ( '',1.000000000000000000, 1.000000000000000000, 1.000000000000000000 ) ;
#8159 = VECTOR ( 'NONE', #8690, 1000.000000000000000 ) ;
#8160 = EDGE_LOOP ( 'NONE', ( #2727, #6364, #7333, #8388 ) ) ;
#8161 = COLOUR_RGB ( '',0.9098039215686274400, 0.4431372549019607600, 0.03137254901960784300 ) ;
#8162 = ORIENTED_EDGE ( 'NONE', *, *, #9345, .F. ) ;
#8163 = ADVANCED_FACE ( 'NONE', ( #4448 ), #8621, .T. ) ;
#8164 = LINE ( 'NONE', #7400, #9011 ) ;
#8165 = LINE ( 'NONE', #9690, #4215 ) ;
#8166 = ORIENTED_EDGE ( 'NONE', *, *, #3708, .T. ) ;
#8167 = DIRECTION ( 'NONE',  ( -0.0000000000000000000, -0.0000000000000000000, -1.000000000000000000 ) ) ;
#8168 = MECHANICAL_DESIGN_GEOMETRIC_PRESENTATION_REPRESENTATION (  '', ( #2032 ), #3277 ) ;
#8169 = FILL_AREA_STYLE ('',( #157 ) ) ;
#8170 = CARTESIAN_POINT ( 'NONE',  ( -49.45000000000001700, -67.99999999999998600, 22.00000000000000000 ) ) ;
#8171 = MECHANICAL_DESIGN_GEOMETRIC_PRESENTATION_REPRESENTATION (  '', ( #6598 ), #8685 ) ;
#8172 = DIRECTION ( 'NONE',  ( 0.0000000000000000000, 0.0000000000000000000, 1.000000000000000000 ) ) ;
#8173 = CYLINDRICAL_SURFACE ( 'NONE', #8044, 18.00000000000000000 ) ;
#8174 = CARTESIAN_POINT ( 'NONE',  ( 0.0000000000000000000, 16.00000000000000000, 0.0000000000000000000 ) ) ;
#8175 = FILL_AREA_STYLE_COLOUR ( '', #4583 ) ;
#8176 = DIRECTION ( 'NONE',  ( -1.000000000000000000, 0.0000000000000000000, 0.0000000000000000000 ) ) ;
#8177 = VERTEX_POINT ( 'NONE', #8439 ) ;
#8178 = SURFACE_STYLE_USAGE ( .BOTH. , #3420 ) ;
#8179 = UNCERTAINTY_MEASURE_WITH_UNIT (LENGTH_MEASURE( 1.000000000000000100E-005 ), #1501, 'distance_accuracy_value', 'NONE');
#8180 = VERTEX_POINT ( 'NONE', #8411 ) ;
#8181 =( NAMED_UNIT ( * ) SI_UNIT ( $, .STERADIAN. ) SOLID_ANGLE_UNIT ( ) );
#8182 = CARTESIAN_POINT ( 'NONE',  ( 58.96446609406772400, 114.9999999999999900, 58.96446609406726200 ) ) ;
#8183 =( NAMED_UNIT ( * ) SI_UNIT ( $, .STERADIAN. ) SOLID_ANGLE_UNIT ( ) );
#8184 = DIRECTION ( 'NONE',  ( 0.7071067811865514600, 0.7071067811865435800, 0.0000000000000000000 ) ) ;
#8185 = ORIENTED_EDGE ( 'NONE', *, *, #4603, .F. ) ;
#8186 = SURFACE_STYLE_FILL_AREA ( #8169 ) ;
#8187 = EDGE_CURVE ( 'NONE', #1184, #8584, #7044, .T. ) ;
#8188 = VECTOR ( 'NONE', #5, 1000.000000000000000 ) ;
#8189 = EDGE_LOOP ( 'NONE', ( #3695, #6472, #8876, #1745 ) ) ;
#8190 = DIRECTION ( 'NONE',  ( 0.2810846377148251100, -0.6785983445458421100, 0.6785983445458500000 ) ) ;
#8191 = DIRECTION ( 'NONE',  ( -1.000000000000000000, 0.0000000000000000000, 0.0000000000000000000 ) ) ;
#8192 = EDGE_CURVE ( 'NONE', #8618, #9486, #8024, .T. ) ;
#8193 = ORIENTED_EDGE ( 'NONE', *, *, #7426, .T. ) ;
#8194 = FACE_OUTER_BOUND ( 'NONE', #1563, .T. ) ;
#8195 =( NAMED_UNIT ( * ) SI_UNIT ( $, .STERADIAN. ) SOLID_ANGLE_UNIT ( ) );
#8196 = CARTESIAN_POINT ( 'NONE',  ( 128.0000000000000000, 62.00000000000004300, 16.00000000000000000 ) ) ;
#8197 = CARTESIAN_POINT ( 'NONE',  ( -55.00000000000005700, 23.00000000000001100, 0.9289321881344183600 ) ) ;
#8198 = CARTESIAN_POINT ( 'NONE',  ( 13.87042614893940100, 0.0000000000000000000, 11.47219588600273400 ) ) ;
#8199 = LINE ( 'NONE', #8803, #111 ) ;
#8200 = CIRCLE ( 'NONE', #377, 3.000000000000002700 ) ;
#8201 = ORIENTED_EDGE ( 'NONE', *, *, #3763, .F. ) ;
#8202 = MECHANICAL_DESIGN_GEOMETRIC_PRESENTATION_REPRESENTATION (  '', ( #2568 ), #3954 ) ;
#8203 = ORIENTED_EDGE ( 'NONE', *, *, #8192, .T. ) ;
#8204 = EDGE_CURVE ( 'NONE', #1181, #4715, #1271, .T. ) ;
#8205 = AXIS2_PLACEMENT_3D ( 'NONE', #9131, #9908, #6125 ) ;
#8206 =( LENGTH_UNIT ( ) NAMED_UNIT ( * ) SI_UNIT ( .MILLI., .METRE. ) );
#8207 = CONICAL_SURFACE ( 'NONE', #5818, 3.750000000000010200, 0.7853981633974529400 ) ;
#8208 = SURFACE_STYLE_FILL_AREA ( #6308 ) ;
#8209 = COLOUR_RGB ( '',0.9098039215686274400, 0.4431372549019607600, 0.03137254901960784300 ) ;
#8210 =( NAMED_UNIT ( * ) PLANE_ANGLE_UNIT ( ) SI_UNIT ( $, .RADIAN. ) );
#8211 = ORIENTED_EDGE ( 'NONE', *, *, #3830, .T. ) ;
#8212 = CARTESIAN_POINT ( 'NONE',  ( 140.0000000000000000, 28.00000000000001400, -19.99999999999998900 ) ) ;
#8213 =( NAMED_UNIT ( * ) PLANE_ANGLE_UNIT ( ) SI_UNIT ( $, .RADIAN. ) );
#8214 = CARTESIAN_POINT ( 'NONE',  ( -50.50000000000008500, 90.00000000000001400, 12.99999999999999800 ) ) ;
#8215 = VECTOR ( 'NONE', #6300, 999.9999999999998900 ) ;
#8216 = LINE ( 'NONE', #8936, #9794 ) ;
#8217 = DIRECTION ( 'NONE',  ( 0.0000000000000000000, 0.0000000000000000000, 1.000000000000000000 ) ) ;
#8218 = DIRECTION ( 'NONE',  ( -0.0000000000000000000, -1.000000000000000000, -0.0000000000000000000 ) ) ;
#8219 = FACE_OUTER_BOUND ( 'NONE', #6068, .T. ) ;
#8220 = AXIS2_PLACEMENT_3D ( 'NONE', #9429, #9295, #2195 ) ;
#8221 = AXIS2_PLACEMENT_3D ( 'NONE', #562, #6048, #3853 ) ;
#8222 = DIRECTION ( 'NONE',  ( -0.7071067811865507900, 8.659560562354972300E-017, 0.7071067811865441300 ) ) ;
#8223 = SURFACE_STYLE_USAGE ( .BOTH. , #1153 ) ;
#8224 = ADVANCED_FACE ( 'NONE', ( #8144 ), #6904, .F. ) ;
#8225 =( NAMED_UNIT ( * ) PLANE_ANGLE_UNIT ( ) SI_UNIT ( $, .RADIAN. ) );
#8226 = LINE ( 'NONE', #7416, #4778 ) ;
#8227 = DIRECTION ( 'NONE',  ( 0.0000000000000000000, -0.7071067811865514600, -0.7071067811865435800 ) ) ;
#8228 = COLOUR_RGB ( '',0.9098039215686274400, 0.4431372549019607600, 0.03137254901960784300 ) ;
#8229 = CARTESIAN_POINT ( 'NONE',  ( 0.0000000000000000000, 18.00000000000000400, 0.0000000000000000000 ) ) ;
#8230 = DIRECTION ( 'NONE',  ( -0.0000000000000000000, -0.7071067811865435800, 0.7071067811865514600 ) ) ;
#8231 = CARTESIAN_POINT ( 'NONE',  ( 10.71056658114729200, 16.00000000000000000, -12.55124549639640100 ) ) ;
#8232 = DIRECTION ( 'NONE',  ( 1.000000000000000000, 0.0000000000000000000, 0.0000000000000000000 ) ) ;
#8233 = DIRECTION ( 'NONE',  ( -2.336447111136583800E-017, -0.7071067811865514600, -0.7071067811865435800 ) ) ;
#8234 = AXIS2_PLACEMENT_3D ( 'NONE', #9953, #2126, #5265 ) ;
#8235 = PRODUCT_DEFINITION_FORMATION_WITH_SPECIFIED_SOURCE ( 'ANY', '', #3483, .NOT_KNOWN. ) ;
#8236 = LINE ( 'NONE', #4212, #8823 ) ;
#8237 = COLOUR_RGB ( '',0.9098039215686274400, 0.4431372549019607600, 0.03137254901960784300 ) ;
#8238 = VERTEX_POINT ( 'NONE', #3724 ) ;
#8239 = PRESENTATION_LAYER_ASSIGNMENT (  '', '', ( #6598 ) ) ;
#8240 = ORIENTED_EDGE ( 'NONE', *, *, #786, .T. ) ;
#8241 = SURFACE_SIDE_STYLE ('',( #540 ) ) ;
#8242 = UNCERTAINTY_MEASURE_WITH_UNIT (LENGTH_MEASURE( 1.000000000000000100E-005 ), #4166, 'distance_accuracy_value', 'NONE');
#8243 = SURFACE_STYLE_USAGE ( .BOTH. , #8942 ) ;
#8244 = ORIENTED_EDGE ( 'NONE', *, *, #3652, .F. ) ;
#8245 =( NAMED_UNIT ( * ) PLANE_ANGLE_UNIT ( ) SI_UNIT ( $, .RADIAN. ) );
#8246 = ORIENTED_EDGE ( 'NONE', *, *, #3546, .T. ) ;
#8247 = LINE ( 'NONE', #8717, #6390 ) ;
#8248 = LINE ( 'NONE', #61, #4424 ) ;
#8249 = CARTESIAN_POINT ( 'NONE',  ( -45.70000000000006700, -49.99999999999998600, 23.00000000000000000 ) ) ;
#8250 = CARTESIAN_POINT ( 'NONE',  ( -10.70000000000019100, -7.999999999999992900, 18.99999999999999600 ) ) ;
#8251 = AXIS2_PLACEMENT_3D ( 'NONE', #7556, #2007, #6741 ) ;
#8252 = CARTESIAN_POINT ( 'NONE',  ( 63.52035140968553900, -198.4492835978206500, 38.08165489740151300 ) ) ;
#8253 = AXIS2_PLACEMENT_3D ( 'NONE', #6266, #693, #8559 ) ;
#8254 = DIRECTION ( 'NONE',  ( -1.000000000000000000, 0.0000000000000000000, 0.0000000000000000000 ) ) ;
#8255 = VECTOR ( 'NONE', #4308, 1000.000000000000000 ) ;
#8256 = EDGE_CURVE ( 'NONE', #2933, #8238, #9476, .T. ) ;
#8257 =( LENGTH_UNIT ( ) NAMED_UNIT ( * ) SI_UNIT ( .MILLI., .METRE. ) );
#8258 = PLANE ( 'NONE',  #8801 ) ;
#8259 = ORIENTED_EDGE ( 'NONE', *, *, #1986, .F. ) ;
#8260 = VECTOR ( 'NONE', #5208, 1000.000000000000000 ) ;
#8261 =( NAMED_UNIT ( * ) PLANE_ANGLE_UNIT ( ) SI_UNIT ( $, .RADIAN. ) );
#8262 = VECTOR ( 'NONE', #4431, 1000.000000000000000 ) ;
#8263 = CARTESIAN_POINT ( 'NONE',  ( -8.700000000000214200, -75.99999999999998600, 19.99999999999999600 ) ) ;
#8264 = AXIS2_PLACEMENT_3D ( 'NONE', #3567, #9846, #5280 ) ;
#8265 = ORIENTED_EDGE ( 'NONE', *, *, #8568, .F. ) ;
#8266 = FILL_AREA_STYLE ('',( #3505 ) ) ;
#8267 = EDGE_CURVE ( 'NONE', #8081, #1650, #5332, .T. ) ;
#8268 = MECHANICAL_DESIGN_GEOMETRIC_PRESENTATION_REPRESENTATION (  '', ( #2784 ), #2106 ) ;
#8269 = CARTESIAN_POINT ( 'NONE',  ( 140.0000000000000000, 28.00000000000001400, -14.99999999999998600 ) ) ;
#8270 = COLOUR_RGB ( '',1.000000000000000000, 1.000000000000000000, 1.000000000000000000 ) ;
#8271 = ADVANCED_FACE ( 'NONE', ( #3209 ), #1390, .T. ) ;
#8272 = ORIENTED_EDGE ( 'NONE', *, *, #3322, .T. ) ;
#8273 =( NAMED_UNIT ( * ) PLANE_ANGLE_UNIT ( ) SI_UNIT ( $, .RADIAN. ) );
#8274 = VERTEX_POINT ( 'NONE', #4733 ) ;
#8275 = SURFACE_STYLE_USAGE ( .BOTH. , #1237 ) ;
#8276 = COLOUR_RGB ( '',1.000000000000000000, 1.000000000000000000, 1.000000000000000000 ) ;
#8277 =( NAMED_UNIT ( * ) SI_UNIT ( $, .STERADIAN. ) SOLID_ANGLE_UNIT ( ) );
#8278 = PRESENTATION_LAYER_ASSIGNMENT (  '', '', ( #5325 ) ) ;
#8279 = ORIENTED_EDGE ( 'NONE', *, *, #843, .F. ) ;
#8280 = SURFACE_STYLE_USAGE ( .BOTH. , #2801 ) ;
#8281 = EDGE_CURVE ( 'NONE', #4204, #8634, #1521, .T. ) ;
#8282 = DIRECTION ( 'NONE',  ( 0.0000000000000000000, 1.000000000000000000, 0.0000000000000000000 ) ) ;
#8283 = LINE ( 'NONE', #9699, #430 ) ;
#8284 = VERTEX_POINT ( 'NONE', #7833 ) ;
#8285 = FILL_AREA_STYLE_COLOUR ( '', #2505 ) ;
#8286 = ORIENTED_EDGE ( 'NONE', *, *, #5957, .F. ) ;
#8287 = ORIENTED_EDGE ( 'NONE', *, *, #2170, .F. ) ;
#8288 = DIRECTION ( 'NONE',  ( 0.0000000000000000000, 0.0000000000000000000, 1.000000000000000000 ) ) ;
#8289 =( NAMED_UNIT ( * ) SI_UNIT ( $, .STERADIAN. ) SOLID_ANGLE_UNIT ( ) );
#8290 = AXIS2_PLACEMENT_3D ( 'NONE', #8978, #4275, #462 ) ;
#8291 = AXIS2_PLACEMENT_3D ( 'NONE', #3880, #3223, #7122 ) ;
#8292 = VECTOR ( 'NONE', #1420, 1000.000000000000100 ) ;
#8293 = DIRECTION ( 'NONE',  ( -1.000000000000000000, 1.982541115402065400E-016, 0.0000000000000000000 ) ) ;
#8294 = ADVANCED_FACE ( 'NONE', ( #297 ), #3576, .F. ) ;
#8295 = ORIENTED_EDGE ( 'NONE', *, *, #4483, .T. ) ;
#8296 = UNCERTAINTY_MEASURE_WITH_UNIT (LENGTH_MEASURE( 1.000000000000000100E-005 ), #1192, 'distance_accuracy_value', 'NONE');
#8297 = CARTESIAN_POINT ( 'NONE',  ( 117.0000000000000000, 120.0000000000000100, -14.99999999999999800 ) ) ;
#8298 = SURFACE_STYLE_USAGE ( .BOTH. , #2786 ) ;
#8299 = ORIENTED_EDGE ( 'NONE', *, *, #6818, .F. ) ;
#8300 = PRESENTATION_STYLE_ASSIGNMENT (( #5132 ) ) ;
#8301 = EDGE_CURVE ( 'NONE', #9905, #7311, #5708, .T. ) ;
#8302 = DIRECTION ( 'NONE',  ( -1.018207257638561400E-015, -1.000000000000000000, 0.0000000000000000000 ) ) ;
#8303 = ORIENTED_EDGE ( 'NONE', *, *, #6202, .T. ) ;
#8304 =( GEOMETRIC_REPRESENTATION_CONTEXT ( 3 ) GLOBAL_UNCERTAINTY_ASSIGNED_CONTEXT ( ( #3363 ) ) GLOBAL_UNIT_ASSIGNED_CONTEXT ( ( #4881, #7251, #7973 ) ) REPRESENTATION_CONTEXT ( 'NONE', 'WORKASPACE' ) );
#8305 = UNCERTAINTY_MEASURE_WITH_UNIT (LENGTH_MEASURE( 1.000000000000000100E-005 ), #1968, 'distance_accuracy_value', 'NONE');
#8306 = ORIENTED_EDGE ( 'NONE', *, *, #1409, .F. ) ;
#8307 = SURFACE_SIDE_STYLE ('',( #909 ) ) ;
#8308 = AXIS2_PLACEMENT_3D ( 'NONE', #4807, #141, #6299 ) ;
#8309 = PLANE ( 'NONE',  #8134 ) ;
#8310 = EDGE_CURVE ( 'NONE', #2481, #1793, #908, .T. ) ;
#8311 = SURFACE_STYLE_USAGE ( .BOTH. , #5982 ) ;
#8312 = SURFACE_STYLE_FILL_AREA ( #293 ) ;
#8313 = DIRECTION ( 'NONE',  ( 0.0000000000000000000, 1.000000000000000000, -0.0000000000000000000 ) ) ;
#8314 = ORIENTED_EDGE ( 'NONE', *, *, #2110, .T. ) ;
#8315 = CARTESIAN_POINT ( 'NONE',  ( -60.00000000000005700, -67.00000000000004300, -19.99999999999998200 ) ) ;
#8316 = CARTESIAN_POINT ( 'NONE',  ( 99.99999999999994300, -169.9999999999999700, -5.000000000000004400 ) ) ;
#8317 = VERTEX_POINT ( 'NONE', #7864 ) ;
#8318 = DIRECTION ( 'NONE',  ( -0.0000000000000000000, -1.000000000000000000, -0.0000000000000000000 ) ) ;
#8319 = ADVANCED_FACE ( 'NONE', ( #8381 ), #3077, .F. ) ;
#8320 = MECHANICAL_DESIGN_GEOMETRIC_PRESENTATION_REPRESENTATION (  '', ( #7794 ), #9877 ) ;
#8321 = VERTEX_POINT ( 'NONE', #3858 ) ;
#8322 = FACE_OUTER_BOUND ( 'NONE', #2808, .T. ) ;
#8323 = FACE_OUTER_BOUND ( 'NONE', #3975, .T. ) ;
#8324 = EDGE_CURVE ( 'NONE', #1980, #593, #2710, .T. ) ;
#8325 =( GEOMETRIC_REPRESENTATION_CONTEXT ( 3 ) GLOBAL_UNCERTAINTY_ASSIGNED_CONTEXT ( ( #3128 ) ) GLOBAL_UNIT_ASSIGNED_CONTEXT ( ( #2344, #5593, #9575 ) ) REPRESENTATION_CONTEXT ( 'NONE', 'WORKASPACE' ) );
#8326 = CARTESIAN_POINT ( 'NONE',  ( -45.70000000000019500, -13.99999999999999800, 20.00000000000000000 ) ) ;
#8327 = CARTESIAN_POINT ( 'NONE',  ( -55.00000000000002800, -79.92893218813442500, 29.40943406254642100 ) ) ;
#8328 = EDGE_CURVE ( 'NONE', #7349, #1098, #664, .T. ) ;
#8329 = CIRCLE ( 'NONE', #1240, 3.750000000000010200 ) ;
#8330 =( NAMED_UNIT ( * ) SI_UNIT ( $, .STERADIAN. ) SOLID_ANGLE_UNIT ( ) );
#8331 = VERTEX_POINT ( 'NONE', #9560 ) ;
#8332 = CARTESIAN_POINT ( 'NONE',  ( -15.55124549639639400, 16.00000000000000000, 5.514414158440667200 ) ) ;
#8333 = CARTESIAN_POINT ( 'NONE',  ( 3.000000000000002200, 0.0000000000000000000, 17.74823934929884600 ) ) ;
#8335 = ORIENTED_EDGE ( 'NONE', *, *, #7030, .F. ) ;
#8334 =( GEOMETRIC_REPRESENTATION_CONTEXT ( 3 ) GLOBAL_UNCERTAINTY_ASSIGNED_CONTEXT ( ( #2800 ) ) GLOBAL_UNIT_ASSIGNED_CONTEXT ( ( #7624, #2223, #705 ) ) REPRESENTATION_CONTEXT ( 'NONE', 'WORKASPACE' ) );
#8336 = EDGE_CURVE ( 'NONE', #7246, #2019, #5459, .T. ) ;
#8337 =( GEOMETRIC_REPRESENTATION_CONTEXT ( 3 ) GLOBAL_UNCERTAINTY_ASSIGNED_CONTEXT ( ( #8788 ) ) GLOBAL_UNIT_ASSIGNED_CONTEXT ( ( #8206, #1836, #3479 ) ) REPRESENTATION_CONTEXT ( 'NONE', 'WORKASPACE' ) );
#8338 = COLOUR_RGB ( '',1.000000000000000000, 1.000000000000000000, 1.000000000000000000 ) ;
#8339 = SURFACE_SIDE_STYLE ('',( #7656 ) ) ;
#8340 = DIRECTION ( 'NONE',  ( 0.8660254037844387100, -0.0000000000000000000, 0.4999999999999999400 ) ) ;
#8341 =( NAMED_UNIT ( * ) SI_UNIT ( $, .STERADIAN. ) SOLID_ANGLE_UNIT ( ) );
#8342 = LINE ( 'NONE', #8481, #5536 ) ;
#8343 = ADVANCED_FACE ( 'NONE', ( #6669 ), #8010, .F. ) ;
#8344 =( NAMED_UNIT ( * ) PLANE_ANGLE_UNIT ( ) SI_UNIT ( $, .RADIAN. ) );
#8345 = FACE_OUTER_BOUND ( 'NONE', #8767, .T. ) ;
#8346 = FILL_AREA_STYLE ('',( #7560 ) ) ;
#8347 = CARTESIAN_POINT ( 'NONE',  ( 59.99999999999995000, 120.0000000000000000, 18.00000000000000000 ) ) ;
#8348 = UNCERTAINTY_MEASURE_WITH_UNIT (LENGTH_MEASURE( 1.000000000000000100E-005 ), #3595, 'distance_accuracy_value', 'NONE');
#8349 = ORIENTED_EDGE ( 'NONE', *, *, #3232, .F. ) ;
#8350 = STYLED_ITEM ( 'NONE', ( #712 ), #1319 ) ;
#8351 = PRESENTATION_LAYER_ASSIGNMENT (  '', '', ( #3591 ) ) ;
#8352 = CARTESIAN_POINT ( 'NONE',  ( -49.45000000000001700, -31.99999999999999300, 21.20000000000002100 ) ) ;
#8353 =( NAMED_UNIT ( * ) PLANE_ANGLE_UNIT ( ) SI_UNIT ( $, .RADIAN. ) );
#8354 = CARTESIAN_POINT ( 'NONE',  ( -52.00000000000009200, 119.9999999999999700, -24.99999999999999600 ) ) ;
#8355 = ORIENTED_EDGE ( 'NONE', *, *, #9830, .T. ) ;
#8356 = PLANE ( 'NONE',  #4768 ) ;
#8357 = FILL_AREA_STYLE ('',( #3633 ) ) ;
#8358 = FACE_OUTER_BOUND ( 'NONE', #6855, .T. ) ;
#8359 = CARTESIAN_POINT ( 'NONE',  ( 0.0000000000000000000, 16.00000000000000000, 0.0000000000000000000 ) ) ;
#8360 = UNCERTAINTY_MEASURE_WITH_UNIT (LENGTH_MEASURE( 1.000000000000000100E-005 ), #7437, 'distance_accuracy_value', 'NONE');
#8361 = CARTESIAN_POINT ( 'NONE',  ( 128.0000000000000600, -77.99999999999997200, 16.00000000000000000 ) ) ;
#8362 = DIRECTION ( 'NONE',  ( 0.0000000000000000000, 1.000000000000000000, -0.0000000000000000000 ) ) ;
#8363 = UNCERTAINTY_MEASURE_WITH_UNIT (LENGTH_MEASURE( 1.000000000000000100E-005 ), #4054, 'distance_accuracy_value', 'NONE');
#8364 = DIRECTION ( 'NONE',  ( -0.0000000000000000000, -1.000000000000000000, -0.0000000000000000000 ) ) ;
#8365 = PRESENTATION_LAYER_ASSIGNMENT (  '', '', ( #7316 ) ) ;
#8366 = SURFACE_STYLE_FILL_AREA ( #3682 ) ;
#8367 = AXIS2_PLACEMENT_3D ( 'NONE', #740, #8537, #3098 ) ;
#8368 = VERTEX_POINT ( 'NONE', #4905 ) ;
#8369 = ADVANCED_FACE ( 'NONE', ( #8986 ), #9530, .T. ) ;
#8370 = PLANE ( 'NONE',  #8459 ) ;
#8371 = CARTESIAN_POINT ( 'NONE',  ( -19.99999999999998900, -164.8038475772933700, -2.000000000000001800 ) ) ;
#8372 = DIRECTION ( 'NONE',  ( 0.7071067811865509000, 0.5000000000000004400, 0.4999999999999948400 ) ) ;
#8373 = VECTOR ( 'NONE', #5224, 1000.000000000000000 ) ;
#8374 = CARTESIAN_POINT ( 'NONE',  ( -45.70000000000000300, -67.99999999999998600, 23.00000000000000000 ) ) ;
#8375 = AXIS2_PLACEMENT_3D ( 'NONE', #3454, #9672, #8176 ) ;
#8376 = EDGE_CURVE ( 'NONE', #1751, #9117, #3821, .T. ) ;
#8377 =( GEOMETRIC_REPRESENTATION_CONTEXT ( 3 ) GLOBAL_UNCERTAINTY_ASSIGNED_CONTEXT ( ( #9045 ) ) GLOBAL_UNIT_ASSIGNED_CONTEXT ( ( #8257, #7434, #7529 ) ) REPRESENTATION_CONTEXT ( 'NONE', 'WORKASPACE' ) );
#8378 = DIRECTION ( 'NONE',  ( 1.000000000000000000, -3.854941057726239100E-017, 0.0000000000000000000 ) ) ;
#8379 = DIRECTION ( 'NONE',  ( 1.000000000000000000, 0.0000000000000000000, 0.0000000000000000000 ) ) ;
#8380 = EDGE_CURVE ( 'NONE', #10068, #2035, #781, .T. ) ;
#8381 = FACE_OUTER_BOUND ( 'NONE', #2512, .T. ) ;
#8382 = CARTESIAN_POINT ( 'NONE',  ( -10.70000000000012900, -25.99999999999999600, 18.99999999999999600 ) ) ;
#8383 = VECTOR ( 'NONE', #7858, 1000.000000000000000 ) ;
#8384 = ORIENTED_EDGE ( 'NONE', *, *, #533, .F. ) ;
#8385 = DIRECTION ( 'NONE',  ( 1.000000000000000000, 0.0000000000000000000, 0.0000000000000000000 ) ) ;
#8386 = CARTESIAN_POINT ( 'NONE',  ( 0.0000000000000000000, 0.0000000000000000000, -18.00000000000000000 ) ) ;
#8387 = SURFACE_STYLE_USAGE ( .BOTH. , #6168 ) ;
#8388 = ORIENTED_EDGE ( 'NONE', *, *, #1849, .T. ) ;
#8389 = AXIS2_PLACEMENT_3D ( 'NONE', #1491, #9972, #5312 ) ;
#8390 = EDGE_CURVE ( 'NONE', #9805, #1533, #46, .T. ) ;
#8391 = MECHANICAL_DESIGN_GEOMETRIC_PRESENTATION_REPRESENTATION (  '', ( #5050 ), #6102 ) ;
#8392 = ORIENTED_EDGE ( 'NONE', *, *, #9424, .F. ) ;
#8393 = DIRECTION ( 'NONE',  ( -7.341601397960391600E-017, 1.000000000000000000, 0.0000000000000000000 ) ) ;
#8394 = PLANE ( 'NONE',  #2462 ) ;
#8395 = CIRCLE ( 'NONE', #7606, 6.000000000000000000 ) ;
#8396 = VERTEX_POINT ( 'NONE', #1642 ) ;
#8397 = FACE_OUTER_BOUND ( 'NONE', #5695, .T. ) ;
#8398 = VECTOR ( 'NONE', #7374, 1000.000000000000000 ) ;
#8399 = ORIENTED_EDGE ( 'NONE', *, *, #5299, .T. ) ;
#8400 =( NAMED_UNIT ( * ) PLANE_ANGLE_UNIT ( ) SI_UNIT ( $, .RADIAN. ) );
#8401 = CIRCLE ( 'NONE', #1829, 16.50000000000000000 ) ;
#8402 =( NAMED_UNIT ( * ) PLANE_ANGLE_UNIT ( ) SI_UNIT ( $, .RADIAN. ) );
#8403 = AXIS2_PLACEMENT_3D ( 'NONE', #8436, #6941, #5425 ) ;
#8405 = ORIENTED_EDGE ( 'NONE', *, *, #4521, .T. ) ;
#8404 = AXIS2_PLACEMENT_3D ( 'NONE', #1578, #1365, #6340 ) ;
#8406 = EDGE_LOOP ( 'NONE', ( #2346, #9248, #7081, #2274 ) ) ;
#8407 = SURFACE_STYLE_FILL_AREA ( #6512 ) ;
#8408 = ORIENTED_EDGE ( 'NONE', *, *, #9757, .T. ) ;
#8409 = EDGE_CURVE ( 'NONE', #7817, #1503, #5077, .T. ) ;
#8410 = PLANE ( 'NONE',  #1606 ) ;
#8411 = CARTESIAN_POINT ( 'NONE',  ( -5.123298599248370700E-015, 20.00000000000000000, -20.00000000000000400 ) ) ;
#8412 =( NAMED_UNIT ( * ) PLANE_ANGLE_UNIT ( ) SI_UNIT ( $, .RADIAN. ) );
#8413 = ADVANCED_FACE ( 'NONE', ( #4183 ), #878, .F. ) ;
#8414 = VECTOR ( 'NONE', #6152, 1000.000000000000000 ) ;
#8415 = VERTEX_POINT ( 'NONE', #5710 ) ;
#8416 = UNCERTAINTY_MEASURE_WITH_UNIT (LENGTH_MEASURE( 1.000000000000000100E-005 ), #7774, 'distance_accuracy_value', 'NONE');
#8417 = DIRECTION ( 'NONE',  ( -0.0000000000000000000, -1.000000000000000000, -0.0000000000000000000 ) ) ;
#8418 = ORIENTED_EDGE ( 'NONE', *, *, #1669, .F. ) ;
#8419 = SURFACE_SIDE_STYLE ('',( #9937 ) ) ;
#8420 = FILL_AREA_STYLE ('',( #1457 ) ) ;
#8421 =( GEOMETRIC_REPRESENTATION_CONTEXT ( 3 ) GLOBAL_UNCERTAINTY_ASSIGNED_CONTEXT ( ( #9471 ) ) GLOBAL_UNIT_ASSIGNED_CONTEXT ( ( #7504, #8353, #8573 ) ) REPRESENTATION_CONTEXT ( 'NONE', 'WORKASPACE' ) );
#8422 = DIRECTION ( 'NONE',  ( 0.0000000000000000000, 0.0000000000000000000, 1.000000000000000000 ) ) ;
#8423 = PLANE ( 'NONE',  #3885 ) ;
#8424 = ORIENTED_EDGE ( 'NONE', *, *, #2259, .T. ) ;
#8425 = VECTOR ( 'NONE', #1709, 1000.000000000000000 ) ;
#8426 = ORIENTED_EDGE ( 'NONE', *, *, #6020, .T. ) ;
#8427 = ORIENTED_EDGE ( 'NONE', *, *, #1803, .T. ) ;
#8428 = MECHANICAL_DESIGN_GEOMETRIC_PRESENTATION_REPRESENTATION (  '', ( #7399 ), #8950 ) ;
#8429 = ORIENTED_EDGE ( 'NONE', *, *, #4393, .F. ) ;
#8430 = CARTESIAN_POINT ( 'NONE',  ( -55.00000000000005700, -33.96446609406726200, 33.96446609406726200 ) ) ;
#8431 = EDGE_CURVE ( 'NONE', #9524, #2481, #9227, .T. ) ;
#8432 =( NAMED_UNIT ( * ) SI_UNIT ( $, .STERADIAN. ) SOLID_ANGLE_UNIT ( ) );
#8433 = EDGE_LOOP ( 'NONE', ( #7728, #3295, #7135, #460 ) ) ;
#8434 = VERTEX_POINT ( 'NONE', #5082 ) ;
#8435 = CARTESIAN_POINT ( 'NONE',  ( 2.999999999999994700, 18.00000000000000400, -14.00000000000000000 ) ) ;
#8436 = CARTESIAN_POINT ( 'NONE',  ( 0.0000000000000000000, 16.00000000000000000, 0.0000000000000000000 ) ) ;
#8437 = LINE ( 'NONE', #2251, #6359 ) ;
#8438 = CARTESIAN_POINT ( 'NONE',  ( 121.9999999999999600, 120.0000000000000100, -10.00000000000010500 ) ) ;
#8439 = CARTESIAN_POINT ( 'NONE',  ( 4.927469992547288200E-015, 10.00000000000000000, 20.00000000000000000 ) ) ;
#8440 = ORIENTED_EDGE ( 'NONE', *, *, #3351, .T. ) ;
#8442 = VERTEX_POINT ( 'NONE', #8805 ) ;
#8441 =( NAMED_UNIT ( * ) PLANE_ANGLE_UNIT ( ) SI_UNIT ( $, .RADIAN. ) );
#8443 = DIRECTION ( 'NONE',  ( 0.0000000000000000000, -0.0000000000000000000, 1.000000000000000000 ) ) ;
#8444 = MECHANICAL_DESIGN_GEOMETRIC_PRESENTATION_REPRESENTATION (  '', ( #6029 ), #1738 ) ;
#8445 = SURFACE_STYLE_FILL_AREA ( #1598 ) ;
#8446 = EDGE_CURVE ( 'NONE', #4715, #3550, #4306, .T. ) ;
#8447 = STYLED_ITEM ( 'NONE', ( #1679 ), #7404 ) ;
#8448 =( NAMED_UNIT ( * ) SI_UNIT ( $, .STERADIAN. ) SOLID_ANGLE_UNIT ( ) );
#8449 = PLANE ( 'NONE',  #5925 ) ;
#8450 = CARTESIAN_POINT ( 'NONE',  ( -40.70000000000001000, -13.99999999999999800, 19.99999999999999600 ) ) ;
#8451 = VECTOR ( 'NONE', #2174, 1000.000000000000000 ) ;
#8452 = CARTESIAN_POINT ( 'NONE',  ( 8.541180064162178500E-016, 16.00000000000000000, 3.000000000000004000 ) ) ;
#8453 = CARTESIAN_POINT ( 'NONE',  ( -6.000000000000006200, 20.00000000000000000, -13.99999999999999800 ) ) ;
#8454 = CIRCLE ( 'NONE', #4317, 16.50000000000000000 ) ;
#8455 =( LENGTH_UNIT ( ) NAMED_UNIT ( * ) SI_UNIT ( .MILLI., .METRE. ) );
#8456 = MECHANICAL_DESIGN_GEOMETRIC_PRESENTATION_REPRESENTATION (  '', ( #2511 ), #65 ) ;
#8457 = ADVANCED_FACE ( 'NONE', ( #7409 ), #899, .F. ) ;
#8458 = EDGE_CURVE ( 'NONE', #4310, #7040, #5809, .T. ) ;
#8459 = AXIS2_PLACEMENT_3D ( 'NONE', #6762, #5914, #6824 ) ;
#8460 = DIRECTION ( 'NONE',  ( 1.000000000000000000, -0.0000000000000000000, -0.0000000000000000000 ) ) ;
#8461 = VECTOR ( 'NONE', #6442, 1000.000000000000000 ) ;
#8462 = FILL_AREA_STYLE_COLOUR ( '', #6212 ) ;
#8463 = CARTESIAN_POINT ( 'NONE',  ( 135.0000000000000000, -39.96446609406758900, -39.96446609406714900 ) ) ;
#8464 = LINE ( 'NONE', #1187, #7741 ) ;
#8465 = VECTOR ( 'NONE', #6500, 1000.000000000000000 ) ;
#8466 = DIRECTION ( 'NONE',  ( -0.0000000000000000000, -1.000000000000000000, -0.0000000000000000000 ) ) ;
#8467 = ORIENTED_EDGE ( 'NONE', *, *, #3384, .T. ) ;
#8468 = DIRECTION ( 'NONE',  ( -0.0000000000000000000, -0.0000000000000000000, -1.000000000000000000 ) ) ;
#8469 = VERTEX_POINT ( 'NONE', #1810 ) ;
#8470 = SURFACE_SIDE_STYLE ('',( #9162 ) ) ;
#8471 = CARTESIAN_POINT ( 'NONE',  ( -5.123298599248370700E-015, 20.00000000000000000, -14.00000000000000000 ) ) ;
#8472 = CIRCLE ( 'NONE', #5061, 2.999999999999999100 ) ;
#8473 = AXIS2_PLACEMENT_3D ( 'NONE', #8643, #2304, #9432 ) ;
#8474 =( GEOMETRIC_REPRESENTATION_CONTEXT ( 3 ) GLOBAL_UNCERTAINTY_ASSIGNED_CONTEXT ( ( #4509 ) ) GLOBAL_UNIT_ASSIGNED_CONTEXT ( ( #6329, #3934, #3090 ) ) REPRESENTATION_CONTEXT ( 'NONE', 'WORKASPACE' ) );
#8475 = CARTESIAN_POINT ( 'NONE',  ( 0.0000000000000000000, 0.0000000000000000000, 0.0000000000000000000 ) ) ;
#8476 = ORIENTED_EDGE ( 'NONE', *, *, #561, .F. ) ;
#8477 = LINE ( 'NONE', #8612, #4293 ) ;
#8478 = SURFACE_STYLE_USAGE ( .BOTH. , #9970 ) ;
#8479 = UNCERTAINTY_MEASURE_WITH_UNIT (LENGTH_MEASURE( 1.000000000000000100E-005 ), #4629, 'distance_accuracy_value', 'NONE');
#8480 = DIRECTION ( 'NONE',  ( 0.0000000000000000000, 1.000000000000000000, 0.0000000000000000000 ) ) ;
#8481 = CARTESIAN_POINT ( 'NONE',  ( -10.70000000000006700, -55.99999999999997900, 18.99999999999999600 ) ) ;
#8482 =( NAMED_UNIT ( * ) SI_UNIT ( $, .STERADIAN. ) SOLID_ANGLE_UNIT ( ) );
#8483 = ADVANCED_FACE ( 'NONE', ( #3200 ), #6655, .T. ) ;
#8484 = DIRECTION ( 'NONE',  ( -0.8660254037844383700, 0.0000000000000000000, -0.5000000000000004400 ) ) ;
#8485 = ORIENTED_EDGE ( 'NONE', *, *, #3236, .T. ) ;
#8486 = EDGE_CURVE ( 'NONE', #7164, #5747, #3697, .T. ) ;
#8487 = CARTESIAN_POINT ( 'NONE',  ( -1.499999999999997300, 16.00000000000000000, 2.598076211353312000 ) ) ;
#8488 = CARTESIAN_POINT ( 'NONE',  ( 2.999999999999994700, 20.00000000000000000, -14.00000000000000000 ) ) ;
#8489 =( NAMED_UNIT ( * ) SI_UNIT ( $, .STERADIAN. ) SOLID_ANGLE_UNIT ( ) );
#8490 = MECHANICAL_DESIGN_GEOMETRIC_PRESENTATION_REPRESENTATION (  '', ( #3348 ), #759 ) ;
#8491 = PRESENTATION_STYLE_ASSIGNMENT (( #5875 ) ) ;
#8492 = PRESENTATION_LAYER_ASSIGNMENT (  '', '', ( #7974 ) ) ;
#8493 = FACE_OUTER_BOUND ( 'NONE', #4471, .T. ) ;
#8494 = ORIENTED_EDGE ( 'NONE', *, *, #9929, .T. ) ;
#8495 = CARTESIAN_POINT ( 'NONE',  ( 140.0000000000000000, 54.99999999999998600, -30.00000000000000000 ) ) ;
#8496 = CARTESIAN_POINT ( 'NONE',  ( -30.00000000000008200, 90.00000000000001400, 12.99999999999999800 ) ) ;
#8498 = COLOUR_RGB ( '',1.000000000000000000, 1.000000000000000000, 1.000000000000000000 ) ;
#8497 =( NAMED_UNIT ( * ) SI_UNIT ( $, .STERADIAN. ) SOLID_ANGLE_UNIT ( ) );
#8499 = CARTESIAN_POINT ( 'NONE',  ( 140.0000000000000000, -72.00000000000000000, 3.000000000000002700 ) ) ;
#8500 = PRESENTATION_STYLE_ASSIGNMENT (( #1234 ) ) ;
#8501 = ORIENTED_EDGE ( 'NONE', *, *, #5565, .T. ) ;
#8502 = DIRECTION ( 'NONE',  ( -0.0000000000000000000, -0.0000000000000000000, -1.000000000000000000 ) ) ;
#8503 = EDGE_CURVE ( 'NONE', #1048, #4262, #1620, .T. ) ;
#8504 = PRESENTATION_LAYER_ASSIGNMENT (  '', '', ( #7472 ) ) ;
#8505 = VERTEX_POINT ( 'NONE', #3338 ) ;
#8506 =( NAMED_UNIT ( * ) SI_UNIT ( $, .STERADIAN. ) SOLID_ANGLE_UNIT ( ) );
#8507 = EDGE_CURVE ( 'NONE', #5903, #5225, #3460, .T. ) ;
#8508 = ORIENTED_EDGE ( 'NONE', *, *, #6731, .T. ) ;
#8509 = CARTESIAN_POINT ( 'NONE',  ( -42.00000000000005700, 119.9999999999999700, 7.999999999999998200 ) ) ;
#8510 = FILL_AREA_STYLE_COLOUR ( '', #7804 ) ;
#8511 = ADVANCED_FACE ( 'NONE', ( #2947 ), #4937, .T. ) ;
#8512 = COLOUR_RGB ( '',1.000000000000000000, 1.000000000000000000, 1.000000000000000000 ) ;
#8513 = ORIENTED_EDGE ( 'NONE', *, *, #5066, .T. ) ;
#8514 =( NAMED_UNIT ( * ) PLANE_ANGLE_UNIT ( ) SI_UNIT ( $, .RADIAN. ) );
#8515 =( LENGTH_UNIT ( ) NAMED_UNIT ( * ) SI_UNIT ( .MILLI., .METRE. ) );
#8516 = VERTEX_POINT ( 'NONE', #5051 ) ;
#8517 = PRESENTATION_STYLE_ASSIGNMENT (( #8478 ) ) ;
#8518 = STYLED_ITEM ( 'NONE', ( #4154 ), #4621 ) ;
#8519 = ORIENTED_EDGE ( 'NONE', *, *, #2358, .F. ) ;
#8520 = LINE ( 'NONE', #5619, #689 ) ;
#8521 = DIRECTION ( 'NONE',  ( 0.0000000000000000000, 1.000000000000000000, -0.0000000000000000000 ) ) ;
#8522 = VERTEX_POINT ( 'NONE', #4159 ) ;
#8523 = SURFACE_STYLE_FILL_AREA ( #3423 ) ;
#8524 = EDGE_CURVE ( 'NONE', #1533, #1854, #8133, .T. ) ;
#8525 = CARTESIAN_POINT ( 'NONE',  ( -10.00000000000008300, 12.99999999999998800, 19.99999999999999600 ) ) ;
#8526 = DIRECTION ( 'NONE',  ( 0.0000000000000000000, 0.0000000000000000000, 1.000000000000000000 ) ) ;
#8527 = DIRECTION ( 'NONE',  ( 1.000000000000000000, 0.0000000000000000000, 0.0000000000000000000 ) ) ;
#8528 = ORIENTED_EDGE ( 'NONE', *, *, #5657, .T. ) ;
#8529 = VECTOR ( 'NONE', #10066, 1000.000000000000000 ) ;
#8530 = VECTOR ( 'NONE', #4660, 1000.000000000000000 ) ;
#8531 = ORIENTED_EDGE ( 'NONE', *, *, #9323, .F. ) ;
#8532 = DIRECTION ( 'NONE',  ( 0.0000000000000000000, 0.7071067811865474600, 0.7071067811865474600 ) ) ;
#8533 = VERTEX_POINT ( 'NONE', #4193 ) ;
#8534 = SURFACE_STYLE_FILL_AREA ( #68 ) ;
#8535 = ORIENTED_EDGE ( 'NONE', *, *, #2047, .T. ) ;
#8536 = DIRECTION ( 'NONE',  ( -0.0000000000000000000, -0.0000000000000000000, 1.000000000000000000 ) ) ;
#8537 = DIRECTION ( 'NONE',  ( 0.0000000000000000000, 0.0000000000000000000, 1.000000000000000000 ) ) ;
#8538 = DIRECTION ( 'NONE',  ( 0.0000000000000000000, 0.0000000000000000000, 1.000000000000000000 ) ) ;
#8539 = AXIS2_PLACEMENT_3D ( 'NONE', #6850, #6913, #2974 ) ;
#8540 =( GEOMETRIC_REPRESENTATION_CONTEXT ( 3 ) GLOBAL_UNCERTAINTY_ASSIGNED_CONTEXT ( ( #3621 ) ) GLOBAL_UNIT_ASSIGNED_CONTEXT ( ( #7237, #6343, #9557 ) ) REPRESENTATION_CONTEXT ( 'NONE', 'WORKASPACE' ) );
#8541 = ADVANCED_FACE ( 'NONE', ( #1852 ), #8870, .T. ) ;
#8542 = CARTESIAN_POINT ( 'NONE',  ( 0.0000000000000000000, 0.0000000000000000000, 0.0000000000000000000 ) ) ;
#8543 = LINE ( 'NONE', #2258, #3120 ) ;
#8544 = DIRECTION ( 'NONE',  ( 1.000000000000000000, 0.0000000000000000000, 0.0000000000000000000 ) ) ;
#8545 = VERTEX_POINT ( 'NONE', #4379 ) ;
#8546 = UNCERTAINTY_MEASURE_WITH_UNIT (LENGTH_MEASURE( 1.000000000000000100E-005 ), #497, 'distance_accuracy_value', 'NONE');
#8547 = PRESENTATION_STYLE_ASSIGNMENT (( #10076 ) ) ;
#8548 = DIRECTION ( 'NONE',  ( 1.000000000000000000, -0.0000000000000000000, -0.0000000000000000000 ) ) ;
#8549 = ORIENTED_EDGE ( 'NONE', *, *, #7985, .T. ) ;
#8550 = DIRECTION ( 'NONE',  ( -0.0000000000000000000, -0.0000000000000000000, -1.000000000000000000 ) ) ;
#8551 = CARTESIAN_POINT ( 'NONE',  ( -8.700000000000200000, -5.999999999999992900, 19.99999999999999600 ) ) ;
#8552 = CARTESIAN_POINT ( 'NONE',  ( -30.00000000000008200, 30.99999999999998200, 15.00000000000000000 ) ) ;
#8553 = CIRCLE ( 'NONE', #6365, 4.549999999999998900 ) ;
#8554 = CYLINDRICAL_SURFACE ( 'NONE', #1225, 16.50000000000000000 ) ;
#8555 = ORIENTED_EDGE ( 'NONE', *, *, #6562, .T. ) ;
#8556 = DIRECTION ( 'NONE',  ( -0.0000000000000000000, -0.0000000000000000000, -1.000000000000000000 ) ) ;
#8557 = STYLED_ITEM ( 'NONE', ( #2149 ), #5529 ) ;
#8558 = VERTEX_POINT ( 'NONE', #6043 ) ;
#8559 = DIRECTION ( 'NONE',  ( 0.0000000000000000000, 0.0000000000000000000, -1.000000000000000000 ) ) ;
#8560 = SURFACE_STYLE_FILL_AREA ( #8003 ) ;
#8561 = ORIENTED_EDGE ( 'NONE', *, *, #8503, .T. ) ;
#8562 = ORIENTED_EDGE ( 'NONE', *, *, #3322, .F. ) ;
#8563 = SURFACE_SIDE_STYLE ('',( #1656 ) ) ;
#8564 = FACE_OUTER_BOUND ( 'NONE', #2416, .T. ) ;
#8565 = EDGE_CURVE ( 'NONE', #8442, #3294, #9947, .T. ) ;
#8566 = AXIS2_PLACEMENT_3D ( 'NONE', #9615, #6478, #1699 ) ;
#8567 = DIRECTION ( 'NONE',  ( 1.224646799147353200E-016, 1.000000000000000000, -0.0000000000000000000 ) ) ;
#8568 = EDGE_CURVE ( 'NONE', #4491, #2981, #9727, .T. ) ;
#8569 = ORIENTED_EDGE ( 'NONE', *, *, #6685, .F. ) ;
#8570 = DIRECTION ( 'NONE',  ( 0.0000000000000000000, -0.0000000000000000000, 1.000000000000000000 ) ) ;
#8571 = CARTESIAN_POINT ( 'NONE',  ( -45.70000000000006700, -49.99999999999998600, 20.00000000000000000 ) ) ;
#8572 = FACE_OUTER_BOUND ( 'NONE', #882, .T. ) ;
#8573 =( NAMED_UNIT ( * ) SI_UNIT ( $, .STERADIAN. ) SOLID_ANGLE_UNIT ( ) );
#8574 = STYLED_ITEM ( 'NONE', ( #3178 ), #4671 ) ;
#8575 = EDGE_CURVE ( 'NONE', #4319, #3717, #5570, .T. ) ;
#8576 = AXIS2_PLACEMENT_3D ( 'NONE', #8652, #6325, #2484 ) ;
#8577 = DIRECTION ( 'NONE',  ( 1.261617073437677300E-016, -1.000000000000000000, 0.0000000000000000000 ) ) ;
#8578 = LINE ( 'NONE', #1331, #258 ) ;
#8579 = CARTESIAN_POINT ( 'NONE',  ( -1.999999999999946300, -77.99999999999998600, 16.00000000000000000 ) ) ;
#8580 = DIRECTION ( 'NONE',  ( 0.0000000000000000000, 0.0000000000000000000, -1.000000000000000000 ) ) ;
#8581 = PRESENTATION_STYLE_ASSIGNMENT (( #7018 ) ) ;
#8582 = LINE ( 'NONE', #1047, #8465 ) ;
#8583 = DIRECTION ( 'NONE',  ( -0.7061622225414253600, -0.7061622225414253600, 0.05167040652742137300 ) ) ;
#8584 = VERTEX_POINT ( 'NONE', #6789 ) ;
#8585 = ADVANCED_FACE ( 'NONE', ( #173 ), #8370, .T. ) ;
#8586 =( LENGTH_UNIT ( ) NAMED_UNIT ( * ) SI_UNIT ( .MILLI., .METRE. ) );
#8587 = ORIENTED_EDGE ( 'NONE', *, *, #6091, .F. ) ;
#8588 = FILL_AREA_STYLE_COLOUR ( '', #3516 ) ;
#8589 = CARTESIAN_POINT ( 'NONE',  ( 8.541180064162162700E-016, 0.0000000000000000000, 2.999999999999998200 ) ) ;
#8590 = DIRECTION ( 'NONE',  ( 0.6785983445458455600, -0.2810846377148181800, 0.6785983445458493300 ) ) ;
#8591 = ORIENTED_EDGE ( 'NONE', *, *, #4813, .T. ) ;
#8592 = LINE ( 'NONE', #1821, #5298 ) ;
#8593 =( GEOMETRIC_REPRESENTATION_CONTEXT ( 3 ) GLOBAL_UNCERTAINTY_ASSIGNED_CONTEXT ( ( #4493 ) ) GLOBAL_UNIT_ASSIGNED_CONTEXT ( ( #6486, #2533, #7272 ) ) REPRESENTATION_CONTEXT ( 'NONE', 'WORKASPACE' ) );
#8594 = PRESENTATION_LAYER_ASSIGNMENT (  '', '', ( #2994 ) ) ;
#8595 = CARTESIAN_POINT ( 'NONE',  ( 0.0000000000000000000, 16.00000000000000000, 0.0000000000000000000 ) ) ;
#8596 = UNCERTAINTY_MEASURE_WITH_UNIT (LENGTH_MEASURE( 1.000000000000000100E-005 ), #8955, 'distance_accuracy_value', 'NONE');
#8597 = EDGE_CURVE ( 'NONE', #1705, #4325, #4940, .T. ) ;
#8598 = SURFACE_STYLE_USAGE ( .BOTH. , #45 ) ;
#8599 = DIRECTION ( 'NONE',  ( 0.0000000000000000000, 0.0000000000000000000, 1.000000000000000000 ) ) ;
#8600 = EDGE_LOOP ( 'NONE', ( #7038, #9790, #2254, #1764 ) ) ;
#8601 = FACE_OUTER_BOUND ( 'NONE', #6301, .T. ) ;
#8602 = FILL_AREA_STYLE_COLOUR ( '', #4139 ) ;
#8603 = DIRECTION ( 'NONE',  ( -0.0000000000000000000, -1.000000000000000000, -0.0000000000000000000 ) ) ;
#8604 = UNCERTAINTY_MEASURE_WITH_UNIT (LENGTH_MEASURE( 1.000000000000000100E-005 ), #3667, 'distance_accuracy_value', 'NONE');
#8605 = AXIS2_PLACEMENT_3D ( 'NONE', #5766, #5013, #4860 ) ;
#8606 =( GEOMETRIC_REPRESENTATION_CONTEXT ( 3 ) GLOBAL_UNCERTAINTY_ASSIGNED_CONTEXT ( ( #4699 ) ) GLOBAL_UNIT_ASSIGNED_CONTEXT ( ( #6588, #2531, #4933 ) ) REPRESENTATION_CONTEXT ( 'NONE', 'WORKASPACE' ) );
#8607 = SURFACE_STYLE_USAGE ( .BOTH. , #6983 ) ;
#8608 = SURFACE_SIDE_STYLE ('',( #5834 ) ) ;
#8609 = VECTOR ( 'NONE', #1145, 1000.000000000000100 ) ;
#8610 = ADVANCED_FACE ( 'NONE', ( #1514 ), #6414, .T. ) ;
#8611 = CIRCLE ( 'NONE', #288, 3.750000000000010200 ) ;
#8612 = CARTESIAN_POINT ( 'NONE',  ( -82.46446609406740400, 82.46446609406712000, -30.00000000000000400 ) ) ;
#8613 = CARTESIAN_POINT ( 'NONE',  ( -41.94999999999999600, -49.99999999999998600, 22.00000000000000000 ) ) ;
#8614 = VECTOR ( 'NONE', #4340, 1000.000000000000000 ) ;
#8615 = ORIENTED_EDGE ( 'NONE', *, *, #6306, .T. ) ;
#8616 = EDGE_CURVE ( 'NONE', #8238, #10102, #7035, .T. ) ;
#8617 = STYLED_ITEM ( 'NONE', ( #8720 ), #2402 ) ;
#8618 = VERTEX_POINT ( 'NONE', #5261 ) ;
#8619 = ORIENTED_EDGE ( 'NONE', *, *, #8507, .T. ) ;
#8620 = EDGE_CURVE ( 'NONE', #8070, #5334, #2832, .T. ) ;
#8621 = CYLINDRICAL_SURFACE ( 'NONE', #9768, 16.50000000000000000 ) ;
#8622 = VECTOR ( 'NONE', #6355, 1000.000000000000000 ) ;
#8623 = CARTESIAN_POINT ( 'NONE',  ( -2.598076211353326200, 16.00000000000000000, 1.500000000000009500 ) ) ;
#8624 = ORIENTED_EDGE ( 'NONE', *, *, #4409, .F. ) ;
#8625 = DIRECTION ( 'NONE',  ( 1.000000000000000000, 0.0000000000000000000, 0.0000000000000000000 ) ) ;
#8626 = SURFACE_STYLE_USAGE ( .BOTH. , #1633 ) ;
#8627 = FILL_AREA_STYLE_COLOUR ( '', #2897 ) ;
#8628 = VECTOR ( 'NONE', #3692, 1000.000000000000000 ) ;
#8629 = PRESENTATION_STYLE_ASSIGNMENT (( #6575 ) ) ;
#8630 = CARTESIAN_POINT ( 'NONE',  ( -53.70000000000021600, -75.99999999999998600, 19.99999999999999600 ) ) ;
#8631 = ADVANCED_FACE ( 'NONE', ( #6186 ), #6697, .F. ) ;
#8632 = CARTESIAN_POINT ( 'NONE',  ( -60.00000000000005000, 111.9999999999999900, -24.99999999999999600 ) ) ;
#8633 = LINE ( 'NONE', #569, #8755 ) ;
#8634 = VERTEX_POINT ( 'NONE', #3547 ) ;
#8635 = STYLED_ITEM ( 'NONE', ( #915 ), #4178 ) ;
#8636 = CARTESIAN_POINT ( 'NONE',  ( -10.70000000000006700, -55.99999999999997900, 18.99999999999999600 ) ) ;
#8637 = EDGE_CURVE ( 'NONE', #6458, #542, #290, .T. ) ;
#8638 = STYLED_ITEM ( 'NONE', ( #8043 ), #7708 ) ;
#8639 = EDGE_LOOP ( 'NONE', ( #6931, #9007, #853, #4911, #3812 ) ) ;
#8640 = CARTESIAN_POINT ( 'NONE',  ( -67.46446609406720500, -67.46446609406744700, -35.00000000000000000 ) ) ;
#8641 = EDGE_CURVE ( 'NONE', #102, #1168, #3824, .T. ) ;
#8642 = CARTESIAN_POINT ( 'NONE',  ( -49.45000000000002400, -31.99999999999999300, 21.20000000000002100 ) ) ;
#8643 = CARTESIAN_POINT ( 'NONE',  ( -45.70000000000000300, -13.99999999999999800, 22.00000000000000000 ) ) ;
#8644 = LINE ( 'NONE', #9558, #9976 ) ;
#8645 = ORIENTED_EDGE ( 'NONE', *, *, #1786, .T. ) ;
#8646 = ORIENTED_EDGE ( 'NONE', *, *, #9884, .F. ) ;
#8647 = VECTOR ( 'NONE', #3364, 1000.000000000000100 ) ;
#8648 = FILL_AREA_STYLE_COLOUR ( '', #1882 ) ;
#8649 = CARTESIAN_POINT ( 'NONE',  ( 140.0000000000000000, -72.00000000000000000, -14.99999999999998000 ) ) ;
#8650 = AXIS2_PLACEMENT_3D ( 'NONE', #8212, #5746, #1117 ) ;
#8651 = FACE_OUTER_BOUND ( 'NONE', #6265, .T. ) ;
#8652 = CARTESIAN_POINT ( 'NONE',  ( -10.70000000000006700, -44.00000000000000000, 18.99999999999999600 ) ) ;
#8653 = VECTOR ( 'NONE', #9457, 1000.000000000000000 ) ;
#8654 = EDGE_CURVE ( 'NONE', #6927, #5940, #9841, .T. ) ;
#8655 = PRESENTATION_LAYER_ASSIGNMENT (  '', '', ( #4992 ) ) ;
#8656 = CARTESIAN_POINT ( 'NONE',  ( -60.00000000000005000, 52.92893218813455300, -30.00000000000000000 ) ) ;
#8657 = CARTESIAN_POINT ( 'NONE',  ( -45.70000000000000300, -67.99999999999998600, 20.00000000000000000 ) ) ;
#8658 = ORIENTED_EDGE ( 'NONE', *, *, #6946, .T. ) ;
#8659 =( LENGTH_UNIT ( ) NAMED_UNIT ( * ) SI_UNIT ( .MILLI., .METRE. ) );
#8660 = LINE ( 'NONE', #8913, #6583 ) ;
#8661 = ORIENTED_EDGE ( 'NONE', *, *, #1085, .F. ) ;
#8662 = UNCERTAINTY_MEASURE_WITH_UNIT (LENGTH_MEASURE( 1.000000000000000100E-005 ), #1847, 'distance_accuracy_value', 'NONE');
#8663 = ORIENTED_EDGE ( 'NONE', *, *, #10010, .T. ) ;
#8664 = DIRECTION ( 'NONE',  ( 0.0000000000000000000, -0.0000000000000000000, 1.000000000000000000 ) ) ;
#8665 = FILL_AREA_STYLE ('',( #630 ) ) ;
#8666 = ORIENTED_EDGE ( 'NONE', *, *, #3464, .F. ) ;
#8667 = DIRECTION ( 'NONE',  ( 1.000000000000000000, 0.0000000000000000000, 0.0000000000000000000 ) ) ;
#8668 = PLANE ( 'NONE',  #3788 ) ;
#8669 = PRESENTATION_LAYER_ASSIGNMENT (  '', '', ( #276 ) ) ;
#8670 = ORIENTED_EDGE ( 'NONE', *, *, #719, .F. ) ;
#8671 = CARTESIAN_POINT ( 'NONE',  ( -12.00000000000008300, 30.99999999999998200, 19.99999999999999600 ) ) ;
#8672 = FILL_AREA_STYLE ('',( #3170 ) ) ;
#8673 = ORIENTED_EDGE ( 'NONE', *, *, #5175, .F. ) ;
#8674 = FACE_BOUND ( 'NONE', #2463, .T. ) ;
#8675 = DIRECTION ( 'NONE',  ( 0.0000000000000000000, 0.0000000000000000000, 1.000000000000000000 ) ) ;
#8676 = CARTESIAN_POINT ( 'NONE',  ( -60.00000000000005700, 28.00000000000001400, -14.99999999999998600 ) ) ;
#8677 = ORIENTED_EDGE ( 'NONE', *, *, #4891, .T. ) ;
#8678 = VERTEX_POINT ( 'NONE', #7131 ) ;
#8679 = ORIENTED_EDGE ( 'NONE', *, *, #2824, .T. ) ;
#8680 = CARTESIAN_POINT ( 'NONE',  ( -30.00000000000008200, 90.00000000000001400, 12.99999999999999800 ) ) ;
#8681 = PRESENTATION_LAYER_ASSIGNMENT (  '', '', ( #1526 ) ) ;
#8682 = FILL_AREA_STYLE_COLOUR ( '', #7820 ) ;
#8683 = EDGE_LOOP ( 'NONE', ( #7105, #263, #3832, #8418 ) ) ;
#8684 = ADVANCED_FACE ( 'NONE', ( #785 ), #6297, .T. ) ;
#8685 =( GEOMETRIC_REPRESENTATION_CONTEXT ( 3 ) GLOBAL_UNCERTAINTY_ASSIGNED_CONTEXT ( ( #7537 ) ) GLOBAL_UNIT_ASSIGNED_CONTEXT ( ( #1832, #6689, #8125 ) ) REPRESENTATION_CONTEXT ( 'NONE', 'WORKASPACE' ) );
#8686 = ORIENTED_EDGE ( 'NONE', *, *, #7613, .F. ) ;
#8687 = SURFACE_SIDE_STYLE ('',( #5371 ) ) ;
#8688 = CARTESIAN_POINT ( 'NONE',  ( 137.0000000000000000, -80.75735931288072300, 29.47005068143029800 ) ) ;
#8689 = LINE ( 'NONE', #9247, #743 ) ;
#8690 = DIRECTION ( 'NONE',  ( -0.0000000000000000000, -0.0000000000000000000, -1.000000000000000000 ) ) ;
#8691 = LINE ( 'NONE', #9762, #3524 ) ;
#8692 = FACE_OUTER_BOUND ( 'NONE', #6439, .T. ) ;
#8693 = CARTESIAN_POINT ( 'NONE',  ( -19.99999999999998900, -169.9999999999999700, -5.000000000000004400 ) ) ;
#8694 = EDGE_CURVE ( 'NONE', #3371, #3224, #4436, .T. ) ;
#8695 = AXIS2_PLACEMENT_3D ( 'NONE', #5391, #4421, #3727 ) ;
#8696 =( NAMED_UNIT ( * ) PLANE_ANGLE_UNIT ( ) SI_UNIT ( $, .RADIAN. ) );
#8697 = DIRECTION ( 'NONE',  ( 1.000000000000000000, 2.312964634635743400E-016, 0.0000000000000000000 ) ) ;
#8698 = COLOUR_RGB ( '',1.000000000000000000, 1.000000000000000000, 1.000000000000000000 ) ;
#8699 = EDGE_CURVE ( 'NONE', #8434, #5553, #2329, .T. ) ;
#8700 = CARTESIAN_POINT ( 'NONE',  ( -50.70000000000000300, -31.99999999999999300, 19.99999999999999600 ) ) ;
#8701 = CARTESIAN_POINT ( 'NONE',  ( -2.598076211353316500, 0.0000000000000000000, -1.500000000000000000 ) ) ;
#8702 = VECTOR ( 'NONE', #8798, 999.9999999999998900 ) ;
#8703 = DIRECTION ( 'NONE',  ( 0.0000000000000000000, 0.0000000000000000000, 1.000000000000000000 ) ) ;
#8704 = COLOUR_RGB ( '',0.2941176470588235400, 0.2941176470588235400, 0.2941176470588235400 ) ;
#8705 = VECTOR ( 'NONE', #3398, 1000.000000000000100 ) ;
#8706 = ADVANCED_FACE ( 'NONE', ( #8013 ), #6865, .F. ) ;
#8707 = AXIS2_PLACEMENT_3D ( 'NONE', #1652, #8712, #9503 ) ;
#8708 = VERTEX_POINT ( 'NONE', #2356 ) ;
#8709 = ORIENTED_EDGE ( 'NONE', *, *, #4756, .T. ) ;
#8710 = EDGE_CURVE ( 'NONE', #3395, #5171, #7159, .T. ) ;
#8711 = MECHANICAL_DESIGN_GEOMETRIC_PRESENTATION_REPRESENTATION (  '', ( #2370 ), #2913 ) ;
#8712 = DIRECTION ( 'NONE',  ( 0.0000000000000000000, 1.000000000000000000, 0.0000000000000000000 ) ) ;
#8713 = VERTEX_POINT ( 'NONE', #4761 ) ;
#8714 = DIRECTION ( 'NONE',  ( 1.795075219531765700E-016, -0.7071067811865516800, -0.7071067811865434600 ) ) ;
#8715 = ORIENTED_EDGE ( 'NONE', *, *, #1244, .T. ) ;
#8716 = CARTESIAN_POINT ( 'NONE',  ( 140.0000000000000000, 120.0000000000000000, 18.00000000000000000 ) ) ;
#8717 = CARTESIAN_POINT ( 'NONE',  ( -8.700000000000214200, -75.99999999999998600, 19.99999999999999600 ) ) ;
#8718 = UNCERTAINTY_MEASURE_WITH_UNIT (LENGTH_MEASURE( 1.000000000000000100E-005 ), #3493, 'distance_accuracy_value', 'NONE');
#8719 =( LENGTH_UNIT ( ) NAMED_UNIT ( * ) SI_UNIT ( .MILLI., .METRE. ) );
#8720 = PRESENTATION_STYLE_ASSIGNMENT (( #1353 ) ) ;
#8721 = LINE ( 'NONE', #9022, #8255 ) ;
#8722 =( GEOMETRIC_REPRESENTATION_CONTEXT ( 3 ) GLOBAL_UNCERTAINTY_ASSIGNED_CONTEXT ( ( #2980 ) ) GLOBAL_UNIT_ASSIGNED_CONTEXT ( ( #10106, #5456, #5314 ) ) REPRESENTATION_CONTEXT ( 'NONE', 'WORKASPACE' ) );
#8723 = CIRCLE ( 'NONE', #4876, 18.00000000000000000 ) ;
#8724 = SURFACE_SIDE_STYLE ('',( #6577 ) ) ;
#8725 =( LENGTH_UNIT ( ) NAMED_UNIT ( * ) SI_UNIT ( .MILLI., .METRE. ) );
#8726 =( NAMED_UNIT ( * ) SI_UNIT ( $, .STERADIAN. ) SOLID_ANGLE_UNIT ( ) );
#8727 = LINE ( 'NONE', #2780, #6656 ) ;
#8728 = CARTESIAN_POINT ( 'NONE',  ( -45.70000000000006700, -49.99999999999998600, 23.00000000000000000 ) ) ;
#8729 = CARTESIAN_POINT ( 'NONE',  ( 118.0000000000000600, 68.00000000000004300, 15.99999999999999600 ) ) ;
#8730 = ORIENTED_EDGE ( 'NONE', *, *, #7592, .T. ) ;
#8731 = COLOUR_RGB ( '',0.6392156862745097500, 0.6117647058823529900, 0.5999999999999999800 ) ;
#8732 =( NAMED_UNIT ( * ) PLANE_ANGLE_UNIT ( ) SI_UNIT ( $, .RADIAN. ) );
#8733 =( GEOMETRIC_REPRESENTATION_CONTEXT ( 3 ) GLOBAL_UNCERTAINTY_ASSIGNED_CONTEXT ( ( #7361 ) ) GLOBAL_UNIT_ASSIGNED_CONTEXT ( ( #9800, #8400, #6080 ) ) REPRESENTATION_CONTEXT ( 'NONE', 'WORKASPACE' ) );
#8734 = PRODUCT_RELATED_PRODUCT_CATEGORY ( 'part', '', ( #3483 ) ) ;
#8735 = FILL_AREA_STYLE ('',( #7937 ) ) ;
#8736 = AXIS2_PLACEMENT_3D ( 'NONE', #6479, #249, #9555 ) ;
#8737 = COLOUR_RGB ( '',0.6392156862745097500, 0.6117647058823529900, 0.5999999999999999800 ) ;
#8738 = VECTOR ( 'NONE', #2920, 1000.000000000000000 ) ;
#8739 = EDGE_LOOP ( 'NONE', ( #8143, #734, #8677, #9703 ) ) ;
#8740 = DIRECTION ( 'NONE',  ( 0.0000000000000000000, 0.9991967677517890100, 0.04007267540828052900 ) ) ;
#8741 = ORIENTED_EDGE ( 'NONE', *, *, #443, .F. ) ;
#8742 = FILL_AREA_STYLE ('',( #2549 ) ) ;
#8743 = ORIENTED_EDGE ( 'NONE', *, *, #6542, .F. ) ;
#8744 = CARTESIAN_POINT ( 'NONE',  ( 0.0000000000000000000, 18.00000000000000400, 2.999999999999994700 ) ) ;
#8745 = LINE ( 'NONE', #1245, #807 ) ;
#8746 = PLANE ( 'NONE',  #4078 ) ;
#8747 = DIRECTION ( 'NONE',  ( 0.0000000000000000000, 0.9991967677517890100, 0.04007267540828052900 ) ) ;
#8748 = MECHANICAL_DESIGN_GEOMETRIC_PRESENTATION_REPRESENTATION (  '', ( #6272 ), #6798 ) ;
#8749 = ORIENTED_EDGE ( 'NONE', *, *, #415, .T. ) ;
#8750 = STYLED_ITEM ( 'NONE', ( #8817 ), #6354 ) ;
#8751 = ORIENTED_EDGE ( 'NONE', *, *, #1743, .F. ) ;
#8752 = PRESENTATION_STYLE_ASSIGNMENT (( #10036 ) ) ;
#8753 = EDGE_CURVE ( 'NONE', #9730, #9831, #910, .T. ) ;
#8754 = ORIENTED_EDGE ( 'NONE', *, *, #3568, .T. ) ;
#8755 = VECTOR ( 'NONE', #6837, 1000.000000000000000 ) ;
#8756 = ORIENTED_EDGE ( 'NONE', *, *, #3134, .T. ) ;
#8757 = LINE ( 'NONE', #932, #82 ) ;
#8758 = ORIENTED_EDGE ( 'NONE', *, *, #7932, .F. ) ;
#8759 = ORIENTED_EDGE ( 'NONE', *, *, #4242, .F. ) ;
#8760 = DIRECTION ( 'NONE',  ( 0.0000000000000000000, 1.000000000000000000, 0.0000000000000000000 ) ) ;
#8761 = CARTESIAN_POINT ( 'NONE',  ( -13.87042614893938700, 0.0000000000000000000, 11.47219588600274600 ) ) ;
#8762 = CARTESIAN_POINT ( 'NONE',  ( -38.70000000000000300, -61.99999999999998600, 18.99999999999999600 ) ) ;
#8763 = FILL_AREA_STYLE ('',( #3275 ) ) ;
#8764 = VECTOR ( 'NONE', #3767, 1000.000000000000000 ) ;
#8765 = DIRECTION ( 'NONE',  ( 0.0000000000000000000, -1.000000000000000000, 6.938893903907228400E-017 ) ) ;
#8766 = PRESENTATION_LAYER_ASSIGNMENT (  '', '', ( #7734 ) ) ;
#8767 = EDGE_LOOP ( 'NONE', ( #6511, #828 ) ) ;
#8768 = ORIENTED_EDGE ( 'NONE', *, *, #1102, .F. ) ;
#8769 = EDGE_CURVE ( 'NONE', #841, #2523, #5079, .T. ) ;
#8770 = PRESENTATION_LAYER_ASSIGNMENT (  '', '', ( #3691 ) ) ;
#8771 = LINE ( 'NONE', #9120, #9517 ) ;
#8772 = CARTESIAN_POINT ( 'NONE',  ( -10.70000000000000500, -61.99999999999998600, 18.99999999999999600 ) ) ;
#8773 = VERTEX_POINT ( 'NONE', #7886 ) ;
#8774 =( NAMED_UNIT ( * ) PLANE_ANGLE_UNIT ( ) SI_UNIT ( $, .RADIAN. ) );
#8775 = DIRECTION ( 'NONE',  ( -0.7071067811865483500, -0.7071067811865468000, 0.0000000000000000000 ) ) ;
#8776 = PRESENTATION_STYLE_ASSIGNMENT (( #5470 ) ) ;
#8777 = DIRECTION ( 'NONE',  ( -0.0000000000000000000, 1.000000000000000000, 0.0000000000000000000 ) ) ;
#8778 = ORIENTED_EDGE ( 'NONE', *, *, #3027, .F. ) ;
#8779 = ORIENTED_EDGE ( 'NONE', *, *, #2170, .T. ) ;
#8780 = ORIENTED_EDGE ( 'NONE', *, *, #185, .T. ) ;
#8781 =( NAMED_UNIT ( * ) PLANE_ANGLE_UNIT ( ) SI_UNIT ( $, .RADIAN. ) );
#8782 = AXIS2_PLACEMENT_3D ( 'NONE', #4155, #2567, #1807 ) ;
#8783 = PRESENTATION_LAYER_ASSIGNMENT (  '', '', ( #7367 ) ) ;
#8784 = FILL_AREA_STYLE_COLOUR ( '', #230 ) ;
#8785 = CARTESIAN_POINT ( 'NONE',  ( 99.99999999999994300, -169.9999999999999700, -5.000000000000004400 ) ) ;
#8786 = CYLINDRICAL_SURFACE ( 'NONE', #2218, 4.999999999999997300 ) ;
#8787 = CARTESIAN_POINT ( 'NONE',  ( 62.46446609406665800, 114.9999999999999900, -62.46446609406738300 ) ) ;
#8788 = UNCERTAINTY_MEASURE_WITH_UNIT (LENGTH_MEASURE( 1.000000000000000100E-005 ), #8206, 'distance_accuracy_value', 'NONE');
#8789 = EDGE_CURVE ( 'NONE', #4281, #7817, #6672, .T. ) ;
#8790 = LINE ( 'NONE', #253, #8063 ) ;
#8791 = VERTEX_POINT ( 'NONE', #799 ) ;
#8792 = ORIENTED_EDGE ( 'NONE', *, *, #6805, .F. ) ;
#8793 = LINE ( 'NONE', #7947, #4380 ) ;
#8794 = VECTOR ( 'NONE', #2419, 1000.000000000000000 ) ;
#8795 = VECTOR ( 'NONE', #8217, 1000.000000000000000 ) ;
#8796 = DIRECTION ( 'NONE',  ( -3.965082230804130200E-016, 1.000000000000000000, 0.0000000000000000000 ) ) ;
#8797 = DIRECTION ( 'NONE',  ( 0.0000000000000000000, 1.000000000000000000, 0.0000000000000000000 ) ) ;
#8798 = DIRECTION ( 'NONE',  ( 0.7071067811865489100, 0.7071067811865462400, -0.0000000000000000000 ) ) ;
#8799 = FACE_OUTER_BOUND ( 'NONE', #1072, .T. ) ;
#8800 = FACE_OUTER_BOUND ( 'NONE', #7052, .T. ) ;
#8801 = AXIS2_PLACEMENT_3D ( 'NONE', #4457, #477, #5202 ) ;
#8802 = SURFACE_STYLE_USAGE ( .BOTH. , #5639 ) ;
#8803 = CARTESIAN_POINT ( 'NONE',  ( 3.000000000000000000, 16.00000000000000000, -16.22498073958795200 ) ) ;
#8804 = ORIENTED_EDGE ( 'NONE', *, *, #8641, .T. ) ;
#8805 = CARTESIAN_POINT ( 'NONE',  ( -60.00000000000005000, 111.9999999999999900, 18.00000000000000000 ) ) ;
#8806 = VECTOR ( 'NONE', #3777, 1000.000000000000000 ) ;
#8807 = SURFACE_STYLE_USAGE ( .BOTH. , #4829 ) ;
#8808 = CARTESIAN_POINT ( 'NONE',  ( 8.000000000000049700, 114.0000000000000000, 15.99999999999999600 ) ) ;
#8809 = ORIENTED_EDGE ( 'NONE', *, *, #5773, .T. ) ;
#8810 = DIRECTION ( 'NONE',  ( 0.7071067811865489100, 0.7071067811865462400, -0.0000000000000000000 ) ) ;
#8811 = CARTESIAN_POINT ( 'NONE',  ( -45.70000000000000300, -13.99999999999999800, 19.99999999999999600 ) ) ;
#8812 = EDGE_CURVE ( 'NONE', #590, #6992, #2454, .T. ) ;
#8813 = DIRECTION ( 'NONE',  ( 0.0000000000000000000, 0.0000000000000000000, 1.000000000000000000 ) ) ;
#8814 = LINE ( 'NONE', #2185, #9549 ) ;
#8815 = PLANE ( 'NONE',  #4299 ) ;
#8816 = AXIS2_PLACEMENT_3D ( 'NONE', #7675, #1493, #4531 ) ;
#8817 = PRESENTATION_STYLE_ASSIGNMENT (( #3272 ) ) ;
#8818 = CARTESIAN_POINT ( 'NONE',  ( -10.70000000000012900, -37.99999999999997900, 19.99999999999999600 ) ) ;
#8819 = CARTESIAN_POINT ( 'NONE',  ( -6.276043463296103300, 0.0000000000000000000, 16.87042614893939800 ) ) ;
#8820 = EDGE_CURVE ( 'NONE', #5709, #5019, #3086, .T. ) ;
#8821 = CARTESIAN_POINT ( 'NONE',  ( 138.0000000000000000, 0.0000000000000000000, 38.00000000000000000 ) ) ;
#8822 = CARTESIAN_POINT ( 'NONE',  ( -45.70000000000000300, -67.99999999999998600, 21.20000000000002100 ) ) ;
#8823 = VECTOR ( 'NONE', #6612, 999.9999999999998900 ) ;
#8824 = PRESENTATION_STYLE_ASSIGNMENT (( #8178 ) ) ;
#8825 = EDGE_LOOP ( 'NONE', ( #9003, #1914, #7339, #7436 ) ) ;
#8826 = AXIS2_PLACEMENT_3D ( 'NONE', #7671, #3796, #4487 ) ;
#8827 = ORIENTED_EDGE ( 'NONE', *, *, #655, .T. ) ;
#8828 = CARTESIAN_POINT ( 'NONE',  ( -48.00000000000008500, 14.99999999999998200, 19.99999999999999600 ) ) ;
#8829 = EDGE_CURVE ( 'NONE', #3698, #8032, #413, .T. ) ;
#8830 = FILL_AREA_STYLE ('',( #7265 ) ) ;
#8831 = DIRECTION ( 'NONE',  ( 0.0000000000000000000, -0.0000000000000000000, 1.000000000000000000 ) ) ;
#8832 = LINE ( 'NONE', #2263, #9331 ) ;
#8833 = EDGE_CURVE ( 'NONE', #3718, #5071, #4689, .T. ) ;
#8834 = VERTEX_POINT ( 'NONE', #3137 ) ;
#8835 = CARTESIAN_POINT ( 'NONE',  ( -37.00000000000011400, 114.9999999999999600, 3.348770536233497200E-014 ) ) ;
#8836 = DIRECTION ( 'NONE',  ( 0.0000000000000000000, 1.000000000000000000, -0.0000000000000000000 ) ) ;
#8837 = CARTESIAN_POINT ( 'NONE',  ( 0.0000000000000000000, 0.0000000000000000000, 0.0000000000000000000 ) ) ;
#8838 = AXIS2_PLACEMENT_3D ( 'NONE', #8463, #8372, #9927 ) ;
#8839 = FILL_AREA_STYLE_COLOUR ( '', #8228 ) ;
#8840 = ORIENTED_EDGE ( 'NONE', *, *, #3163, .F. ) ;
#8841 = SURFACE_STYLE_FILL_AREA ( #5254 ) ;
#8842 = CIRCLE ( 'NONE', #9564, 20.50000000000000000 ) ;
#8843 =( LENGTH_UNIT ( ) NAMED_UNIT ( * ) SI_UNIT ( .MILLI., .METRE. ) );
#8844 = EDGE_CURVE ( 'NONE', #3152, #5993, #2702, .T. ) ;
#8845 = PRESENTATION_LAYER_ASSIGNMENT (  '', '', ( #3062 ) ) ;
#8846 =( NAMED_UNIT ( * ) PLANE_ANGLE_UNIT ( ) SI_UNIT ( $, .RADIAN. ) );
#8847 = UNCERTAINTY_MEASURE_WITH_UNIT (LENGTH_MEASURE( 1.000000000000000100E-005 ), #9826, 'distance_accuracy_value', 'NONE');
#8848 = COLOUR_RGB ( '',0.9098039215686274400, 0.4431372549019607600, 0.03137254901960784300 ) ;
#8849 = CARTESIAN_POINT ( 'NONE',  ( -2.598076211353310700, 16.00000000000000000, -1.499999999999996700 ) ) ;
#8850 = SURFACE_STYLE_FILL_AREA ( #9776 ) ;
#8851 = DIRECTION ( 'NONE',  ( 0.0000000000000000000, -1.000000000000000000, -0.0000000000000000000 ) ) ;
#8852 = FACE_OUTER_BOUND ( 'NONE', #8034, .T. ) ;
#8853 = DIRECTION ( 'NONE',  ( 9.407730928207788800E-017, 1.000000000000000000, 0.0000000000000000000 ) ) ;
#8854 = DIRECTION ( 'NONE',  ( 0.0000000000000000000, 0.0000000000000000000, 1.000000000000000000 ) ) ;
#8855 = MECHANICAL_DESIGN_GEOMETRIC_PRESENTATION_REPRESENTATION (  '', ( #8350 ), #8733 ) ;
#8856 = MECHANICAL_DESIGN_GEOMETRIC_PRESENTATION_REPRESENTATION (  '', ( #9255 ), #666 ) ;
#8857 = ORIENTED_EDGE ( 'NONE', *, *, #1244, .F. ) ;
#8858 = SURFACE_STYLE_USAGE ( .BOTH. , #7301 ) ;
#8860 = EDGE_LOOP ( 'NONE', ( #3022, #2371, #2704, #9085 ) ) ;
#8859 = CARTESIAN_POINT ( 'NONE',  ( 140.0000000000000000, 28.00000000000001400, -19.99999999999998900 ) ) ;
#8861 =( NAMED_UNIT ( * ) PLANE_ANGLE_UNIT ( ) SI_UNIT ( $, .RADIAN. ) );
#8862 = EDGE_LOOP ( 'NONE', ( #4462, #3234, #7061, #9185 ) ) ;
#8863 = APPLICATION_CONTEXT ( 'automotive_design' ) ;
#8864 = SURFACE_SIDE_STYLE ('',( #2349 ) ) ;
#8865 = LINE ( 'NONE', #5279, #9122 ) ;
#8866 = DIRECTION ( 'NONE',  ( -0.0000000000000000000, -0.0000000000000000000, -1.000000000000000000 ) ) ;
#8867 = PRESENTATION_STYLE_ASSIGNMENT (( #6220 ) ) ;
#8868 = ADVANCED_FACE ( 'NONE', ( #8493 ), #6058, .F. ) ;
#8869 = EDGE_LOOP ( 'NONE', ( #976, #296, #1162, #7590, #4765, #4599, #8857, #2140 ) ) ;
#8870 = PLANE ( 'NONE',  #6896 ) ;
#8871 = MECHANICAL_DESIGN_GEOMETRIC_PRESENTATION_REPRESENTATION (  '', ( #7316 ), #3743 ) ;
#8872 = SURFACE_STYLE_FILL_AREA ( #2972 ) ;
#8873 = CARTESIAN_POINT ( 'NONE',  ( 0.0000000000000000000, 0.0000000000000000000, 0.0000000000000000000 ) ) ;
#8874 = AXIS2_PLACEMENT_3D ( 'NONE', #1802, #6374, #8052 ) ;
#8875 =( LENGTH_UNIT ( ) NAMED_UNIT ( * ) SI_UNIT ( .MILLI., .METRE. ) );
#8876 = ORIENTED_EDGE ( 'NONE', *, *, #1357, .F. ) ;
#8877 = DIRECTION ( 'NONE',  ( 0.0000000000000000000, 0.0000000000000000000, -1.000000000000000000 ) ) ;
#8878 = FILL_AREA_STYLE ('',( #9536 ) ) ;
#8879 =( NAMED_UNIT ( * ) PLANE_ANGLE_UNIT ( ) SI_UNIT ( $, .RADIAN. ) );
#8880 = ORIENTED_EDGE ( 'NONE', *, *, #9378, .F. ) ;
#8881 = DIRECTION ( 'NONE',  ( 0.0000000000000000000, 0.0000000000000000000, 1.000000000000000000 ) ) ;
#8882 = CYLINDRICAL_SURFACE ( 'NONE', #1450, 17.99999999999999600 ) ;
#8883 = CARTESIAN_POINT ( 'NONE',  ( -10.70000000000019100, -19.99999999999997500, 19.99999999999999600 ) ) ;
#8884 = ORIENTED_EDGE ( 'NONE', *, *, #7885, .T. ) ;
#8885 = FILL_AREA_STYLE_COLOUR ( '', #2826 ) ;
#8886 = CARTESIAN_POINT ( 'NONE',  ( -16.87042614893940500, 16.00000000000000000, -6.276043463296096200 ) ) ;
#8887 = VERTEX_POINT ( 'NONE', #5664 ) ;
#8888 = SURFACE_STYLE_USAGE ( .BOTH. , #7331 ) ;
#8889 = FACE_OUTER_BOUND ( 'NONE', #329, .T. ) ;
#8890 = VERTEX_POINT ( 'NONE', #1730 ) ;
#8891 = EDGE_CURVE ( 'NONE', #7777, #7737, #5070, .T. ) ;
#8892 = STYLED_ITEM ( 'NONE', ( #9901 ), #7177 ) ;
#8893 = EDGE_CURVE ( 'NONE', #3092, #1756, #406, .T. ) ;
#8894 = LINE ( 'NONE', #8623, #5965 ) ;
#8895 = VECTOR ( 'NONE', #5573, 1000.000000000000000 ) ;
#8896 = EDGE_LOOP ( 'NONE', ( #6705, #3463, #4805, #1783 ) ) ;
#8897 = VECTOR ( 'NONE', #1460, 1000.000000000000000 ) ;
#8898 = VECTOR ( 'NONE', #2763, 1000.000000000000000 ) ;
#8899 = CARTESIAN_POINT ( 'NONE',  ( -41.94999999999999600, -49.99999999999998600, 21.20000000000002100 ) ) ;
#8900 = CARTESIAN_POINT ( 'NONE',  ( 140.0000000000000000, -67.00000000000004300, -19.99999999999998200 ) ) ;
#8901 = ORIENTED_EDGE ( 'NONE', *, *, #5970, .F. ) ;
#8902 = DIRECTION ( 'NONE',  ( 0.7657643334127660600, 0.6431212837971558300, 0.0000000000000000000 ) ) ;
#8903 = STYLED_ITEM ( 'NONE', ( #8824 ), #4729 ) ;
#8904 = FACE_OUTER_BOUND ( 'NONE', #3231, .T. ) ;
#8905 = UNCERTAINTY_MEASURE_WITH_UNIT (LENGTH_MEASURE( 1.000000000000000100E-005 ), #9684, 'distance_accuracy_value', 'NONE');
#8906 = EDGE_CURVE ( 'NONE', #4423, #6834, #6178, .T. ) ;
#8907 = ORIENTED_EDGE ( 'NONE', *, *, #2110, .F. ) ;
#8908 = VECTOR ( 'NONE', #9406, 1000.000000000000000 ) ;
#8909 = CARTESIAN_POINT ( 'NONE',  ( 0.0000000000000000000, 16.00000000000000000, 0.0000000000000000000 ) ) ;
#8910 = ORIENTED_EDGE ( 'NONE', *, *, #5235, .F. ) ;
#8911 = ORIENTED_EDGE ( 'NONE', *, *, #2783, .T. ) ;
#8912 = DIRECTION ( 'NONE',  ( 0.0000000000000000000, 0.0000000000000000000, 1.000000000000000000 ) ) ;
#8913 = CARTESIAN_POINT ( 'NONE',  ( 2.598076211353304900, 16.00000000000000000, -1.499999999999997300 ) ) ;
#8914 = ORIENTED_EDGE ( 'NONE', *, *, #4082, .T. ) ;
#8915 = FILL_AREA_STYLE_COLOUR ( '', #5418 ) ;
#8916 = DIRECTION ( 'NONE',  ( 0.0000000000000000000, -1.000000000000000000, -0.0000000000000000000 ) ) ;
#8917 = VERTEX_POINT ( 'NONE', #8016 ) ;
#8918 =( NAMED_UNIT ( * ) SI_UNIT ( $, .STERADIAN. ) SOLID_ANGLE_UNIT ( ) );
#8919 =( NAMED_UNIT ( * ) PLANE_ANGLE_UNIT ( ) SI_UNIT ( $, .RADIAN. ) );
#8920 = UNCERTAINTY_MEASURE_WITH_UNIT (LENGTH_MEASURE( 1.000000000000000100E-005 ), #7861, 'distance_accuracy_value', 'NONE');
#8921 = CARTESIAN_POINT ( 'NONE',  ( -19.99999999999998900, -164.8038475772933700, -5.000000000000004400 ) ) ;
#8922 = LINE ( 'NONE', #2691, #3884 ) ;
#8923 = ORIENTED_EDGE ( 'NONE', *, *, #3492, .F. ) ;
#8924 = PRESENTATION_LAYER_ASSIGNMENT (  '', '', ( #3787 ) ) ;
#8925 = AXIS2_PLACEMENT_3D ( 'NONE', #1698, #4861, #2457 ) ;
#8927 = VERTEX_POINT ( 'NONE', #5636 ) ;
#8926 = DIRECTION ( 'NONE',  ( 0.0000000000000000000, 0.0000000000000000000, -1.000000000000000000 ) ) ;
#8928 = VERTEX_POINT ( 'NONE', #6402 ) ;
#8929 = ADVANCED_FACE ( 'NONE', ( #166 ), #7923, .T. ) ;
#8930 =( NAMED_UNIT ( * ) SI_UNIT ( $, .STERADIAN. ) SOLID_ANGLE_UNIT ( ) );
#8931 = EDGE_CURVE ( 'NONE', #8415, #8151, #8980, .T. ) ;
#8932 = CARTESIAN_POINT ( 'NONE',  ( 99.99999999999994300, -169.9999999999999700, -5.000000000000004400 ) ) ;
#8933 = ORIENTED_EDGE ( 'NONE', *, *, #8637, .T. ) ;
#8934 = EDGE_LOOP ( 'NONE', ( #7568, #1947, #2595, #886 ) ) ;
#8935 = SURFACE_SIDE_STYLE ('',( #6564 ) ) ;
#8936 = CARTESIAN_POINT ( 'NONE',  ( -69.24472208815736000, -69.92685078709658300, 28.67757444783633900 ) ) ;
#8937 = MECHANICAL_DESIGN_GEOMETRIC_PRESENTATION_REPRESENTATION (  '', ( #5798 ), #9140 ) ;
#8938 = PRODUCT_DEFINITION ( 'UNKNOWN', '', #1585, #3266 ) ;
#8939 = DIRECTION ( 'NONE',  ( -0.0000000000000000000, -0.0000000000000000000, -1.000000000000000000 ) ) ;
#8940 = CARTESIAN_POINT ( 'NONE',  ( 140.0000000000000000, 41.46446609406696400, -41.46446609406742600 ) ) ;
#8941 = CYLINDRICAL_SURFACE ( 'NONE', #594, 2.999999999999994700 ) ;
#8942 = SURFACE_SIDE_STYLE ('',( #4698 ) ) ;
#8943 = DIRECTION ( 'NONE',  ( 1.000000000000000000, 0.0000000000000000000, -0.0000000000000000000 ) ) ;
#8944 = CARTESIAN_POINT ( 'NONE',  ( 0.0000000000000000000, 10.00000000000000000, 0.0000000000000000000 ) ) ;
#8945 = SURFACE_SIDE_STYLE ('',( #2723 ) ) ;
#8946 = SURFACE_SIDE_STYLE ('',( #8312 ) ) ;
#8947 = MECHANICAL_DESIGN_GEOMETRIC_PRESENTATION_REPRESENTATION (  '', ( #9473 ), #2412 ) ;
#8948 = LINE ( 'NONE', #7925, #7497 ) ;
#8949 = DIRECTION ( 'NONE',  ( -0.7061622225414233600, 0.7061622225414272400, -0.05167040652742151800 ) ) ;
#8950 =( GEOMETRIC_REPRESENTATION_CONTEXT ( 3 ) GLOBAL_UNCERTAINTY_ASSIGNED_CONTEXT ( ( #699 ) ) GLOBAL_UNIT_ASSIGNED_CONTEXT ( ( #3876, #2316, #1433 ) ) REPRESENTATION_CONTEXT ( 'NONE', 'WORKASPACE' ) );
#8951 = CARTESIAN_POINT ( 'NONE',  ( -34.92893218813465200, 114.9999999999999600, -10.00000000000004600 ) ) ;
#8952 = PRESENTATION_STYLE_ASSIGNMENT (( #1693 ) ) ;
#8953 = EDGE_CURVE ( 'NONE', #797, #6908, #1623, .T. ) ;
#8954 = ORIENTED_EDGE ( 'NONE', *, *, #5498, .F. ) ;
#8955 =( LENGTH_UNIT ( ) NAMED_UNIT ( * ) SI_UNIT ( .MILLI., .METRE. ) );
#8956 =( NAMED_UNIT ( * ) PLANE_ANGLE_UNIT ( ) SI_UNIT ( $, .RADIAN. ) );
#8957 =( NAMED_UNIT ( * ) SI_UNIT ( $, .STERADIAN. ) SOLID_ANGLE_UNIT ( ) );
#8958 = ORIENTED_EDGE ( 'NONE', *, *, #5701, .T. ) ;
#8959 = DIRECTION ( 'NONE',  ( 1.000000000000000000, 0.0000000000000000000, 0.0000000000000000000 ) ) ;
#8960 = VECTOR ( 'NONE', #3005, 1000.000000000000000 ) ;
#8961 = DIRECTION ( 'NONE',  ( -0.0000000000000000000, 1.000000000000000000, -0.0000000000000000000 ) ) ;
#8962 = EDGE_LOOP ( 'NONE', ( #813, #7637, #7302, #9256 ) ) ;
#8963 = VECTOR ( 'NONE', #4678, 1000.000000000000000 ) ;
#8964 = FACE_OUTER_BOUND ( 'NONE', #2395, .T. ) ;
#8965 = STYLED_ITEM ( 'NONE', ( #9259 ), #3926 ) ;
#8966 = EDGE_CURVE ( 'NONE', #7456, #3484, #5324, .T. ) ;
#8967 = PRESENTATION_LAYER_ASSIGNMENT (  '', '', ( #6686 ) ) ;
#8968 = DIRECTION ( 'NONE',  ( -0.0000000000000000000, -0.0000000000000000000, -1.000000000000000000 ) ) ;
#8969 = CARTESIAN_POINT ( 'NONE',  ( 17.74823934929884600, 16.00000000000000000, -3.000000000000001300 ) ) ;
#8970 = LINE ( 'NONE', #4492, #1255 ) ;
#8971 = COLOUR_RGB ( '',1.000000000000000000, 1.000000000000000000, 1.000000000000000000 ) ;
#8972 = ADVANCED_FACE ( 'NONE', ( #7768 ), #2659, .F. ) ;
#8973 = FILL_AREA_STYLE_COLOUR ( '', #6405 ) ;
#8974 = UNCERTAINTY_MEASURE_WITH_UNIT (LENGTH_MEASURE( 1.000000000000000100E-005 ), #2159, 'distance_accuracy_value', 'NONE');
#8975 =( NAMED_UNIT ( * ) PLANE_ANGLE_UNIT ( ) SI_UNIT ( $, .RADIAN. ) );
#8976 = SURFACE_STYLE_FILL_AREA ( #382 ) ;
#8977 = SURFACE_STYLE_FILL_AREA ( #1222 ) ;
#8978 = CARTESIAN_POINT ( 'NONE',  ( 99.99999999999994300, -164.8038475772933700, -5.000000000000004400 ) ) ;
#8979 = DIRECTION ( 'NONE',  ( -0.5000000000000010000, 0.0000000000000000000, -0.8660254037844381500 ) ) ;
#8980 = LINE ( 'NONE', #8849, #3930 ) ;
#8981 = CARTESIAN_POINT ( 'NONE',  ( -2.999999999999994700, 18.00000000000000400, -14.00000000000000000 ) ) ;
#8982 = EDGE_CURVE ( 'NONE', #941, #2350, #3203, .T. ) ;
#8983 = PRESENTATION_LAYER_ASSIGNMENT (  '', '', ( #6416 ) ) ;
#8984 = VERTEX_POINT ( 'NONE', #265 ) ;
#8985 = PLANE ( 'NONE',  #4373 ) ;
#8986 = FACE_OUTER_BOUND ( 'NONE', #6654, .T. ) ;
#8987 = COLOUR_RGB ( '',0.2823529411764705800, 0.6627450980392156600, 0.3254901960784313800 ) ;
#8988 = DIRECTION ( 'NONE',  ( -1.000000000000000000, 3.854941057726238500E-017, 0.0000000000000000000 ) ) ;
#8989 = CARTESIAN_POINT ( 'NONE',  ( 16.87042614893939800, 16.00000000000000000, -6.276043463296108600 ) ) ;
#8990 = VECTOR ( 'NONE', #10023, 999.9999999999998900 ) ;
#8991 = SURFACE_SIDE_STYLE ('',( #1397 ) ) ;
#8992 = EDGE_LOOP ( 'NONE', ( #6084, #8549, #6790, #548 ) ) ;
#8993 = ORIENTED_EDGE ( 'NONE', *, *, #1118, .T. ) ;
#8994 = PLANE ( 'NONE',  #1051 ) ;
#8996 = LINE ( 'NONE', #2275, #1647 ) ;
#8995 = FILL_AREA_STYLE_COLOUR ( '', #5427 ) ;
#8997 = STYLED_ITEM ( 'NONE', ( #466 ), #1219 ) ;
#8998 = AXIS2_PLACEMENT_3D ( 'NONE', #6204, #4568, #6862 ) ;
#8999 = PRESENTATION_STYLE_ASSIGNMENT (( #2021 ) ) ;
#9000 = EDGE_LOOP ( 'NONE', ( #810, #6040, #9169, #3790 ) ) ;
#9001 = ADVANCED_FACE ( 'NONE', ( #2442 ), #1960, .T. ) ;
#9002 =( NAMED_UNIT ( * ) SI_UNIT ( $, .STERADIAN. ) SOLID_ANGLE_UNIT ( ) );
#9003 = ORIENTED_EDGE ( 'NONE', *, *, #9035, .T. ) ;
#9004 =( NAMED_UNIT ( * ) SI_UNIT ( $, .STERADIAN. ) SOLID_ANGLE_UNIT ( ) );
#9005 =( LENGTH_UNIT ( ) NAMED_UNIT ( * ) SI_UNIT ( .MILLI., .METRE. ) );
#9006 = DIRECTION ( 'NONE',  ( -0.0000000000000000000, -1.000000000000000000, -0.0000000000000000000 ) ) ;
#9007 = ORIENTED_EDGE ( 'NONE', *, *, #7263, .F. ) ;
#9008 = FACE_OUTER_BOUND ( 'NONE', #9082, .T. ) ;
#9009 = ORIENTED_EDGE ( 'NONE', *, *, #8891, .F. ) ;
#9010 = ORIENTED_EDGE ( 'NONE', *, *, #8123, .F. ) ;
#9011 = VECTOR ( 'NONE', #9572, 1000.000000000000000 ) ;
#9012 = CIRCLE ( 'NONE', #7570, 3.750000000000010200 ) ;
#9013 = EDGE_CURVE ( 'NONE', #7477, #1901, #4804, .T. ) ;
#9014 = ORIENTED_EDGE ( 'NONE', *, *, #3315, .T. ) ;
#9015 =( NAMED_UNIT ( * ) SI_UNIT ( $, .STERADIAN. ) SOLID_ANGLE_UNIT ( ) );
#9016 = MECHANICAL_DESIGN_GEOMETRIC_PRESENTATION_REPRESENTATION (  '', ( #2288 ), #8109 ) ;
#9017 = ORIENTED_EDGE ( 'NONE', *, *, #4058, .F. ) ;
#9018 = SURFACE_SIDE_STYLE ('',( #7776 ) ) ;
#9019 = AXIS2_PLACEMENT_3D ( 'NONE', #658, #8526, #6240 ) ;
#9020 = FILL_AREA_STYLE ('',( #3416 ) ) ;
#9021 = LINE ( 'NONE', #2096, #445 ) ;
#9022 = CARTESIAN_POINT ( 'NONE',  ( 257.0000000000000600, -84.99999999999994300, 29.78048780487804200 ) ) ;
#9023 = ORIENTED_EDGE ( 'NONE', *, *, #3525, .T. ) ;
#9024 =( NAMED_UNIT ( * ) PLANE_ANGLE_UNIT ( ) SI_UNIT ( $, .RADIAN. ) );
#9025 = ORIENTED_EDGE ( 'NONE', *, *, #9436, .T. ) ;
#9026 = VECTOR ( 'NONE', #5530, 1000.000000000000000 ) ;
#9027 = ORIENTED_EDGE ( 'NONE', *, *, #7538, .T. ) ;
#9028 = CARTESIAN_POINT ( 'NONE',  ( 137.0000000000000000, -80.75735931288073700, 43.00000000000000000 ) ) ;
#9029 = CARTESIAN_POINT ( 'NONE',  ( 128.0000000000000600, -77.99999999999997200, 16.00000000000000000 ) ) ;
#9030 = FACE_OUTER_BOUND ( 'NONE', #6566, .T. ) ;
#9031 = ADVANCED_FACE ( 'NONE', ( #8129 ), #7392, .F. ) ;
#9032 = FACE_OUTER_BOUND ( 'NONE', #10016, .T. ) ;
#9033 = AXIS2_PLACEMENT_3D ( 'NONE', #7873, #3080, #4703 ) ;
#9034 = VERTEX_POINT ( 'NONE', #5715 ) ;
#9035 = EDGE_CURVE ( 'NONE', #6436, #4310, #6047, .T. ) ;
#9036 = MECHANICAL_DESIGN_GEOMETRIC_PRESENTATION_REPRESENTATION (  '', ( #7798 ), #4814 ) ;
#9037 = VECTOR ( 'NONE', #6115, 1000.000000000000100 ) ;
#9038 = ORIENTED_EDGE ( 'NONE', *, *, #6731, .F. ) ;
#9039 = CARTESIAN_POINT ( 'NONE',  ( 0.0000000000000000000, 0.0000000000000000000, 0.0000000000000000000 ) ) ;
#9040 = CARTESIAN_POINT ( 'NONE',  ( 109.3515153245857300, -109.8200575506680500, 31.59658957687815200 ) ) ;
#9041 = ORIENTED_EDGE ( 'NONE', *, *, #3043, .T. ) ;
#9042 = EDGE_CURVE ( 'NONE', #1683, #240, #5316, .T. ) ;
#9043 = DIRECTION ( 'NONE',  ( -0.0000000000000000000, -1.000000000000000000, -0.0000000000000000000 ) ) ;
#9044 = VECTOR ( 'NONE', #8172, 1000.000000000000000 ) ;
#9046 = SURFACE_STYLE_USAGE ( .BOTH. , #8935 ) ;
#9045 = UNCERTAINTY_MEASURE_WITH_UNIT (LENGTH_MEASURE( 1.000000000000000100E-005 ), #8257, 'distance_accuracy_value', 'NONE');
#9047 =( NAMED_UNIT ( * ) PLANE_ANGLE_UNIT ( ) SI_UNIT ( $, .RADIAN. ) );
#9048 = SURFACE_STYLE_USAGE ( .BOTH. , #4375 ) ;
#9049 = VECTOR ( 'NONE', #2018, 1000.000000000000000 ) ;
#9050 = VERTEX_POINT ( 'NONE', #6497 ) ;
#9051 = AXIS2_PLACEMENT_3D ( 'NONE', #750, #3053, #1524 ) ;
#9052 = ORIENTED_EDGE ( 'NONE', *, *, #3568, .F. ) ;
#9053 = EDGE_CURVE ( 'NONE', #4300, #1411, #395, .T. ) ;
#9054 = AXIS2_PLACEMENT_3D ( 'NONE', #354, #8167, #6591 ) ;
#9055 = CARTESIAN_POINT ( 'NONE',  ( 116.8303538766198000, -53.37723459253515300, -66.62276540746502500 ) ) ;
#9056 =( NAMED_UNIT ( * ) PLANE_ANGLE_UNIT ( ) SI_UNIT ( $, .RADIAN. ) );
#9057 = ORIENTED_EDGE ( 'NONE', *, *, #8966, .F. ) ;
#9058 = COLOUR_RGB ( '',0.9098039215686274400, 0.4431372549019607600, 0.03137254901960784300 ) ;
#9059 = DIRECTION ( 'NONE',  ( 0.0000000000000000000, 0.0000000000000000000, -1.000000000000000000 ) ) ;
#9060 = FILL_AREA_STYLE_COLOUR ( '', #8338 ) ;
#9061 = DIRECTION ( 'NONE',  ( -0.0000000000000000000, -0.0000000000000000000, -1.000000000000000000 ) ) ;
#9062 = ADVANCED_FACE ( 'NONE', ( #9463 ), #4036, .T. ) ;
#9063 = ORIENTED_EDGE ( 'NONE', *, *, #1851, .T. ) ;
#9064 = DIRECTION ( 'NONE',  ( 0.0000000000000000000, 1.000000000000000000, 0.0000000000000000000 ) ) ;
#9065 = SURFACE_STYLE_FILL_AREA ( #9291 ) ;
#9066 =( LENGTH_UNIT ( ) NAMED_UNIT ( * ) SI_UNIT ( .MILLI., .METRE. ) );
#9067 = ORIENTED_EDGE ( 'NONE', *, *, #7996, .T. ) ;
#9068 =( GEOMETRIC_REPRESENTATION_CONTEXT ( 3 ) GLOBAL_UNCERTAINTY_ASSIGNED_CONTEXT ( ( #4037 ) ) GLOBAL_UNIT_ASSIGNED_CONTEXT ( ( #9202, #7672, #2939 ) ) REPRESENTATION_CONTEXT ( 'NONE', 'WORKASPACE' ) );
#9069 = FILL_AREA_STYLE ('',( #1944 ) ) ;
#9070 = DIRECTION ( 'NONE',  ( 0.0000000000000000000, 0.7071067811865435800, -0.7071067811865514600 ) ) ;
#9071 = DIRECTION ( 'NONE',  ( -0.8660254037844387100, 0.0000000000000000000, -0.4999999999999999400 ) ) ;
#9072 = VECTOR ( 'NONE', #3701, 1000.000000000000000 ) ;
#9073 = DIRECTION ( 'NONE',  ( 0.0000000000000000000, 1.000000000000000000, 0.0000000000000000000 ) ) ;
#9074 = VECTOR ( 'NONE', #6544, 1000.000000000000000 ) ;
#9075 = SURFACE_STYLE_USAGE ( .BOTH. , #481 ) ;
#9076 = CARTESIAN_POINT ( 'NONE',  ( -55.00000000000005700, 3.031635788968987900E-016, 2.999999999999998200 ) ) ;
#9077 = CARTESIAN_POINT ( 'NONE',  ( 0.0000000000000000000, 18.00000000000000400, 2.999999999999994700 ) ) ;
#9078 = CARTESIAN_POINT ( 'NONE',  ( -57.84198285288149300, 111.1061200298298100, -27.15801714711856700 ) ) ;
#9079 = PRESENTATION_LAYER_ASSIGNMENT (  '', '', ( #4332 ) ) ;
#9080 = STYLED_ITEM ( 'NONE', ( #8629 ), #6857 ) ;
#9081 = LINE ( 'NONE', #8989, #2065 ) ;
#9082 = EDGE_LOOP ( 'NONE', ( #1452, #7838, #5528, #2352 ) ) ;
#9083 = MECHANICAL_DESIGN_GEOMETRIC_PRESENTATION_REPRESENTATION (  '', ( #2757 ), #1011 ) ;
#9084 = ADVANCED_FACE ( 'NONE', ( #4680 ), #1845, .T. ) ;
#9085 = ORIENTED_EDGE ( 'NONE', *, *, #202, .T. ) ;
#9086 = DIRECTION ( 'NONE',  ( 0.7061622225414253600, 0.7061622225414253600, -0.05167040652742137900 ) ) ;
#9087 = DIRECTION ( 'NONE',  ( -3.965082230804130200E-016, 1.000000000000000000, 0.0000000000000000000 ) ) ;
#9088 = ORIENTED_EDGE ( 'NONE', *, *, #19, .T. ) ;
#9089 = DIRECTION ( 'NONE',  ( 0.0000000000000000000, -1.000000000000000000, 0.0000000000000000000 ) ) ;
#9090 = LINE ( 'NONE', #30, #7015 ) ;
#9091 = DIRECTION ( 'NONE',  ( 0.0000000000000000000, 0.0000000000000000000, 1.000000000000000000 ) ) ;
#9092 = CARTESIAN_POINT ( 'NONE',  ( 3.000000000000002200, 16.00000000000000000, 0.0000000000000000000 ) ) ;
#9093 = AXIS2_PLACEMENT_3D ( 'NONE', #4730, #7134, #124 ) ;
#9094 =( NAMED_UNIT ( * ) PLANE_ANGLE_UNIT ( ) SI_UNIT ( $, .RADIAN. ) );
#9095 = EDGE_CURVE ( 'NONE', #6450, #4262, #158, .T. ) ;
#9096 =( NAMED_UNIT ( * ) PLANE_ANGLE_UNIT ( ) SI_UNIT ( $, .RADIAN. ) );
#9097 = EDGE_CURVE ( 'NONE', #4740, #5397, #4298, .T. ) ;
#9098 = DIRECTION ( 'NONE',  ( -0.0000000000000000000, -1.000000000000000000, -0.0000000000000000000 ) ) ;
#9099 = SURFACE_STYLE_USAGE ( .BOTH. , #323 ) ;
#9100 = ORIENTED_EDGE ( 'NONE', *, *, #4557, .F. ) ;
#9101 = COLOUR_RGB ( '',0.9098039215686274400, 0.4431372549019607600, 0.03137254901960784300 ) ;
#9102 = COLOUR_RGB ( '',1.000000000000000000, 1.000000000000000000, 1.000000000000000000 ) ;
#9103 = CARTESIAN_POINT ( 'NONE',  ( -38.70000000000006700, -44.00000000000000000, 18.99999999999999600 ) ) ;
#9104 = SURFACE_STYLE_USAGE ( .BOTH. , #7532 ) ;
#9105 = CARTESIAN_POINT ( 'NONE',  ( 0.0000000000000000000, 16.00000000000000000, 0.0000000000000000000 ) ) ;
#9106 = VECTOR ( 'NONE', #6854, 1000.000000000000000 ) ;
#9107 = VECTOR ( 'NONE', #2498, 999.9999999999998900 ) ;
#9108 = PRESENTATION_STYLE_ASSIGNMENT (( #9048 ) ) ;
#9109 = EDGE_CURVE ( 'NONE', #3717, #1667, #5801, .T. ) ;
#9110 = STYLED_ITEM ( 'NONE', ( #5358 ), #7951 ) ;
#9111 = DIRECTION ( 'NONE',  ( -0.0000000000000000000, -1.000000000000000000, -0.0000000000000000000 ) ) ;
#9112 = UNCERTAINTY_MEASURE_WITH_UNIT (LENGTH_MEASURE( 1.000000000000000100E-005 ), #9194, 'distance_accuracy_value', 'NONE');
#9113 = CONTEXT_DEPENDENT_SHAPE_REPRESENTATION ( #5669, #829 ) ;
#9114 = CARTESIAN_POINT ( 'NONE',  ( -8.700000000000200000, -5.999999999999992900, 19.99999999999999600 ) ) ;
#9115 = EDGE_LOOP ( 'NONE', ( #1285, #9891, #7232, #9534 ) ) ;
#9116 = DIRECTION ( 'NONE',  ( 0.0000000000000000000, 0.0000000000000000000, 1.000000000000000000 ) ) ;
#9117 = VERTEX_POINT ( 'NONE', #4276 ) ;
#9118 = CARTESIAN_POINT ( 'NONE',  ( -10.70000000000019100, -7.999999999999992900, 19.99999999999999600 ) ) ;
#9119 = ORIENTED_EDGE ( 'NONE', *, *, #2241, .T. ) ;
#9120 = CARTESIAN_POINT ( 'NONE',  ( 129.5147186257614200, -83.99999999999994300, 38.00000000000000000 ) ) ;
#9121 = DIRECTION ( 'NONE',  ( -0.7071067811865494600, -0.7071067811865456900, 0.0000000000000000000 ) ) ;
#9122 = VECTOR ( 'NONE', #9845, 1000.000000000000000 ) ;
#9123 =( NAMED_UNIT ( * ) PLANE_ANGLE_UNIT ( ) SI_UNIT ( $, .RADIAN. ) );
#9124 = STYLED_ITEM ( 'NONE', ( #5739 ), #255 ) ;
#9125 = STYLED_ITEM ( 'NONE', ( #9454 ), #9232 ) ;
#9126 = LINE ( 'NONE', #192, #3829 ) ;
#9127 = FILL_AREA_STYLE_COLOUR ( '', #4231 ) ;
#9128 = EDGE_LOOP ( 'NONE', ( #9746, #414, #7581, #9514 ) ) ;
#9129 = EDGE_CURVE ( 'NONE', #3058, #6645, #4171, .T. ) ;
#9130 =( NAMED_UNIT ( * ) PLANE_ANGLE_UNIT ( ) SI_UNIT ( $, .RADIAN. ) );
#9131 = CARTESIAN_POINT ( 'NONE',  ( -45.70000000000000300, -31.99999999999999300, 19.99999999999999600 ) ) ;
#9132 = SURFACE_STYLE_USAGE ( .BOTH. , #7562 ) ;
#9133 = FILL_AREA_STYLE ('',( #8285 ) ) ;
#9134 = EDGE_LOOP ( 'NONE', ( #2177, #2492, #1381, #5445 ) ) ;
#9135 = ADVANCED_FACE ( 'NONE', ( #2189 ), #5921, .T. ) ;
#9136 = CARTESIAN_POINT ( 'NONE',  ( -9.500000000000081700, 90.00000000000001400, 12.99999999999999800 ) ) ;
#9137 = COLOUR_RGB ( '',0.6392156862745097500, 0.6117647058823529900, 0.5999999999999999800 ) ;
#9138 = VERTEX_POINT ( 'NONE', #528 ) ;
#9139 = SURFACE_SIDE_STYLE ('',( #3704 ) ) ;
#9140 =( GEOMETRIC_REPRESENTATION_CONTEXT ( 3 ) GLOBAL_UNCERTAINTY_ASSIGNED_CONTEXT ( ( #3675 ) ) GLOBAL_UNIT_ASSIGNED_CONTEXT ( ( #798, #6273, #6541 ) ) REPRESENTATION_CONTEXT ( 'NONE', 'WORKASPACE' ) );
#9141 = SURFACE_STYLE_FILL_AREA ( #796 ) ;
#9142 = ORIENTED_EDGE ( 'NONE', *, *, #6179, .F. ) ;
#9143 = ORIENTED_EDGE ( 'NONE', *, *, #8620, .F. ) ;
#9144 = SURFACE_STYLE_FILL_AREA ( #9277 ) ;
#9145 = SURFACE_STYLE_USAGE ( .BOTH. , #9187 ) ;
#9146 =( NAMED_UNIT ( * ) SI_UNIT ( $, .STERADIAN. ) SOLID_ANGLE_UNIT ( ) );
#9147 = ORIENTED_EDGE ( 'NONE', *, *, #3820, .T. ) ;
#9148 = SURFACE_STYLE_USAGE ( .BOTH. , #4331 ) ;
#9149 = PRESENTATION_STYLE_ASSIGNMENT (( #847 ) ) ;
#9150 = EDGE_CURVE ( 'NONE', #2986, #59, #8721, .T. ) ;
#9151 = CARTESIAN_POINT ( 'NONE',  ( 0.0000000000000000000, 16.00000000000000000, 0.0000000000000000000 ) ) ;
#9152 = ORIENTED_EDGE ( 'NONE', *, *, #3907, .T. ) ;
#9153 = AXIS2_PLACEMENT_3D ( 'NONE', #651, #9239, #2874 ) ;
#9154 = LINE ( 'NONE', #4415, #9037 ) ;
#9155 = ORIENTED_EDGE ( 'NONE', *, *, #2501, .F. ) ;
#9156 = AXIS2_PLACEMENT_3D ( 'NONE', #7815, #9412, #38 ) ;
#9157 = DIRECTION ( 'NONE',  ( 0.7071067811865494600, 0.0000000000000000000, -0.7071067811865456900 ) ) ;
#9158 = CARTESIAN_POINT ( 'NONE',  ( 257.0000000000000600, -86.99999999999995700, 29.92682926829268200 ) ) ;
#9159 = EDGE_CURVE ( 'NONE', #1207, #9361, #6289, .T. ) ;
#9160 = ADVANCED_FACE ( 'NONE', ( #42 ), #2687, .F. ) ;
#9161 = DIRECTION ( 'NONE',  ( -1.000000000000000000, 1.560813733950115200E-016, -0.0000000000000000000 ) ) ;
#9162 = SURFACE_STYLE_FILL_AREA ( #5381 ) ;
#9163 = PRESENTATION_STYLE_ASSIGNMENT (( #8280 ) ) ;
#9164 = VERTEX_POINT ( 'NONE', #9866 ) ;
#9165 = CIRCLE ( 'NONE', #6433, 3.750000000000010200 ) ;
#9166 = PRESENTATION_STYLE_ASSIGNMENT (( #4797 ) ) ;
#9167 = DIRECTION ( 'NONE',  ( 0.0000000000000000000, 1.000000000000000000, 0.0000000000000000000 ) ) ;
#9168 = VERTEX_POINT ( 'NONE', #1239 ) ;
#9169 = ORIENTED_EDGE ( 'NONE', *, *, #3623, .F. ) ;
#9170 = DIRECTION ( 'NONE',  ( 0.0000000000000000000, 0.0000000000000000000, 1.000000000000000000 ) ) ;
#9171 = CARTESIAN_POINT ( 'NONE',  ( 121.9999999999999600, 120.0000000000000100, 2.999999999999937800 ) ) ;
#9172 = ORIENTED_EDGE ( 'NONE', *, *, #9859, .F. ) ;
#9173 = PLANE ( 'NONE',  #403 ) ;
#9174 =( GEOMETRIC_REPRESENTATION_CONTEXT ( 3 ) GLOBAL_UNCERTAINTY_ASSIGNED_CONTEXT ( ( #2286 ) ) GLOBAL_UNIT_ASSIGNED_CONTEXT ( ( #4943, #8846, #2478 ) ) REPRESENTATION_CONTEXT ( 'NONE', 'WORKASPACE' ) );
#9175 = ORIENTED_EDGE ( 'NONE', *, *, #7199, .T. ) ;
#9176 = LINE ( 'NONE', #6427, #5262 ) ;
#9177 = UNCERTAINTY_MEASURE_WITH_UNIT (LENGTH_MEASURE( 1.000000000000000100E-005 ), #2909, 'distance_accuracy_value', 'NONE');
#9178 = EDGE_CURVE ( 'NONE', #4491, #8917, #6899, .T. ) ;
#9179 = AXIS2_PLACEMENT_3D ( 'NONE', #7077, #7114, #3922 ) ;
#9180 =( NAMED_UNIT ( * ) PLANE_ANGLE_UNIT ( ) SI_UNIT ( $, .RADIAN. ) );
#9181 = EDGE_CURVE ( 'NONE', #9831, #1601, #3680, .T. ) ;
#9182 =( LENGTH_UNIT ( ) NAMED_UNIT ( * ) SI_UNIT ( .MILLI., .METRE. ) );
#9183 = ORIENTED_EDGE ( 'NONE', *, *, #6752, .F. ) ;
#9184 = SURFACE_SIDE_STYLE ('',( #5562 ) ) ;
#9185 = ORIENTED_EDGE ( 'NONE', *, *, #3432, .T. ) ;
#9186 = ORIENTED_EDGE ( 'NONE', *, *, #5764, .F. ) ;
#9187 = SURFACE_SIDE_STYLE ('',( #5535 ) ) ;
#9188 = FILL_AREA_STYLE ('',( #5152 ) ) ;
#9190 = ORIENTED_EDGE ( 'NONE', *, *, #5114, .T. ) ;
#9189 = MECHANICAL_DESIGN_GEOMETRIC_PRESENTATION_REPRESENTATION (  '', ( #9892 ), #1813 ) ;
#9191 = ADVANCED_FACE ( 'NONE', ( #4430 ), #2725, .F. ) ;
#9192 = EDGE_CURVE ( 'NONE', #6098, #9805, #5675, .T. ) ;
#9193 = STYLED_ITEM ( 'NONE', ( #1377 ), #8413 ) ;
#9194 =( LENGTH_UNIT ( ) NAMED_UNIT ( * ) SI_UNIT ( .MILLI., .METRE. ) );
#9195 = PRODUCT_DEFINITION_SHAPE ( 'NONE', 'NONE',  #156 ) ;
#9196 = CARTESIAN_POINT ( 'NONE',  ( -10.71056658114728900, 16.00000000000000000, 12.55124549639640300 ) ) ;
#9197 = CIRCLE ( 'NONE', #454, 18.00000000000000000 ) ;
#9198 =( GEOMETRIC_REPRESENTATION_CONTEXT ( 3 ) GLOBAL_UNCERTAINTY_ASSIGNED_CONTEXT ( ( #7037 ) ) GLOBAL_UNIT_ASSIGNED_CONTEXT ( ( #5237, #7603, #4359 ) ) REPRESENTATION_CONTEXT ( 'NONE', 'WORKASPACE' ) );
#9199 = DIRECTION ( 'NONE',  ( 0.0000000000000000000, 0.0000000000000000000, -1.000000000000000000 ) ) ;
#9200 = DIRECTION ( 'NONE',  ( -0.0000000000000000000, -0.0000000000000000000, -1.000000000000000000 ) ) ;
#9201 = SURFACE_STYLE_USAGE ( .BOTH. , #8419 ) ;
#9202 =( LENGTH_UNIT ( ) NAMED_UNIT ( * ) SI_UNIT ( .MILLI., .METRE. ) );
#9203 = FACE_OUTER_BOUND ( 'NONE', #4862, .T. ) ;
#9204 = COLOUR_RGB ( '',0.9098039215686274400, 0.4431372549019607600, 0.03137254901960784300 ) ;
#9205 = ORIENTED_EDGE ( 'NONE', *, *, #4147, .T. ) ;
#9206 = ORIENTED_EDGE ( 'NONE', *, *, #9811, .T. ) ;
#9207 = DIRECTION ( 'NONE',  ( 1.000000000000000000, 1.067522139062650400E-016, 0.0000000000000000000 ) ) ;
#9208 = CARTESIAN_POINT ( 'NONE',  ( -55.00000000000005700, -1.652117596168388200E-016, 0.0000000000000000000 ) ) ;
#9209 = MECHANICAL_DESIGN_GEOMETRIC_PRESENTATION_REPRESENTATION (  '', ( #1526 ), #6071 ) ;
#9210 = STYLED_ITEM ( 'NONE', ( #3573 ), #5571 ) ;
#9211 = ORIENTED_EDGE ( 'NONE', *, *, #1023, .T. ) ;
#9212 = LINE ( 'NONE', #3778, #4540 ) ;
#9213 = CARTESIAN_POINT ( 'NONE',  ( 16.22498073958795200, 16.00000000000000000, -3.000000000000000900 ) ) ;
#9214 = CARTESIAN_POINT ( 'NONE',  ( 6.276043463296112200, 16.00000000000000000, 16.87042614893939800 ) ) ;
#9215 = FILL_AREA_STYLE ('',( #9060 ) ) ;
#9216 = SURFACE_STYLE_FILL_AREA ( #1014 ) ;
#9217 = FILL_AREA_STYLE_COLOUR ( '', #7387 ) ;
#9218 = CARTESIAN_POINT ( 'NONE',  ( -10.71056658114729700, 0.0000000000000000000, -12.55124549639639000 ) ) ;
#9219 = SURFACE_STYLE_FILL_AREA ( #1286 ) ;
#9220 = AXIS2_PLACEMENT_3D ( 'NONE', #617, #1430, #678 ) ;
#9221 = FILL_AREA_STYLE_COLOUR ( '', #7699 ) ;
#9222 = EDGE_CURVE ( 'NONE', #2761, #4022, #2815, .T. ) ;
#9223 = AXIS2_PLACEMENT_3D ( 'NONE', #2075, #6056, #2932 ) ;
#9224 = FILL_AREA_STYLE ('',( #608 ) ) ;
#9225 = CARTESIAN_POINT ( 'NONE',  ( 0.0000000000000000000, 16.00000000000000000, 0.0000000000000000000 ) ) ;
#9226 = EDGE_CURVE ( 'NONE', #240, #8032, #3670, .T. ) ;
#9227 = CIRCLE ( 'NONE', #4645, 3.750000000000010200 ) ;
#9228 = FACE_OUTER_BOUND ( 'NONE', #3289, .T. ) ;
#9229 = DIRECTION ( 'NONE',  ( -0.7071067811865463500, -0.7071067811865487900, -0.0000000000000000000 ) ) ;
#9230 = CARTESIAN_POINT ( 'NONE',  ( -48.00000000000008500, 30.99999999999998200, 15.00000000000000000 ) ) ;
#9231 = COLOUR_RGB ( '',1.000000000000000000, 1.000000000000000000, 1.000000000000000000 ) ;
#9232 = ADVANCED_FACE ( 'NONE', ( #1839 ), #3915, .T. ) ;
#9233 = ORIENTED_EDGE ( 'NONE', *, *, #6942, .T. ) ;
#9234 = SURFACE_STYLE_FILL_AREA ( #6860 ) ;
#9235 =( LENGTH_UNIT ( ) NAMED_UNIT ( * ) SI_UNIT ( .MILLI., .METRE. ) );
#9236 = UNCERTAINTY_MEASURE_WITH_UNIT (LENGTH_MEASURE( 1.000000000000000100E-005 ), #3276, 'distance_accuracy_value', 'NONE');
#9237 =( NAMED_UNIT ( * ) PLANE_ANGLE_UNIT ( ) SI_UNIT ( $, .RADIAN. ) );
#9238 = DIRECTION ( 'NONE',  ( 0.0000000000000000000, -0.1222469165574757600, -0.9924997185854460600 ) ) ;
#9239 = DIRECTION ( 'NONE',  ( 0.4999999999999998900, 0.7071067811865521200, 0.4999999999999936700 ) ) ;
#9240 = VECTOR ( 'NONE', #4090, 1000.000000000000000 ) ;
#9241 = FACE_OUTER_BOUND ( 'NONE', #1227, .T. ) ;
#9242 = EDGE_CURVE ( 'NONE', #3825, #2471, #1726, .T. ) ;
#9243 = STYLED_ITEM ( 'NONE', ( #4954 ), #8224 ) ;
#9244 = ORIENTED_EDGE ( 'NONE', *, *, #1347, .F. ) ;
#9245 = DIRECTION ( 'NONE',  ( 0.0000000000000000000, 0.0000000000000000000, -1.000000000000000000 ) ) ;
#9246 = DIRECTION ( 'NONE',  ( 0.8660254037844387100, -0.0000000000000000000, 0.4999999999999999400 ) ) ;
#9247 = CARTESIAN_POINT ( 'NONE',  ( 2.449293598294706500E-015, 10.00000000000000000, 20.00000000000000000 ) ) ;
#9248 = ORIENTED_EDGE ( 'NONE', *, *, #6306, .F. ) ;
#9249 =( NAMED_UNIT ( * ) PLANE_ANGLE_UNIT ( ) SI_UNIT ( $, .RADIAN. ) );
#9250 = ORIENTED_EDGE ( 'NONE', *, *, #2051, .F. ) ;
#9251 = CARTESIAN_POINT ( 'NONE',  ( 3.000000000000000000, 16.00000000000000000, -17.74823934929884600 ) ) ;
#9252 = CARTESIAN_POINT ( 'NONE',  ( 121.9999999999999600, 120.0000000000000100, 2.999999999999938300 ) ) ;
#9253 = LINE ( 'NONE', #7803, #2348 ) ;
#9254 = LINE ( 'NONE', #10071, #5351 ) ;
#9256 = ORIENTED_EDGE ( 'NONE', *, *, #505, .F. ) ;
#9255 = STYLED_ITEM ( 'NONE', ( #7866 ), #9337 ) ;
#9257 = ADVANCED_FACE ( 'NONE', ( #9706 ), #5441, .T. ) ;
#9258 = CARTESIAN_POINT ( 'NONE',  ( -1.999999999999946300, -77.99999999999998600, 18.00000000000000000 ) ) ;
#9259 = PRESENTATION_STYLE_ASSIGNMENT (( #7394 ) ) ;
#9260 = ORIENTED_EDGE ( 'NONE', *, *, #3431, .T. ) ;
#9261 = LINE ( 'NONE', #7922, #6437 ) ;
#9262 = ORIENTED_EDGE ( 'NONE', *, *, #8641, .F. ) ;
#9263 = CARTESIAN_POINT ( 'NONE',  ( 135.0000000000000300, 54.99999999999997200, -35.00000000000000000 ) ) ;
#9264 = ORIENTED_EDGE ( 'NONE', *, *, #9567, .F. ) ;
#9265 = FILL_AREA_STYLE_COLOUR ( '', #9300 ) ;
#9266 = LINE ( 'NONE', #3016, #7189 ) ;
#9267 = ORIENTED_EDGE ( 'NONE', *, *, #7525, .F. ) ;
#9268 = ORIENTED_EDGE ( 'NONE', *, *, #1118, .F. ) ;
#9269 = CYLINDRICAL_SURFACE ( 'NONE', #5282, 2.999999999999993800 ) ;
#9270 =( NAMED_UNIT ( * ) SI_UNIT ( $, .STERADIAN. ) SOLID_ANGLE_UNIT ( ) );
#9271 = ORIENTED_EDGE ( 'NONE', *, *, #7663, .T. ) ;
#9272 = CARTESIAN_POINT ( 'NONE',  ( 6.437615524843127000E-015, -83.99999999999995700, 29.70731707317073100 ) ) ;
#9273 = PRESENTATION_LAYER_ASSIGNMENT (  '', '', ( #6003 ) ) ;
#9274 = AXIS2_PLACEMENT_3D ( 'NONE', #251, #7270, #5770 ) ;
#9275 = DIRECTION ( 'NONE',  ( -0.0000000000000000000, -1.000000000000000000, -0.0000000000000000000 ) ) ;
#9276 = MECHANICAL_DESIGN_GEOMETRIC_PRESENTATION_REPRESENTATION (  '', ( #2884 ), #5557 ) ;
#9277 = FILL_AREA_STYLE ('',( #7051 ) ) ;
#9278 = SURFACE_STYLE_FILL_AREA ( #1210 ) ;
#9279 =( LENGTH_UNIT ( ) NAMED_UNIT ( * ) SI_UNIT ( .MILLI., .METRE. ) );
#9280 = PLANE ( 'NONE',  #1966 ) ;
#9281 = VERTEX_POINT ( 'NONE', #9955 ) ;
#9282 = VERTEX_POINT ( 'NONE', #3754 ) ;
#9283 = ORIENTED_EDGE ( 'NONE', *, *, #3681, .T. ) ;
#9284 = ADVANCED_FACE ( 'NONE', ( #3309 ), #5300, .T. ) ;
#9285 = DIRECTION ( 'NONE',  ( -0.5000000000000004400, 0.0000000000000000000, 0.8660254037844383700 ) ) ;
#9286 = CIRCLE ( 'NONE', #2863, 4.549999999999998900 ) ;
#9287 = AXIS2_PLACEMENT_3D ( 'NONE', #1638, #4766, #6345 ) ;
#9288 = SURFACE_STYLE_FILL_AREA ( #27 ) ;
#9289 = DIRECTION ( 'NONE',  ( -0.0000000000000000000, 1.000000000000000000, -0.0000000000000000000 ) ) ;
#9290 = VERTEX_POINT ( 'NONE', #7593 ) ;
#9291 = FILL_AREA_STYLE ('',( #5375 ) ) ;
#9292 = EDGE_CURVE ( 'NONE', #3583, #1664, #7258, .T. ) ;
#9293 = CARTESIAN_POINT ( 'NONE',  ( 12.55124549639639800, 16.00000000000000000, -10.71056658114729200 ) ) ;
#9294 = VERTEX_POINT ( 'NONE', #6933 ) ;
#9295 = DIRECTION ( 'NONE',  ( 0.0000000000000000000, 0.0000000000000000000, 1.000000000000000000 ) ) ;
#9296 = FACE_BOUND ( 'NONE', #671, .T. ) ;
#9297 = VECTOR ( 'NONE', #3038, 1000.000000000000100 ) ;
#9298 = UNCERTAINTY_MEASURE_WITH_UNIT (LENGTH_MEASURE( 1.000000000000000100E-005 ), #3403, 'distance_accuracy_value', 'NONE');
#9299 = VERTEX_POINT ( 'NONE', #4580 ) ;
#9300 = COLOUR_RGB ( '',1.000000000000000000, 1.000000000000000000, 1.000000000000000000 ) ;
#9301 = CARTESIAN_POINT ( 'NONE',  ( -10.70000000000006700, -55.99999999999997900, 19.99999999999999600 ) ) ;
#9302 = CARTESIAN_POINT ( 'NONE',  ( 138.0000000000000000, -5.999999999999992900, 38.00000000000000000 ) ) ;
#9303 = AXIS2_PLACEMENT_3D ( 'NONE', #534, #9873, #8378 ) ;
#9304 = EDGE_CURVE ( 'NONE', #3224, #8032, #1246, .T. ) ;
#9305 = PRESENTATION_LAYER_ASSIGNMENT (  '', '', ( #2784 ) ) ;
#9306 = DIRECTION ( 'NONE',  ( 0.0000000000000000000, 1.000000000000000000, 0.0000000000000000000 ) ) ;
#9307 = LINE ( 'NONE', #1359, #4136 ) ;
#9308 = DIRECTION ( 'NONE',  ( 0.0000000000000000000, 0.0000000000000000000, -1.000000000000000000 ) ) ;
#9309 =( NAMED_UNIT ( * ) SI_UNIT ( $, .STERADIAN. ) SOLID_ANGLE_UNIT ( ) );
#9310 = CARTESIAN_POINT ( 'NONE',  ( -53.64165393576255500, 21.64165393576250900, -12.36628682593120300 ) ) ;
#9311 = ORIENTED_EDGE ( 'NONE', *, *, #3626, .F. ) ;
#9312 = ADVANCED_FACE ( 'NONE', ( #4152 ), #1306, .T. ) ;
#9313 =( NAMED_UNIT ( * ) PLANE_ANGLE_UNIT ( ) SI_UNIT ( $, .RADIAN. ) );
#9314 = CARTESIAN_POINT ( 'NONE',  ( -10.70000000000019100, -19.99999999999997500, 18.99999999999999600 ) ) ;
#9315 = CYLINDRICAL_SURFACE ( 'NONE', #8998, 6.000000000000000000 ) ;
#9316 = SURFACE_STYLE_USAGE ( .BOTH. , #5288 ) ;
#9317 = SURFACE_STYLE_FILL_AREA ( #3404 ) ;
#9318 = EDGE_CURVE ( 'NONE', #5334, #8070, #4914, .T. ) ;
#9319 =( GEOMETRIC_REPRESENTATION_CONTEXT ( 3 ) GLOBAL_UNCERTAINTY_ASSIGNED_CONTEXT ( ( #1506 ) ) GLOBAL_UNIT_ASSIGNED_CONTEXT ( ( #4815, #6440, #934 ) ) REPRESENTATION_CONTEXT ( 'NONE', 'WORKASPACE' ) );
#9320 = CARTESIAN_POINT ( 'NONE',  ( 130.7573593128807900, -86.99999999999997200, 29.92682926829268200 ) ) ;
#9321 = ORIENTED_EDGE ( 'NONE', *, *, #443, .T. ) ;
#9322 = PRESENTATION_STYLE_ASSIGNMENT (( #4044 ) ) ;
#9323 = EDGE_CURVE ( 'NONE', #6918, #3992, #8832, .T. ) ;
#9324 = SURFACE_STYLE_USAGE ( .BOTH. , #5374 ) ;
#9325 = DIRECTION ( 'NONE',  ( -0.0000000000000000000, -0.0000000000000000000, -1.000000000000000000 ) ) ;
#9326 = SURFACE_STYLE_FILL_AREA ( #4217 ) ;
#9327 = ORIENTED_EDGE ( 'NONE', *, *, #9222, .F. ) ;
#9328 = ORIENTED_EDGE ( 'NONE', *, *, #4991, .T. ) ;
#9329 = CARTESIAN_POINT ( 'NONE',  ( -58.00000000000004300, -81.17157287525387200, 18.00000000000000000 ) ) ;
#9330 =( NAMED_UNIT ( * ) PLANE_ANGLE_UNIT ( ) SI_UNIT ( $, .RADIAN. ) );
#9331 = VECTOR ( 'NONE', #2359, 1000.000000000000000 ) ;
#9332 = ORIENTED_EDGE ( 'NONE', *, *, #8390, .F. ) ;
#9333 = AXIS2_PLACEMENT_3D ( 'NONE', #2854, #1366, #6793 ) ;
#9334 = PRESENTATION_LAYER_ASSIGNMENT (  '', '', ( #4261 ) ) ;
#9335 = CARTESIAN_POINT ( 'NONE',  ( 0.0000000000000000000, 16.00000000000000000, 0.0000000000000000000 ) ) ;
#9336 = DIRECTION ( 'NONE',  ( 0.0000000000000000000, 0.0000000000000000000, 1.000000000000000000 ) ) ;
#9337 = ADVANCED_FACE ( 'NONE', ( #1949 ), #8668, .T. ) ;
#9338 = CARTESIAN_POINT ( 'NONE',  ( 0.0000000000000000000, 20.00000000000000000, 0.0000000000000000000 ) ) ;
#9339 = CARTESIAN_POINT ( 'NONE',  ( 99.99999999999994300, -164.8038475772933700, -5.000000000000004400 ) ) ;
#9340 = SURFACE_STYLE_FILL_AREA ( #6215 ) ;
#9341 = PLANE ( 'NONE',  #10045 ) ;
#9342 = CARTESIAN_POINT ( 'NONE',  ( -5.514414158440667200, 0.0000000000000000000, -15.55124549639639400 ) ) ;
#9343 = EDGE_LOOP ( 'NONE', ( #6817, #3782, #49, #318 ) ) ;
#9344 = COLOUR_RGB ( '',0.9098039215686274400, 0.4431372549019607600, 0.03137254901960784300 ) ;
#9345 = EDGE_CURVE ( 'NONE', #317, #1042, #8472, .T. ) ;
#9346 = DIRECTION ( 'NONE',  ( 0.0000000000000000000, -1.000000000000000000, 6.938893903907228400E-017 ) ) ;
#9347 = SURFACE_STYLE_USAGE ( .BOTH. , #3779 ) ;
#9348 = AXIS2_PLACEMENT_3D ( 'NONE', #6421, #4843, #7222 ) ;
#9349 = AXIS2_PLACEMENT_3D ( 'NONE', #3287, #1825, #7329 ) ;
#9350 = EDGE_CURVE ( 'NONE', #7456, #5343, #3299, .T. ) ;
#9351 = DIRECTION ( 'NONE',  ( 0.2810846377148144600, -0.6785983445458463300, -0.6785983445458500000 ) ) ;
#9352 = CIRCLE ( 'NONE', #4628, 3.000000000000002700 ) ;
#9353 = VECTOR ( 'NONE', #2709, 1000.000000000000000 ) ;
#9354 = UNCERTAINTY_MEASURE_WITH_UNIT (LENGTH_MEASURE( 1.000000000000000100E-005 ), #137, 'distance_accuracy_value', 'NONE');
#9355 = ORIENTED_EDGE ( 'NONE', *, *, #4557, .T. ) ;
#9356 = CARTESIAN_POINT ( 'NONE',  ( 0.0000000000000000000, 16.00000000000000000, 0.0000000000000000000 ) ) ;
#9357 = ADVANCED_FACE ( 'NONE', ( #10046 ), #1484, .F. ) ;
#9358 = FILL_AREA_STYLE_COLOUR ( '', #3967 ) ;
#9359 = VECTOR ( 'NONE', #4726, 1000.000000000000000 ) ;
#9360 = STYLED_ITEM ( 'NONE', ( #8752 ), #3636 ) ;
#9361 = VERTEX_POINT ( 'NONE', #3071 ) ;
#9362 = EDGE_CURVE ( 'NONE', #331, #8708, #6032, .T. ) ;
#9363 =( GEOMETRIC_REPRESENTATION_CONTEXT ( 3 ) GLOBAL_UNCERTAINTY_ASSIGNED_CONTEXT ( ( #6044 ) ) GLOBAL_UNIT_ASSIGNED_CONTEXT ( ( #1020, #4956, #7368 ) ) REPRESENTATION_CONTEXT ( 'NONE', 'WORKASPACE' ) );
#9364 = ORIENTED_EDGE ( 'NONE', *, *, #172, .F. ) ;
#9365 = UNCERTAINTY_MEASURE_WITH_UNIT (LENGTH_MEASURE( 1.000000000000000100E-005 ), #4146, 'distance_accuracy_value', 'NONE');
#9366 = EDGE_CURVE ( 'NONE', #8081, #9294, #6514, .T. ) ;
#9367 = VERTEX_POINT ( 'NONE', #6280 ) ;
#9368 = DIRECTION ( 'NONE',  ( 0.0000000000000000000, 0.0000000000000000000, 1.000000000000000000 ) ) ;
#9369 = VECTOR ( 'NONE', #609, 1000.000000000000100 ) ;
#9370 = VECTOR ( 'NONE', #130, 999.9999999999998900 ) ;
#9371 = ORIENTED_EDGE ( 'NONE', *, *, #7613, .T. ) ;
#9372 = SURFACE_SIDE_STYLE ('',( #8872 ) ) ;
#9373 = DIRECTION ( 'NONE',  ( 0.0000000000000000000, 0.0000000000000000000, -1.000000000000000000 ) ) ;
#9374 = LINE ( 'NONE', #4679, #6197 ) ;
#9375 = LINE ( 'NONE', #2616, #434 ) ;
#9376 = CARTESIAN_POINT ( 'NONE',  ( 138.0000000000000000, -5.999999999999992900, 18.00000000000000000 ) ) ;
#9377 = VERTEX_POINT ( 'NONE', #5637 ) ;
#9378 = EDGE_CURVE ( 'NONE', #2971, #1804, #3660, .T. ) ;
#9379 = AXIS2_PLACEMENT_3D ( 'NONE', #2364, #8603, #1609 ) ;
#9380 = LINE ( 'NONE', #6650, #4201 ) ;
#9381 = CARTESIAN_POINT ( 'NONE',  ( -60.00000000000005000, 119.9999999999999700, -24.99999999999999600 ) ) ;
#9382 = DIRECTION ( 'NONE',  ( -0.0000000000000000000, -0.0000000000000000000, -1.000000000000000000 ) ) ;
#9383 = CARTESIAN_POINT ( 'NONE',  ( 137.0000000000000000, -80.75735931288073700, 43.00000000000000000 ) ) ;
#9384 = ORIENTED_EDGE ( 'NONE', *, *, #1540, .T. ) ;
#9385 = CIRCLE ( 'NONE', #4789, 16.50000000000000000 ) ;
#9386 = ORIENTED_EDGE ( 'NONE', *, *, #2901, .F. ) ;
#9387 = ORIENTED_EDGE ( 'NONE', *, *, #6219, .F. ) ;
#9388 = ORIENTED_EDGE ( 'NONE', *, *, #7471, .T. ) ;
#9389 = DIRECTION ( 'NONE',  ( -0.0000000000000000000, -0.0000000000000000000, -1.000000000000000000 ) ) ;
#9390 = CARTESIAN_POINT ( 'NONE',  ( -2.930695433398215200E-014, 114.9999999999999700, 0.0000000000000000000 ) ) ;
#9391 = STYLED_ITEM ( 'NONE', ( #3799 ), #9257 ) ;
#9392 = LINE ( 'NONE', #8701, #9988 ) ;
#9393 = DIRECTION ( 'NONE',  ( 0.0000000000000000000, 0.0000000000000000000, -1.000000000000000000 ) ) ;
#9394 = ORIENTED_EDGE ( 'NONE', *, *, #1800, .T. ) ;
#9395 = VECTOR ( 'NONE', #5880, 1000.000000000000200 ) ;
#9396 =( NAMED_UNIT ( * ) SI_UNIT ( $, .STERADIAN. ) SOLID_ANGLE_UNIT ( ) );
#9397 = ORIENTED_EDGE ( 'NONE', *, *, #6292, .F. ) ;
#9398 = PRESENTATION_STYLE_ASSIGNMENT (( #6526 ) ) ;
#9399 = ORIENTED_EDGE ( 'NONE', *, *, #3047, .T. ) ;
#9400 = DIRECTION ( 'NONE',  ( 1.795075219531765700E-016, -0.7071067811865516800, 0.7071067811865434600 ) ) ;
#9401 = CIRCLE ( 'NONE', #8782, 16.50000000000000000 ) ;
#9402 = MECHANICAL_DESIGN_GEOMETRIC_PRESENTATION_REPRESENTATION (  '', ( #4332 ), #9922 ) ;
#9403 = LINE ( 'NONE', #9440, #8908 ) ;
#9404 = ORIENTED_EDGE ( 'NONE', *, *, #6835, .F. ) ;
#9405 = ORIENTED_EDGE ( 'NONE', *, *, #5384, .T. ) ;
#9406 = DIRECTION ( 'NONE',  ( 0.0000000000000000000, 0.0000000000000000000, 1.000000000000000000 ) ) ;
#9407 = ADVANCED_FACE ( 'NONE', ( #6647 ), #2502, .F. ) ;
#9408 = AXIS2_PLACEMENT_3D ( 'NONE', #7266, #8831, #2528 ) ;
#9409 = ORIENTED_EDGE ( 'NONE', *, *, #4497, .F. ) ;
#9410 = PLANE ( 'NONE',  #8576 ) ;
#9411 = VERTEX_POINT ( 'NONE', #2393 ) ;
#9412 = DIRECTION ( 'NONE',  ( 1.000000000000000000, 0.0000000000000000000, -3.097720492815727200E-016 ) ) ;
#9413 = COLOUR_RGB ( '',0.9098039215686274400, 0.4431372549019607600, 0.03137254901960784300 ) ;
#9414 = PLANE ( 'NONE',  #8291 ) ;
#9415 = COLOUR_RGB ( '',1.000000000000000000, 1.000000000000000000, 1.000000000000000000 ) ;
#9416 = ORIENTED_EDGE ( 'NONE', *, *, #6403, .F. ) ;
#9417 = ORIENTED_EDGE ( 'NONE', *, *, #7073, .F. ) ;
#9418 = ORIENTED_EDGE ( 'NONE', *, *, #7471, .F. ) ;
#9419 = FILL_AREA_STYLE ('',( #3629 ) ) ;
#9420 = PRESENTATION_LAYER_ASSIGNMENT (  '', '', ( #9473 ) ) ;
#9421 = UNCERTAINTY_MEASURE_WITH_UNIT (LENGTH_MEASURE( 1.000000000000000100E-005 ), #3944, 'distance_accuracy_value', 'NONE');
#9422 = LINE ( 'NONE', #10112, #8806 ) ;
#9423 = CARTESIAN_POINT ( 'NONE',  ( 140.0000000000000000, 28.00000000000001400, -19.99999999999998900 ) ) ;
#9424 = EDGE_CURVE ( 'NONE', #2107, #5583, #6755, .T. ) ;
#9425 = PRESENTATION_LAYER_ASSIGNMENT (  '', '', ( #8892 ) ) ;
#9426 = EDGE_CURVE ( 'NONE', #8274, #7412, #3175, .T. ) ;
#9427 = CARTESIAN_POINT ( 'NONE',  ( 0.0000000000000000000, 16.00000000000000000, 0.0000000000000000000 ) ) ;
#9428 = ORIENTED_EDGE ( 'NONE', *, *, #4372, .T. ) ;
#9429 = CARTESIAN_POINT ( 'NONE',  ( -45.70000000000000300, -13.99999999999999800, 21.20000000000002100 ) ) ;
#9430 =( NAMED_UNIT ( * ) PLANE_ANGLE_UNIT ( ) SI_UNIT ( $, .RADIAN. ) );
#9431 = CARTESIAN_POINT ( 'NONE',  ( -55.00000000000005000, -6.000000000000097700, 24.00000000000000700 ) ) ;
#9432 = DIRECTION ( 'NONE',  ( -1.000000000000000000, 0.0000000000000000000, 0.0000000000000000000 ) ) ;
#9433 = ADVANCED_FACE ( 'NONE', ( #2922 ), #1703, .T. ) ;
#9435 = CIRCLE ( 'NONE', #1696, 3.000000000000002700 ) ;
#9434 = AXIS2_PLACEMENT_3D ( 'NONE', #4259, #1060, #6678 ) ;
#9436 = EDGE_CURVE ( 'NONE', #5180, #9909, #9443, .T. ) ;
#9437 = STYLED_ITEM ( 'NONE', ( #4723 ), #7753 ) ;
#9438 = FILL_AREA_STYLE ('',( #8648 ) ) ;
#9439 = CARTESIAN_POINT ( 'NONE',  ( -44.94999999999999600, -67.99999999999998600, 20.00000000000000000 ) ) ;
#9440 = CARTESIAN_POINT ( 'NONE',  ( -48.00000000000008500, 30.99999999999998200, 15.00000000000000000 ) ) ;
#9441 = PLANE ( 'NONE',  #7353 ) ;
#9442 =( LENGTH_UNIT ( ) NAMED_UNIT ( * ) SI_UNIT ( .MILLI., .METRE. ) );
#9443 = LINE ( 'NONE', #7167, #1706 ) ;
#9444 = SURFACE_STYLE_FILL_AREA ( #1054 ) ;
#9445 = FACE_BOUND ( 'NONE', #5271, .T. ) ;
#9446 = ORIENTED_EDGE ( 'NONE', *, *, #4005, .F. ) ;
#9447 = PRESENTATION_LAYER_ASSIGNMENT (  '', '', ( #4855 ) ) ;
#9448 = AXIS2_PLACEMENT_3D ( 'NONE', #3711, #2418, #176 ) ;
#9449 = ORIENTED_EDGE ( 'NONE', *, *, #2783, .F. ) ;
#9450 =( LENGTH_UNIT ( ) NAMED_UNIT ( * ) SI_UNIT ( .MILLI., .METRE. ) );
#9451 = EDGE_CURVE ( 'NONE', #3997, #7783, #4784, .T. ) ;
#9452 = CARTESIAN_POINT ( 'NONE',  ( -2.598076211353307100, 0.0000000000000000000, 1.499999999999998700 ) ) ;
#9453 =( NAMED_UNIT ( * ) PLANE_ANGLE_UNIT ( ) SI_UNIT ( $, .RADIAN. ) );
#9454 = PRESENTATION_STYLE_ASSIGNMENT (( #2891 ) ) ;
#9455 = DIRECTION ( 'NONE',  ( 0.0000000000000000000, 1.000000000000000000, -0.0000000000000000000 ) ) ;
#9456 = ADVANCED_FACE ( 'NONE', ( #1229 ), #2673, .F. ) ;
#9457 = DIRECTION ( 'NONE',  ( -0.0000000000000000000, -1.000000000000000000, -0.0000000000000000000 ) ) ;
#9458 = ORIENTED_EDGE ( 'NONE', *, *, #2060, .T. ) ;
#9459 = FACE_OUTER_BOUND ( 'NONE', #4459, .T. ) ;
#9460 = CARTESIAN_POINT ( 'NONE',  ( 3.000000000000002200, 0.0000000000000000000, 0.0000000000000000000 ) ) ;
#9461 = MECHANICAL_DESIGN_GEOMETRIC_PRESENTATION_REPRESENTATION (  '', ( #8093 ), #7378 ) ;
#9462 = CARTESIAN_POINT ( 'NONE',  ( -10.70000000000006700, -44.00000000000000000, 19.99999999999999600 ) ) ;
#9463 = FACE_OUTER_BOUND ( 'NONE', #4759, .T. ) ;
#9464 = VECTOR ( 'NONE', #4428, 1000.000000000000000 ) ;
#9465 = CARTESIAN_POINT ( 'NONE',  ( -48.00000000000008500, 30.99999999999998200, 19.99999999999999600 ) ) ;
#9466 = ORIENTED_EDGE ( 'NONE', *, *, #5762, .F. ) ;
#9467 = SHAPE_REPRESENTATION ( 'body', ( #9592 ), #5076 ) ;
#9468 = ORIENTED_EDGE ( 'NONE', *, *, #4773, .T. ) ;
#9469 = CARTESIAN_POINT ( 'NONE',  ( -3.000000000000000000, 16.00000000000000000, 0.0000000000000000000 ) ) ;
#9470 = SURFACE_STYLE_USAGE ( .BOTH. , #3999 ) ;
#9471 = UNCERTAINTY_MEASURE_WITH_UNIT (LENGTH_MEASURE( 1.000000000000000100E-005 ), #7504, 'distance_accuracy_value', 'NONE');
#9472 = DIRECTION ( 'NONE',  ( 0.0000000000000000000, 1.000000000000000000, 0.0000000000000000000 ) ) ;
#9473 = STYLED_ITEM ( 'NONE', ( #831 ), #2991 ) ;
#9474 =( GEOMETRIC_REPRESENTATION_CONTEXT ( 3 ) GLOBAL_UNCERTAINTY_ASSIGNED_CONTEXT ( ( #7228 ) ) GLOBAL_UNIT_ASSIGNED_CONTEXT ( ( #8017, #3297, #9582 ) ) REPRESENTATION_CONTEXT ( 'NONE', 'WORKASPACE' ) );
#9475 = EDGE_CURVE ( 'NONE', #6431, #7844, #8948, .T. ) ;
#9476 = LINE ( 'NONE', #3921, #795 ) ;
#9477 = PRESENTATION_STYLE_ASSIGNMENT (( #2762 ) ) ;
#9478 = VECTOR ( 'NONE', #1866, 1000.000000000000000 ) ;
#9479 = ORIENTED_EDGE ( 'NONE', *, *, #4478, .F. ) ;
#9480 = CARTESIAN_POINT ( 'NONE',  ( -8.700000000000214200, -75.99999999999998600, 19.99999999999999600 ) ) ;
#9481 = FILL_AREA_STYLE_COLOUR ( '', #5932 ) ;
#9482 = CARTESIAN_POINT ( 'NONE',  ( 0.0000000000000000000, 0.0000000000000000000, 0.0000000000000000000 ) ) ;
#9483 = CARTESIAN_POINT ( 'NONE',  ( 107.4644660940670200, -107.4644660940674200, -35.00000000000000000 ) ) ;
#9484 = CARTESIAN_POINT ( 'NONE',  ( 3.000000000000000000, 16.00000000000000000, 0.0000000000000000000 ) ) ;
#9485 = VECTOR ( 'NONE', #2074, 1000.000000000000000 ) ;
#9486 = VERTEX_POINT ( 'NONE', #8700 ) ;
#9487 = DIRECTION ( 'NONE',  ( -0.0000000000000000000, -1.000000000000000000, -0.0000000000000000000 ) ) ;
#9488 = VECTOR ( 'NONE', #9782, 1000.000000000000000 ) ;
#9489 = MECHANICAL_DESIGN_GEOMETRIC_PRESENTATION_REPRESENTATION (  '', ( #8965 ), #6539 ) ;
#9490 = TOROIDAL_SURFACE ( 'NONE', #3990, 0.7500000000000132100, 3.000000000000000000 ) ;
#9491 = EDGE_CURVE ( 'NONE', #7844, #5259, #5294, .T. ) ;
#9492 = STYLED_ITEM ( 'NONE', ( #3742 ), #7546 ) ;
#9493 = ORIENTED_EDGE ( 'NONE', *, *, #9610, .F. ) ;
#9494 = DIRECTION ( 'NONE',  ( 0.0000000000000000000, 1.000000000000000000, 0.0000000000000000000 ) ) ;
#9495 = SURFACE_STYLE_FILL_AREA ( #6242 ) ;
#9496 = CARTESIAN_POINT ( 'NONE',  ( -30.00000000000008200, 30.99999999999998200, 15.00000000000000000 ) ) ;
#9497 = ORIENTED_EDGE ( 'NONE', *, *, #5313, .T. ) ;
#9498 = ORIENTED_EDGE ( 'NONE', *, *, #5438, .T. ) ;
#9499 = SURFACE_STYLE_FILL_AREA ( #4279 ) ;
#9500 = COLOUR_RGB ( '',0.9098039215686274400, 0.4431372549019607600, 0.03137254901960784300 ) ;
#9501 = VERTEX_POINT ( 'NONE', #4119 ) ;
#9502 = PLANE ( 'NONE',  #4074 ) ;
#9503 = DIRECTION ( 'NONE',  ( 0.0000000000000000000, 0.0000000000000000000, 1.000000000000000000 ) ) ;
#9504 = ORIENTED_EDGE ( 'NONE', *, *, #947, .T. ) ;
#9505 = FILL_AREA_STYLE_COLOUR ( '', #4248 ) ;
#9506 =( GEOMETRIC_REPRESENTATION_CONTEXT ( 3 ) GLOBAL_UNCERTAINTY_ASSIGNED_CONTEXT ( ( #3111 ) ) GLOBAL_UNIT_ASSIGNED_CONTEXT ( ( #5106, #9688, #402 ) ) REPRESENTATION_CONTEXT ( 'NONE', 'WORKASPACE' ) );
#9507 = LINE ( 'NONE', #1487, #4593 ) ;
#9508 =( NAMED_UNIT ( * ) PLANE_ANGLE_UNIT ( ) SI_UNIT ( $, .RADIAN. ) );
#9509 = SURFACE_STYLE_FILL_AREA ( #3983 ) ;
#9510 = EDGE_CURVE ( 'NONE', #4281, #331, #631, .T. ) ;
#9511 =( GEOMETRIC_REPRESENTATION_CONTEXT ( 3 ) GLOBAL_UNCERTAINTY_ASSIGNED_CONTEXT ( ( #7616 ) ) GLOBAL_UNIT_ASSIGNED_CONTEXT ( ( #9714, #3342, #7357 ) ) REPRESENTATION_CONTEXT ( 'NONE', 'WORKASPACE' ) );
#9513 = ORIENTED_EDGE ( 'NONE', *, *, #7413, .F. ) ;
#9512 = CARTESIAN_POINT ( 'NONE',  ( 118.0000000000000600, 114.0000000000000000, 15.99999999999999600 ) ) ;
#9514 = ORIENTED_EDGE ( 'NONE', *, *, #9323, .T. ) ;
#9515 = CARTESIAN_POINT ( 'NONE',  ( 0.0000000000000000000, 16.00000000000000000, 0.0000000000000000000 ) ) ;
#9516 = COLOUR_RGB ( '',0.9098039215686274400, 0.4431372549019607600, 0.03137254901960784300 ) ;
#9517 = VECTOR ( 'NONE', #1404, 1000.000000000000000 ) ;
#9518 = ORIENTED_EDGE ( 'NONE', *, *, #6093, .F. ) ;
#9519 = VECTOR ( 'NONE', #1971, 1000.000000000000000 ) ;
#9520 = ORIENTED_EDGE ( 'NONE', *, *, #7060, .F. ) ;
#9521 = SURFACE_STYLE_USAGE ( .BOTH. , #3979 ) ;
#9522 = EDGE_LOOP ( 'NONE', ( #5731, #6105, #2605, #9547, #7441, #6011 ) ) ;
#9523 = DIRECTION ( 'NONE',  ( -0.0000000000000000000, -0.0000000000000000000, 1.000000000000000000 ) ) ;
#9524 = VERTEX_POINT ( 'NONE', #3982 ) ;
#9525 = CARTESIAN_POINT ( 'NONE',  ( -58.00000000000004300, 0.0000000000000000000, 18.00000000000000000 ) ) ;
#9526 = PRESENTATION_LAYER_ASSIGNMENT (  '', '', ( #5865 ) ) ;
#9527 =( GEOMETRIC_REPRESENTATION_CONTEXT ( 3 ) GLOBAL_UNCERTAINTY_ASSIGNED_CONTEXT ( ( #9971 ) ) GLOBAL_UNIT_ASSIGNED_CONTEXT ( ( #1959, #487, #3541 ) ) REPRESENTATION_CONTEXT ( 'NONE', 'WORKASPACE' ) );
#9528 = CARTESIAN_POINT ( 'NONE',  ( -53.70000000000020200, -5.999999999999991100, 19.99999999999999600 ) ) ;
#9529 = DIRECTION ( 'NONE',  ( -0.0000000000000000000, -1.000000000000000000, -0.0000000000000000000 ) ) ;
#9530 = PLANE ( 'NONE',  #4780 ) ;
#9531 = FILL_AREA_STYLE_COLOUR ( '', #1190 ) ;
#9532 = ORIENTED_EDGE ( 'NONE', *, *, #6629, .T. ) ;
#9533 = DIRECTION ( 'NONE',  ( -0.7071067811865468000, 0.7071067811865483500, 0.0000000000000000000 ) ) ;
#9534 = ORIENTED_EDGE ( 'NONE', *, *, #8446, .T. ) ;
#9535 = EDGE_CURVE ( 'NONE', #6357, #645, #9695, .T. ) ;
#9536 = FILL_AREA_STYLE_COLOUR ( '', #1169 ) ;
#9537 = PRESENTATION_LAYER_ASSIGNMENT (  '', '', ( #8617 ) ) ;
#9538 = PRESENTATION_STYLE_ASSIGNMENT (( #2698 ) ) ;
#9539 = VECTOR ( 'NONE', #8222, 1000.000000000000100 ) ;
#9540 = STYLED_ITEM ( 'NONE', ( #887 ), #6059 ) ;
#9541 = ORIENTED_EDGE ( 'NONE', *, *, #9551, .F. ) ;
#9542 = DIRECTION ( 'NONE',  ( 0.0000000000000000000, -0.0000000000000000000, 1.000000000000000000 ) ) ;
#9543 = CARTESIAN_POINT ( 'NONE',  ( -10.00000000000008300, 12.99999999999998800, 19.99999999999999600 ) ) ;
#9544 = UNCERTAINTY_MEASURE_WITH_UNIT (LENGTH_MEASURE( 1.000000000000000100E-005 ), #923, 'distance_accuracy_value', 'NONE');
#9545 = LINE ( 'NONE', #7375, #6015 ) ;
#9546 = LINE ( 'NONE', #3004, #2651 ) ;
#9547 = ORIENTED_EDGE ( 'NONE', *, *, #5568, .T. ) ;
#9548 = MECHANICAL_DESIGN_GEOMETRIC_PRESENTATION_REPRESENTATION (  '', ( #2297 ), #1795 ) ;
#9549 = VECTOR ( 'NONE', #6107, 1000.000000000000000 ) ;
#9550 = DIRECTION ( 'NONE',  ( 0.0000000000000000000, 1.000000000000000000, 0.0000000000000000000 ) ) ;
#9551 = EDGE_CURVE ( 'NONE', #6190, #102, #6144, .T. ) ;
#9552 =( GEOMETRIC_REPRESENTATION_CONTEXT ( 3 ) GLOBAL_UNCERTAINTY_ASSIGNED_CONTEXT ( ( #8596 ) ) GLOBAL_UNIT_ASSIGNED_CONTEXT ( ( #8955, #5821, #8183 ) ) REPRESENTATION_CONTEXT ( 'NONE', 'WORKASPACE' ) );
#9553 = FILL_AREA_STYLE ('',( #9481 ) ) ;
#9554 = SURFACE_SIDE_STYLE ('',( #9317 ) ) ;
#9555 = DIRECTION ( 'NONE',  ( 0.0000000000000000000, 0.0000000000000000000, -1.000000000000000000 ) ) ;
#9556 = EDGE_CURVE ( 'NONE', #8442, #6318, #3052, .T. ) ;
#9557 =( NAMED_UNIT ( * ) SI_UNIT ( $, .STERADIAN. ) SOLID_ANGLE_UNIT ( ) );
#9558 = CARTESIAN_POINT ( 'NONE',  ( -69.58578643762676600, -69.58578643762717800, 18.00000000000000000 ) ) ;
#9559 = ORIENTED_EDGE ( 'NONE', *, *, #2477, .T. ) ;
#9560 = CARTESIAN_POINT ( 'NONE',  ( -40.70000000000001000, -49.99999999999998600, 22.00000000000000000 ) ) ;
#9561 = FILL_AREA_STYLE ('',( #7802 ) ) ;
#9562 = VECTOR ( 'NONE', #7227, 1000.000000000000000 ) ;
#9563 = PLANE ( 'NONE',  #2755 ) ;
#9564 = AXIS2_PLACEMENT_3D ( 'NONE', #8680, #5490, #912 ) ;
#9565 = EDGE_LOOP ( 'NONE', ( #754, #5118, #7440, #8615 ) ) ;
#9566 = ORIENTED_EDGE ( 'NONE', *, *, #5874, .T. ) ;
#9567 = EDGE_CURVE ( 'NONE', #2718, #3850, #5423, .T. ) ;
#9568 = AXIS2_PLACEMENT_3D ( 'NONE', #9151, #4441, #5218 ) ;
#9569 = SURFACE_STYLE_USAGE ( .BOTH. , #4134 ) ;
#9570 = COLOUR_RGB ( '',0.9098039215686274400, 0.4431372549019607600, 0.03137254901960784300 ) ;
#9571 = ORIENTED_EDGE ( 'NONE', *, *, #5581, .F. ) ;
#9572 = DIRECTION ( 'NONE',  ( -0.0000000000000000000, -1.000000000000000000, -0.0000000000000000000 ) ) ;
#9573 = VERTEX_POINT ( 'NONE', #2644 ) ;
#9574 = COLOUR_RGB ( '',0.9098039215686274400, 0.4431372549019607600, 0.03137254901960784300 ) ;
#9575 =( NAMED_UNIT ( * ) SI_UNIT ( $, .STERADIAN. ) SOLID_ANGLE_UNIT ( ) );
#9576 =( NAMED_UNIT ( * ) SI_UNIT ( $, .STERADIAN. ) SOLID_ANGLE_UNIT ( ) );
#9577 = CARTESIAN_POINT ( 'NONE',  ( 8.000000000000003600, 68.00000000000002800, 18.00000000000000000 ) ) ;
#9578 = COLOUR_RGB ( '',0.9098039215686274400, 0.4431372549019607600, 0.03137254901960784300 ) ;
#9579 =( GEOMETRIC_REPRESENTATION_CONTEXT ( 3 ) GLOBAL_UNCERTAINTY_ASSIGNED_CONTEXT ( ( #2406 ) ) GLOBAL_UNIT_ASSIGNED_CONTEXT ( ( #7701, #670, #4550 ) ) REPRESENTATION_CONTEXT ( 'NONE', 'WORKASPACE' ) );
#9580 = EDGE_LOOP ( 'NONE', ( #1434, #7517, #7719, #83 ) ) ;
#9581 = CARTESIAN_POINT ( 'NONE',  ( 0.0000000000000000000, 10.00000000000000000, 0.0000000000000000000 ) ) ;
#9582 =( NAMED_UNIT ( * ) SI_UNIT ( $, .STERADIAN. ) SOLID_ANGLE_UNIT ( ) );
#9583 = CARTESIAN_POINT ( 'NONE',  ( 0.0000000000000000000, 16.00000000000000000, 0.0000000000000000000 ) ) ;
#9584 = DIRECTION ( 'NONE',  ( 2.336447111136584200E-017, 0.7071067811865514600, 0.7071067811865435800 ) ) ;
#9585 = FACE_BOUND ( 'NONE', #9621, .T. ) ;
#9586 = CARTESIAN_POINT ( 'NONE',  ( -55.00000000000005700, 17.96446609406712400, -17.96446609406732600 ) ) ;
#9587 =( LENGTH_UNIT ( ) NAMED_UNIT ( * ) SI_UNIT ( .MILLI., .METRE. ) );
#9588 = ORIENTED_EDGE ( 'NONE', *, *, #769, .T. ) ;
#9589 = SURFACE_STYLE_FILL_AREA ( #2735 ) ;
#9590 = CARTESIAN_POINT ( 'NONE',  ( 2.598076211353326700, 0.0000000000000000000, 1.500000000000007800 ) ) ;
#9591 = AXIS2_PLACEMENT_3D ( 'NONE', #6814, #2081, #1956 ) ;
#9592 = AXIS2_PLACEMENT_3D ( 'NONE', #7370, #5003, #5065 ) ;
#9593 = ORIENTED_EDGE ( 'NONE', *, *, #8310, .F. ) ;
#9594 = CARTESIAN_POINT ( 'NONE',  ( 2.449293598294706500E-015, 0.0000000000000000000, 20.00000000000000000 ) ) ;
#9595 = AXIS2_PLACEMENT_3D ( 'NONE', #7068, #9325, #2323 ) ;
#9596 = CARTESIAN_POINT ( 'NONE',  ( 129.9289321881345000, -84.99999999999995700, 39.68048780487804800 ) ) ;
#9597 = CARTESIAN_POINT ( 'NONE',  ( 0.0000000000000000000, 0.0000000000000000000, 0.0000000000000000000 ) ) ;
#9598 = VERTEX_POINT ( 'NONE', #6548 ) ;
#9599 = CARTESIAN_POINT ( 'NONE',  ( 118.0000000000000600, 114.0000000000000000, 15.99999999999999600 ) ) ;
#9600 = CARTESIAN_POINT ( 'NONE',  ( -16.22498073958795200, 16.00000000000000000, -2.999999999999997300 ) ) ;
#9601 = UNCERTAINTY_MEASURE_WITH_UNIT (LENGTH_MEASURE( 1.000000000000000100E-005 ), #7788, 'distance_accuracy_value', 'NONE');
#9602 = SURFACE_SIDE_STYLE ('',( #2039 ) ) ;
#9603 = ORIENTED_EDGE ( 'NONE', *, *, #5154, .T. ) ;
#9604 = CIRCLE ( 'NONE', #3171, 3.000000000000002700 ) ;
#9605 = VECTOR ( 'NONE', #8548, 1000.000000000000000 ) ;
#9606 = FILL_AREA_STYLE ('',( #8885 ) ) ;
#9607 = FILL_AREA_STYLE_COLOUR ( '', #6432 ) ;
#9608 = AXIS2_PLACEMENT_3D ( 'NONE', #1182, #9064, #5922 ) ;
#9609 = ORIENTED_EDGE ( 'NONE', *, *, #706, .T. ) ;
#9610 = EDGE_CURVE ( 'NONE', #10019, #6940, #7123, .T. ) ;
#9611 = CIRCLE ( 'NONE', #966, 3.000000000000002700 ) ;
#9612 = EDGE_CURVE ( 'NONE', #9367, #6235, #992, .T. ) ;
#9613 = EDGE_LOOP ( 'NONE', ( #686, #9268, #6180, #3267 ) ) ;
#9614 = ORIENTED_EDGE ( 'NONE', *, *, #1624, .F. ) ;
#9615 = CARTESIAN_POINT ( 'NONE',  ( -45.70000000000019500, -13.99999999999999800, 20.00000000000000000 ) ) ;
#9616 = CARTESIAN_POINT ( 'NONE',  ( 0.0000000000000000000, 0.0000000000000000000, 0.0000000000000000000 ) ) ;
#9617 = CARTESIAN_POINT ( 'NONE',  ( -60.00000000000005700, 22.99999999999995400, -19.99999999999998900 ) ) ;
#9618 = DIRECTION ( 'NONE',  ( 9.050731179009430500E-016, 2.297636465997498200E-031, 1.000000000000000000 ) ) ;
#9619 = FACE_OUTER_BOUND ( 'NONE', #848, .T. ) ;
#9620 = MECHANICAL_DESIGN_GEOMETRIC_PRESENTATION_REPRESENTATION (  '', ( #8574 ), #2711 ) ;
#9621 = EDGE_LOOP ( 'NONE', ( #6319, #8303, #3835, #338, #4840, #6982, #9468, #4333, #7274, #2845, #8666, #408 ) ) ;
#9622 = FACE_OUTER_BOUND ( 'NONE', #5959, .T. ) ;
#9623 = EDGE_CURVE ( 'NONE', #2740, #2839, #3421, .T. ) ;
#9624 =( GEOMETRIC_REPRESENTATION_CONTEXT ( 3 ) GLOBAL_UNCERTAINTY_ASSIGNED_CONTEXT ( ( #5923 ) ) GLOBAL_UNIT_ASSIGNED_CONTEXT ( ( #503, #9745, #7498 ) ) REPRESENTATION_CONTEXT ( 'NONE', 'WORKASPACE' ) );
#9625 = SURFACE_SIDE_STYLE ('',( #8976 ) ) ;
#9626 = VERTEX_POINT ( 'NONE', #5833 ) ;
#9627 =( NAMED_UNIT ( * ) SI_UNIT ( $, .STERADIAN. ) SOLID_ANGLE_UNIT ( ) );
#9628 = DIRECTION ( 'NONE',  ( 1.000000000000000000, 0.0000000000000000000, 0.0000000000000000000 ) ) ;
#9629 = CARTESIAN_POINT ( 'NONE',  ( -6.276043463296116600, 0.0000000000000000000, -16.87042614893939800 ) ) ;
#9630 = VECTOR ( 'NONE', #2997, 1000.000000000000000 ) ;
#9631 = FACE_OUTER_BOUND ( 'NONE', #5522, .T. ) ;
#9632 =( NAMED_UNIT ( * ) SI_UNIT ( $, .STERADIAN. ) SOLID_ANGLE_UNIT ( ) );
#9633 = DIRECTION ( 'NONE',  ( -8.673617379884036700E-017, 1.000000000000000000, 0.0000000000000000000 ) ) ;
#9634 = ORIENTED_EDGE ( 'NONE', *, *, #1543, .T. ) ;
#9635 = DIRECTION ( 'NONE',  ( -0.0000000000000000000, -0.0000000000000000000, 1.000000000000000000 ) ) ;
#9636 = ORIENTED_EDGE ( 'NONE', *, *, #5581, .T. ) ;
#9637 = DIRECTION ( 'NONE',  ( -0.0000000000000000000, -0.0000000000000000000, -1.000000000000000000 ) ) ;
#9638 = DIRECTION ( 'NONE',  ( 0.7071067811865445800, 1.795075219531747400E-016, -0.7071067811865504600 ) ) ;
#9639 = MECHANICAL_DESIGN_GEOMETRIC_PRESENTATION_REPRESENTATION (  '', ( #9124 ), #2660 ) ;
#9640 = STYLED_ITEM ( 'NONE', ( #901 ), #8929 ) ;
#9641 = SURFACE_SIDE_STYLE ('',( #1740 ) ) ;
#9642 = DIRECTION ( 'NONE',  ( 0.0000000000000000000, 0.0000000000000000000, 1.000000000000000000 ) ) ;
#9643 = LINE ( 'NONE', #3826, #1070 ) ;
#9644 = ADVANCED_FACE ( 'NONE', ( #6637 ), #6140, .T. ) ;
#9645 = SURFACE_STYLE_USAGE ( .BOTH. , #7154 ) ;
#9646 = EDGE_CURVE ( 'NONE', #8070, #9486, #5647, .T. ) ;
#9647 = VECTOR ( 'NONE', #4048, 1000.000000000000000 ) ;
#9648 = CIRCLE ( 'NONE', #2480, 4.549999999999998900 ) ;
#9649 = EDGE_LOOP ( 'NONE', ( #9417, #9387, #5909, #3721 ) ) ;
#9650 = VERTEX_POINT ( 'NONE', #1139 ) ;
#9651 = ORIENTED_EDGE ( 'NONE', *, *, #2802, .F. ) ;
#9652 = CIRCLE ( 'NONE', #4752, 6.000000000000000000 ) ;
#9653 =( NAMED_UNIT ( * ) SI_UNIT ( $, .STERADIAN. ) SOLID_ANGLE_UNIT ( ) );
#9654 =( NAMED_UNIT ( * ) PLANE_ANGLE_UNIT ( ) SI_UNIT ( $, .RADIAN. ) );
#9655 = DIRECTION ( 'NONE',  ( 0.0000000000000000000, -0.0000000000000000000, -1.000000000000000000 ) ) ;
#9656 = CARTESIAN_POINT ( 'NONE',  ( 0.0000000000000000000, 16.00000000000000000, 0.0000000000000000000 ) ) ;
#9657 = STYLED_ITEM ( 'NONE', ( #1163 ), #1863 ) ;
#9658 = MECHANICAL_DESIGN_GEOMETRIC_PRESENTATION_REPRESENTATION (  '', ( #1132 ), #1203 ) ;
#9659 = PRODUCT_CONTEXT ( 'NONE', #7306, 'mechanical' ) ;
#9660 = EDGE_LOOP ( 'NONE', ( #3357, #697, #8792, #6561 ) ) ;
#9661 = FILL_AREA_STYLE ('',( #2566 ) ) ;
#9662 = ORIENTED_EDGE ( 'NONE', *, *, #3639, .F. ) ;
#9663 = ORIENTED_EDGE ( 'NONE', *, *, #9451, .T. ) ;
#9664 = UNCERTAINTY_MEASURE_WITH_UNIT (LENGTH_MEASURE( 1.000000000000000100E-005 ), #3933, 'distance_accuracy_value', 'NONE');
#9665 =( LENGTH_UNIT ( ) NAMED_UNIT ( * ) SI_UNIT ( .MILLI., .METRE. ) );
#9666 =( LENGTH_UNIT ( ) NAMED_UNIT ( * ) SI_UNIT ( .MILLI., .METRE. ) );
#9667 = ORIENTED_EDGE ( 'NONE', *, *, #6870, .F. ) ;
#9668 = DIRECTION ( 'NONE',  ( -1.000000000000000000, -1.067522139062650400E-016, 0.0000000000000000000 ) ) ;
#9669 = DIRECTION ( 'NONE',  ( 0.0000000000000000000, 0.0000000000000000000, 1.000000000000000000 ) ) ;
#9670 = EDGE_CURVE ( 'NONE', #7184, #2035, #5037, .T. ) ;
#9671 = CARTESIAN_POINT ( 'NONE',  ( 137.0000000000000000, -7.000000000000004400, 43.00000000000000000 ) ) ;
#9672 = DIRECTION ( 'NONE',  ( -0.0000000000000000000, -0.0000000000000000000, -1.000000000000000000 ) ) ;
#9673 = LINE ( 'NONE', #5184, #4508 ) ;
#9674 = CARTESIAN_POINT ( 'NONE',  ( 135.0000000000000000, -1.652117596168388200E-016, 0.0000000000000000000 ) ) ;
#9675 = AXIS2_PLACEMENT_3D ( 'NONE', #3872, #2340, #2309 ) ;
#9676 = UNCERTAINTY_MEASURE_WITH_UNIT (LENGTH_MEASURE( 1.000000000000000100E-005 ), #6139, 'distance_accuracy_value', 'NONE');
#9677 = LINE ( 'NONE', #589, #2398 ) ;
#9678 = DIRECTION ( 'NONE',  ( 1.000000000000000000, 0.0000000000000000000, 0.0000000000000000000 ) ) ;
#9679 = AXIS2_PLACEMENT_3D ( 'NONE', #3261, #2552, #9542 ) ;
#9680 = DIRECTION ( 'NONE',  ( -0.0000000000000000000, -0.0000000000000000000, 1.000000000000000000 ) ) ;
#9681 = EDGE_CURVE ( 'NONE', #8558, #9117, #8226, .T. ) ;
#9682 = LINE ( 'NONE', #1385, #254 ) ;
#9683 = PLANE ( 'NONE',  #7661 ) ;
#9684 =( LENGTH_UNIT ( ) NAMED_UNIT ( * ) SI_UNIT ( .MILLI., .METRE. ) );
#9685 =( NAMED_UNIT ( * ) SI_UNIT ( $, .STERADIAN. ) SOLID_ANGLE_UNIT ( ) );
#9686 = VECTOR ( 'NONE', #3669, 1000.000000000000000 ) ;
#9687 = VECTOR ( 'NONE', #5054, 1000.000000000000100 ) ;
#9688 =( NAMED_UNIT ( * ) PLANE_ANGLE_UNIT ( ) SI_UNIT ( $, .RADIAN. ) );
#9689 = AXIS2_PLACEMENT_3D ( 'NONE', #7320, #8777, #2582 ) ;
#9690 = CARTESIAN_POINT ( 'NONE',  ( -36.99999999999995000, 119.9999999999999700, 7.999999999999998200 ) ) ;
#9691 = EDGE_CURVE ( 'NONE', #6458, #9813, #4269, .T. ) ;
#9692 =( GEOMETRIC_REPRESENTATION_CONTEXT ( 3 ) GLOBAL_UNCERTAINTY_ASSIGNED_CONTEXT ( ( #2536 ) ) GLOBAL_UNIT_ASSIGNED_CONTEXT ( ( #2234, #6288, #774 ) ) REPRESENTATION_CONTEXT ( 'NONE', 'WORKASPACE' ) );
#9693 =( LENGTH_UNIT ( ) NAMED_UNIT ( * ) SI_UNIT ( .MILLI., .METRE. ) );
#9694 = CARTESIAN_POINT ( 'NONE',  ( -45.70000000000006700, -49.99999999999998600, 20.00000000000000000 ) ) ;
#9695 = LINE ( 'NONE', #9525, #5168 ) ;
#9696 = EDGE_CURVE ( 'NONE', #1664, #4885, #8454, .T. ) ;
#9697 =( NAMED_UNIT ( * ) PLANE_ANGLE_UNIT ( ) SI_UNIT ( $, .RADIAN. ) );
#9698 = PRODUCT_CONTEXT ( 'NONE', #8863, 'mechanical' ) ;
#9699 = CARTESIAN_POINT ( 'NONE',  ( 140.0000000000000000, 111.9999999999999700, 0.0000000000000000000 ) ) ;
#9700 = VECTOR ( 'NONE', #8082, 1000.000000000000000 ) ;
#9701 = ORIENTED_EDGE ( 'NONE', *, *, #4035, .F. ) ;
#9702 = ADVANCED_FACE ( 'NONE', ( #870 ), #8127, .F. ) ;
#9703 = ORIENTED_EDGE ( 'NONE', *, *, #8820, .T. ) ;
#9704 = FILL_AREA_STYLE_COLOUR ( '', #3809 ) ;
#9705 = SURFACE_STYLE_USAGE ( .BOTH. , #6595 ) ;
#9706 = FACE_OUTER_BOUND ( 'NONE', #9773, .T. ) ;
#9707 = DIRECTION ( 'NONE',  ( -0.0000000000000000000, -0.0000000000000000000, 1.000000000000000000 ) ) ;
#9708 = AXIS2_PLACEMENT_3D ( 'NONE', #4619, #8567, #3852 ) ;
#9709 = DIRECTION ( 'NONE',  ( -0.5000000000000010000, 0.0000000000000000000, -0.8660254037844381500 ) ) ;
#9710 = FILL_AREA_STYLE ('',( #8839 ) ) ;
#9711 = VERTEX_POINT ( 'NONE', #8198 ) ;
#9712 = LINE ( 'NONE', #7095, #3795 ) ;
#9713 = FACE_OUTER_BOUND ( 'NONE', #3731, .T. ) ;
#9714 =( LENGTH_UNIT ( ) NAMED_UNIT ( * ) SI_UNIT ( .MILLI., .METRE. ) );
#9715 = EDGE_CURVE ( 'NONE', #6153, #6675, #6872, .T. ) ;
#9716 = AXIS2_PLACEMENT_3D ( 'NONE', #8062, #8836, #4984 ) ;
#9717 = DIRECTION ( 'NONE',  ( -0.0000000000000000000, -0.0000000000000000000, -1.000000000000000000 ) ) ;
#9718 = CARTESIAN_POINT ( 'NONE',  ( 0.0000000000000000000, -5.999999999999992900, 18.00000000000000000 ) ) ;
#9719 = FILL_AREA_STYLE ('',( #4777 ) ) ;
#9720 = CARTESIAN_POINT ( 'NONE',  ( -8.700000000000200000, -5.999999999999992900, 19.99999999999999600 ) ) ;
#9721 = VECTOR ( 'NONE', #9061, 1000.000000000000000 ) ;
#9722 = CARTESIAN_POINT ( 'NONE',  ( 0.0000000000000000000, 0.0000000000000000000, 18.99999999999999600 ) ) ;
#9723 = LINE ( 'NONE', #513, #1141 ) ;
#9724 = SURFACE_SIDE_STYLE ('',( #3702 ) ) ;
#9725 = ORIENTED_EDGE ( 'NONE', *, *, #585, .F. ) ;
#9726 = SURFACE_SIDE_STYLE ('',( #4272 ) ) ;
#9727 = LINE ( 'NONE', #2067, #7645 ) ;
#9728 = MECHANICAL_DESIGN_GEOMETRIC_PRESENTATION_REPRESENTATION (  '', ( #5542 ), #9848 ) ;
#9729 = VECTOR ( 'NONE', #6682, 1000.000000000000000 ) ;
#9730 = VERTEX_POINT ( 'NONE', #7617 ) ;
#9731 =( NAMED_UNIT ( * ) SI_UNIT ( $, .STERADIAN. ) SOLID_ANGLE_UNIT ( ) );
#9732 = CARTESIAN_POINT ( 'NONE',  ( -38.70000000000013100, -37.99999999999997900, 18.99999999999999600 ) ) ;
#9733 = DIRECTION ( 'NONE',  ( 0.0000000000000000000, 0.0000000000000000000, -1.000000000000000000 ) ) ;
#9734 = ORIENTED_EDGE ( 'NONE', *, *, #8769, .F. ) ;
#9735 = EDGE_LOOP ( 'NONE', ( #9027, #5012, #4349, #8619 ) ) ;
#9736 = DIRECTION ( 'NONE',  ( 0.7071067811865463500, 0.7071067811865487900, 0.0000000000000000000 ) ) ;
#9737 = UNCERTAINTY_MEASURE_WITH_UNIT (LENGTH_MEASURE( 1.000000000000000100E-005 ), #1988, 'distance_accuracy_value', 'NONE');
#9738 = STYLED_ITEM ( 'NONE', ( #4810 ), #2102 ) ;
#9739 = FILL_AREA_STYLE ('',( #8915 ) ) ;
#9740 = VERTEX_POINT ( 'NONE', #7577 ) ;
#9741 = DIRECTION ( 'NONE',  ( -1.000000000000000000, 0.0000000000000000000, 0.0000000000000000000 ) ) ;
#9742 = CARTESIAN_POINT ( 'NONE',  ( -38.70000000000013100, -37.99999999999997900, 18.99999999999999600 ) ) ;
#9743 = VERTEX_POINT ( 'NONE', #5213 ) ;
#9744 = DIRECTION ( 'NONE',  ( 0.0000000000000000000, 0.0000000000000000000, 1.000000000000000000 ) ) ;
#9745 =( NAMED_UNIT ( * ) PLANE_ANGLE_UNIT ( ) SI_UNIT ( $, .RADIAN. ) );
#9746 = ORIENTED_EDGE ( 'NONE', *, *, #2051, .T. ) ;
#9747 = SURFACE_STYLE_FILL_AREA ( #9438 ) ;
#9748 = VERTEX_POINT ( 'NONE', #8269 ) ;
#9749 = ADVANCED_FACE ( 'NONE', ( #1464 ), #8394, .F. ) ;
#9750 = COLOUR_RGB ( '',1.000000000000000000, 1.000000000000000000, 1.000000000000000000 ) ;
#9751 = AXIS2_PLACEMENT_3D ( 'NONE', #6987, #2244, #3051 ) ;
#9752 = LINE ( 'NONE', #1602, #4586 ) ;
#9753 = VERTEX_POINT ( 'NONE', #3574 ) ;
#9754 = EDGE_CURVE ( 'NONE', #8708, #1910, #8578, .T. ) ;
#9755 = PRESENTATION_LAYER_ASSIGNMENT (  '', '', ( #5566 ) ) ;
#9756 = CARTESIAN_POINT ( 'NONE',  ( 135.0000000000000000, -66.99999999999997200, 2.999999999999953400 ) ) ;
#9757 = EDGE_CURVE ( 'NONE', #8151, #6834, #6507, .T. ) ;
#9758 = LINE ( 'NONE', #6907, #1421 ) ;
#9759 = ORIENTED_EDGE ( 'NONE', *, *, #247, .T. ) ;
#9760 = VERTEX_POINT ( 'NONE', #1199 ) ;
#9761 = CARTESIAN_POINT ( 'NONE',  ( 109.5857864376267700, -109.5857864376270100, 38.00000000000000000 ) ) ;
#9762 = CARTESIAN_POINT ( 'NONE',  ( -50.70000000000000300, -13.99999999999999800, 22.00000000000000000 ) ) ;
#9763 = FILL_AREA_STYLE ('',( #5700 ) ) ;
#9764 = ORIENTED_EDGE ( 'NONE', *, *, #8187, .F. ) ;
#9765 =( NAMED_UNIT ( * ) SI_UNIT ( $, .STERADIAN. ) SOLID_ANGLE_UNIT ( ) );
#9766 = AXIS2_PLACEMENT_3D ( 'NONE', #9439, #1590, #6384 ) ;
#9767 = EDGE_CURVE ( 'NONE', #3294, #2984, #4405, .T. ) ;
#9768 = AXIS2_PLACEMENT_3D ( 'NONE', #6155, #6841, #6803 ) ;
#9769 = DIRECTION ( 'NONE',  ( 1.000000000000000000, 0.0000000000000000000, 0.0000000000000000000 ) ) ;
#9770 = ORIENTED_EDGE ( 'NONE', *, *, #3506, .F. ) ;
#9771 = LINE ( 'NONE', #7140, #7335 ) ;
#9772 = LINE ( 'NONE', #1528, #8188 ) ;
#9773 = EDGE_LOOP ( 'NONE', ( #1728, #7769, #9878, #2995, #931 ) ) ;
#9774 = DIRECTION ( 'NONE',  ( 0.0000000000000000000, 1.000000000000000000, -0.0000000000000000000 ) ) ;
#9775 = CARTESIAN_POINT ( 'NONE',  ( -50.70000000000000300, -67.99999999999998600, 22.00000000000000000 ) ) ;
#9776 = FILL_AREA_STYLE ('',( #7462 ) ) ;
#9777 = CYLINDRICAL_SURFACE ( 'NONE', #8375, 4.999999999999997300 ) ;
#9778 = CARTESIAN_POINT ( 'NONE',  ( -10.70000000000012900, -25.99999999999999600, 18.99999999999999600 ) ) ;
#9779 = COLOUR_RGB ( '',1.000000000000000000, 1.000000000000000000, 1.000000000000000000 ) ;
#9780 = LINE ( 'NONE', #4736, #4110 ) ;
#9781 = EDGE_LOOP ( 'NONE', ( #9603, #6488, #3274, #123 ) ) ;
#9782 = DIRECTION ( 'NONE',  ( -5.409414040636039400E-015, 0.0000000000000000000, -1.000000000000000000 ) ) ;
#9783 =( GEOMETRIC_REPRESENTATION_CONTEXT ( 3 ) GLOBAL_UNCERTAINTY_ASSIGNED_CONTEXT ( ( #3437 ) ) GLOBAL_UNIT_ASSIGNED_CONTEXT ( ( #971, #6375, #3237 ) ) REPRESENTATION_CONTEXT ( 'NONE', 'WORKASPACE' ) );
#9784 = CARTESIAN_POINT ( 'NONE',  ( -38.70000000000019500, -19.99999999999997500, 19.99999999999999600 ) ) ;
#9785 = ORIENTED_EDGE ( 'NONE', *, *, #3626, .T. ) ;
#9786 =( NAMED_UNIT ( * ) SI_UNIT ( $, .STERADIAN. ) SOLID_ANGLE_UNIT ( ) );
#9787 = FACE_OUTER_BOUND ( 'NONE', #3475, .T. ) ;
#9788 = SURFACE_STYLE_USAGE ( .BOTH. , #9726 ) ;
#9789 = CIRCLE ( 'NONE', #8695, 4.999999999999997300 ) ;
#9790 = ORIENTED_EDGE ( 'NONE', *, *, #6034, .F. ) ;
#9791 = CARTESIAN_POINT ( 'NONE',  ( 0.0000000000000000000, -87.99999999999997200, 18.00000000000000000 ) ) ;
#9792 = UNCERTAINTY_MEASURE_WITH_UNIT (LENGTH_MEASURE( 1.000000000000000100E-005 ), #2692, 'distance_accuracy_value', 'NONE');
#9793 = DIRECTION ( 'NONE',  ( -0.0000000000000000000, 0.7071067811865436900, -0.7071067811865513500 ) ) ;
#9794 = VECTOR ( 'NONE', #347, 1000.000000000000100 ) ;
#9795 = VECTOR ( 'NONE', #3615, 1000.000000000000000 ) ;
#9796 = ORIENTED_EDGE ( 'NONE', *, *, #5893, .T. ) ;
#9797 = AXIS2_PLACEMENT_3D ( 'NONE', #3198, #1700, #7205 ) ;
#9798 = ADVANCED_FACE ( 'NONE', ( #5537, #8345 ), #453, .T. ) ;
#9799 = COLOUR_RGB ( '',0.2823529411764705800, 0.6627450980392156600, 0.3254901960784313800 ) ;
#9800 =( LENGTH_UNIT ( ) NAMED_UNIT ( * ) SI_UNIT ( .MILLI., .METRE. ) );
#9801 = DIRECTION ( 'NONE',  ( 0.0000000000000000000, 1.000000000000000000, -0.0000000000000000000 ) ) ;
#9802 = CARTESIAN_POINT ( 'NONE',  ( 257.0000000000000600, -6.000000000000009800, 24.00000000000000000 ) ) ;
#9803 = FILL_AREA_STYLE ('',( #4311 ) ) ;
#9804 = AXIS2_PLACEMENT_3D ( 'NONE', #606, #3683, #1341 ) ;
#9805 = VERTEX_POINT ( 'NONE', #8333 ) ;
#9806 = SURFACE_STYLE_USAGE ( .BOTH. , #2664 ) ;
#9807 = MECHANICAL_DESIGN_GEOMETRIC_PRESENTATION_REPRESENTATION (  '', ( #3816 ), #5763 ) ;
#9808 = SURFACE_SIDE_STYLE ('',( #9499 ) ) ;
#9809 = FACE_OUTER_BOUND ( 'NONE', #5011, .T. ) ;
#9810 = LINE ( 'NONE', #1889, #5659 ) ;
#9811 = EDGE_CURVE ( 'NONE', #8791, #113, #9673, .T. ) ;
#9812 = VERTEX_POINT ( 'NONE', #6756 ) ;
#9813 = VERTEX_POINT ( 'NONE', #7514 ) ;
#9814 = CARTESIAN_POINT ( 'NONE',  ( -60.00000000000005000, 119.9999999999999700, -35.00000000000000000 ) ) ;
#9815 = CARTESIAN_POINT ( 'NONE',  ( -54.00000000000003600, -1.050887573964500900, 23.63786982248521100 ) ) ;
#9816 = ORIENTED_EDGE ( 'NONE', *, *, #8409, .F. ) ;
#9817 = ORIENTED_EDGE ( 'NONE', *, *, #8982, .T. ) ;
#9818 = CARTESIAN_POINT ( 'NONE',  ( 0.0000000000000000000, 16.00000000000000000, 0.0000000000000000000 ) ) ;
#9819 = AXIS2_PLACEMENT_3D ( 'NONE', #10004, #3723, #2133 ) ;
#9820 = EDGE_CURVE ( 'NONE', #2523, #1664, #1220, .T. ) ;
#9821 = PRESENTATION_LAYER_ASSIGNMENT (  '', '', ( #1744 ) ) ;
#9822 = CARTESIAN_POINT ( 'NONE',  ( -10.70000000000019100, -7.999999999999992900, 18.99999999999999600 ) ) ;
#9823 = CARTESIAN_POINT ( 'NONE',  ( 0.0000000000000000000, 0.0000000000000000000, 0.0000000000000000000 ) ) ;
#9824 = CARTESIAN_POINT ( 'NONE',  ( -45.70000000000000300, -13.99999999999999800, 22.00000000000000000 ) ) ;
#9825 = ORIENTED_EDGE ( 'NONE', *, *, #4438, .F. ) ;
#9826 =( LENGTH_UNIT ( ) NAMED_UNIT ( * ) SI_UNIT ( .MILLI., .METRE. ) );
#9827 = CIRCLE ( 'NONE', #8028, 18.00000000000000000 ) ;
#9828 = CARTESIAN_POINT ( 'NONE',  ( 2.598076211353314200, 0.0000000000000000000, 1.499999999999998700 ) ) ;
#9829 = VECTOR ( 'NONE', #5483, 999.9999999999998900 ) ;
#9830 = EDGE_CURVE ( 'NONE', #3874, #2933, #6256, .T. ) ;
#9831 = VERTEX_POINT ( 'NONE', #1295 ) ;
#9832 = SURFACE_SIDE_STYLE ('',( #1778 ) ) ;
#9833 = SURFACE_STYLE_FILL_AREA ( #3370 ) ;
#9834 = DIRECTION ( 'NONE',  ( -1.000000000000000000, 0.0000000000000000000, 0.0000000000000000000 ) ) ;
#9835 = EDGE_CURVE ( 'NONE', #1001, #6788, #8087, .T. ) ;
#9836 = VERTEX_POINT ( 'NONE', #3841 ) ;
#9837 = CARTESIAN_POINT ( 'NONE',  ( -10.00000000000008300, 12.99999999999998800, 19.99999999999999600 ) ) ;
#9838 = PRESENTATION_STYLE_ASSIGNMENT (( #8027 ) ) ;
#9839 = CARTESIAN_POINT ( 'NONE',  ( -16.22498073958795200, 0.0000000000000000000, -2.999999999999997300 ) ) ;
#9840 = CARTESIAN_POINT ( 'NONE',  ( -38.70000000000006700, -55.99999999999997900, 18.99999999999999600 ) ) ;
#9841 = LINE ( 'NONE', #9055, #8614 ) ;
#9842 = ADVANCED_FACE ( 'NONE', ( #6747 ), #9315, .T. ) ;
#9843 = PLANE ( 'NONE',  #1936 ) ;
#9844 = ORIENTED_EDGE ( 'NONE', *, *, #5987, .F. ) ;
#9845 = DIRECTION ( 'NONE',  ( -0.0000000000000000000, -0.0000000000000000000, -1.000000000000000000 ) ) ;
#9846 = DIRECTION ( 'NONE',  ( -0.7071067811865494600, -0.0000000000000000000, 0.7071067811865456900 ) ) ;
#9847 = MECHANICAL_DESIGN_GEOMETRIC_PRESENTATION_REPRESENTATION (  '', ( #2399 ), #216 ) ;
#9849 = EDGE_LOOP ( 'NONE', ( #3611, #4335, #2960, #3818, #6341, #1194 ) ) ;
#9848 =( GEOMETRIC_REPRESENTATION_CONTEXT ( 3 ) GLOBAL_UNCERTAINTY_ASSIGNED_CONTEXT ( ( #2672 ) ) GLOBAL_UNIT_ASSIGNED_CONTEXT ( ( #1694, #207, #8007 ) ) REPRESENTATION_CONTEXT ( 'NONE', 'WORKASPACE' ) );
#9850 = DIRECTION ( 'NONE',  ( 2.670659718465574300E-016, 0.0000000000000000000, -1.000000000000000000 ) ) ;
#9851 = VECTOR ( 'NONE', #6412, 1000.000000000000000 ) ;
#9852 = ORIENTED_EDGE ( 'NONE', *, *, #2772, .T. ) ;
#9853 = CARTESIAN_POINT ( 'NONE',  ( -60.00000000000005700, -72.00000000000000000, -14.99999999999998000 ) ) ;
#9854 = CARTESIAN_POINT ( 'NONE',  ( -50.00000000000008500, 32.99999999999997900, 19.99999999999999600 ) ) ;
#9855 = UNCERTAINTY_MEASURE_WITH_UNIT (LENGTH_MEASURE( 1.000000000000000100E-005 ), #129, 'distance_accuracy_value', 'NONE');
#9856 =( NAMED_UNIT ( * ) SI_UNIT ( $, .STERADIAN. ) SOLID_ANGLE_UNIT ( ) );
#9857 = SURFACE_STYLE_FILL_AREA ( #5595 ) ;
#9858 = ORIENTED_EDGE ( 'NONE', *, *, #8710, .T. ) ;
#9859 = EDGE_CURVE ( 'NONE', #1098, #9524, #7359, .T. ) ;
#9860 = AXIS2_PLACEMENT_3D ( 'NONE', #820, #7810, #63 ) ;
#9861 = EDGE_LOOP ( 'NONE', ( #10020, #6973, #4389, #2365 ) ) ;
#9862 = CARTESIAN_POINT ( 'NONE',  ( -42.61522368914979400, -59.79898987322329900, -9.384776310850252700 ) ) ;
#9863 = MECHANICAL_DESIGN_GEOMETRIC_PRESENTATION_REPRESENTATION (  '', ( #4950 ), #1655 ) ;
#9864 = LINE ( 'NONE', #614, #1534 ) ;
#9865 = EDGE_CURVE ( 'NONE', #857, #5370, #2905, .T. ) ;
#9866 = CARTESIAN_POINT ( 'NONE',  ( -38.70000000000019500, -7.999999999999992900, 18.99999999999999600 ) ) ;
#9867 = ADVANCED_FACE ( 'NONE', ( #5156 ), #9946, .T. ) ;
#9868 = SURFACE_SIDE_STYLE ('',( #9278 ) ) ;
#9869 = VERTEX_POINT ( 'NONE', #5321 ) ;
#9870 = CIRCLE ( 'NONE', #8124, 18.00000000000000000 ) ;
#9871 = VECTOR ( 'NONE', #3003, 1000.000000000000000 ) ;
#9872 = ORIENTED_EDGE ( 'NONE', *, *, #9129, .T. ) ;
#9873 = DIRECTION ( 'NONE',  ( -3.854941057726239100E-017, -1.000000000000000000, 0.0000000000000000000 ) ) ;
#9874 =( NAMED_UNIT ( * ) SI_UNIT ( $, .STERADIAN. ) SOLID_ANGLE_UNIT ( ) );
#9875 = SURFACE_SIDE_STYLE ('',( #5867 ) ) ;
#9876 = FILL_AREA_STYLE_COLOUR ( '', #9779 ) ;
#9877 =( GEOMETRIC_REPRESENTATION_CONTEXT ( 3 ) GLOBAL_UNCERTAINTY_ASSIGNED_CONTEXT ( ( #7796 ) ) GLOBAL_UNIT_ASSIGNED_CONTEXT ( ( #3213, #948, #6498 ) ) REPRESENTATION_CONTEXT ( 'NONE', 'WORKASPACE' ) );
#9878 = ORIENTED_EDGE ( 'NONE', *, *, #3844, .T. ) ;
#9879 = PRESENTATION_STYLE_ASSIGNMENT (( #4235 ) ) ;
#9880 = EDGE_CURVE ( 'NONE', #8678, #2816, #986, .T. ) ;
#9881 = STYLED_ITEM ( 'NONE', ( #3034 ), #7125 ) ;
#9882 =( NAMED_UNIT ( * ) PLANE_ANGLE_UNIT ( ) SI_UNIT ( $, .RADIAN. ) );
#9883 = ORIENTED_EDGE ( 'NONE', *, *, #1556, .T. ) ;
#9884 = EDGE_CURVE ( 'NONE', #8317, #7534, #616, .T. ) ;
#9885 = COLOUR_RGB ( '',1.000000000000000000, 1.000000000000000000, 1.000000000000000000 ) ;
#9886 = TOROIDAL_SURFACE ( 'NONE', #6922, 0.7500000000000072200, 3.000000000000000000 ) ;
#9887 = SURFACE_SIDE_STYLE ('',( #2389 ) ) ;
#9888 = DIRECTION ( 'NONE',  ( -0.8660254037844371500, 0.0000000000000000000, 0.5000000000000026600 ) ) ;
#9889 = LINE ( 'NONE', #8023, #9647 ) ;
#9890 = FACE_OUTER_BOUND ( 'NONE', #1879, .T. ) ;
#9891 = ORIENTED_EDGE ( 'NONE', *, *, #786, .F. ) ;
#9892 = STYLED_ITEM ( 'NONE', ( #1927 ), #5140 ) ;
#9893 = VERTEX_POINT ( 'NONE', #4607 ) ;
#9894 = ADVANCED_FACE ( 'NONE', ( #6996 ), #7717, .F. ) ;
#9895 = EDGE_CURVE ( 'NONE', #8177, #2010, #8689, .T. ) ;
#9897 = ORIENTED_EDGE ( 'NONE', *, *, #6470, .F. ) ;
#9896 = AXIS2_PLACEMENT_3D ( 'NONE', #6313, #6286, #7764 ) ;
#9898 =( NAMED_UNIT ( * ) PLANE_ANGLE_UNIT ( ) SI_UNIT ( $, .RADIAN. ) );
#9899 = DIRECTION ( 'NONE',  ( 1.982541115402065400E-016, 1.000000000000000000, 0.0000000000000000000 ) ) ;
#9900 = FACE_OUTER_BOUND ( 'NONE', #7223, .T. ) ;
#9901 = PRESENTATION_STYLE_ASSIGNMENT (( #3765 ) ) ;
#9902 = SURFACE_SIDE_STYLE ('',( #92 ) ) ;
#9903 = DIRECTION ( 'NONE',  ( 0.7071067811865455700, -0.7071067811865493500, 0.0000000000000000000 ) ) ;
#9904 = ORIENTED_EDGE ( 'NONE', *, *, #772, .T. ) ;
#9905 = VERTEX_POINT ( 'NONE', #2917 ) ;
#9906 = CARTESIAN_POINT ( 'NONE',  ( -46.45000000000020900, -13.99999999999999800, 20.00000000000000000 ) ) ;
#9907 = CARTESIAN_POINT ( 'NONE',  ( -10.70000000000000500, -61.99999999999998600, 19.99999999999999600 ) ) ;
#9908 = DIRECTION ( 'NONE',  ( 0.0000000000000000000, -0.0000000000000000000, 1.000000000000000000 ) ) ;
#9909 = VERTEX_POINT ( 'NONE', #625 ) ;
#9910 = PRESENTATION_LAYER_ASSIGNMENT (  '', '', ( #803 ) ) ;
#9911 = DIRECTION ( 'NONE',  ( -0.0000000000000000000, -1.000000000000000000, -0.0000000000000000000 ) ) ;
#9912 = DIRECTION ( 'NONE',  ( -0.0000000000000000000, -0.0000000000000000000, 1.000000000000000000 ) ) ;
#9913 = COLOUR_RGB ( '',0.6392156862745097500, 0.6117647058823529900, 0.5999999999999999800 ) ;
#9914 = UNCERTAINTY_MEASURE_WITH_UNIT (LENGTH_MEASURE( 1.000000000000000100E-005 ), #6599, 'distance_accuracy_value', 'NONE');
#9915 = CARTESIAN_POINT ( 'NONE',  ( -41.94999999999999600, -67.99999999999998600, 22.00000000000000000 ) ) ;
#9916 = SURFACE_STYLE_FILL_AREA ( #2785 ) ;
#9917 =( LENGTH_UNIT ( ) NAMED_UNIT ( * ) SI_UNIT ( .MILLI., .METRE. ) );
#9918 =( LENGTH_UNIT ( ) NAMED_UNIT ( * ) SI_UNIT ( .MILLI., .METRE. ) );
#9919 = CARTESIAN_POINT ( 'NONE',  ( 15.55124549639639600, 16.00000000000000000, -5.514414158440661900 ) ) ;
#9920 = DIRECTION ( 'NONE',  ( 1.000000000000000000, 0.0000000000000000000, 0.0000000000000000000 ) ) ;
#9921 = CARTESIAN_POINT ( 'NONE',  ( 130.7573593128807900, -86.99999999999995700, 43.00000000000000000 ) ) ;
#9922 =( GEOMETRIC_REPRESENTATION_CONTEXT ( 3 ) GLOBAL_UNCERTAINTY_ASSIGNED_CONTEXT ( ( #9737 ) ) GLOBAL_UNIT_ASSIGNED_CONTEXT ( ( #1988, #7512, #6066 ) ) REPRESENTATION_CONTEXT ( 'NONE', 'WORKASPACE' ) );
#9923 = LINE ( 'NONE', #5067, #6509 ) ;
#9924 = MECHANICAL_DESIGN_GEOMETRIC_PRESENTATION_REPRESENTATION (  '', ( #9210 ), #5744 ) ;
#9925 = CARTESIAN_POINT ( 'NONE',  ( 8.000000000000049700, 114.0000000000000000, 18.00000000000000000 ) ) ;
#9926 =( LENGTH_UNIT ( ) NAMED_UNIT ( * ) SI_UNIT ( .MILLI., .METRE. ) );
#9927 = DIRECTION ( 'NONE',  ( 0.0000000000000000000, -0.7071067811865435800, 0.7071067811865514600 ) ) ;
#9928 = DIRECTION ( 'NONE',  ( 0.0000000000000000000, 1.000000000000000000, 0.0000000000000000000 ) ) ;
#9929 = EDGE_CURVE ( 'NONE', #6717, #1181, #8814, .T. ) ;
#9930 =( GEOMETRIC_REPRESENTATION_CONTEXT ( 3 ) GLOBAL_UNCERTAINTY_ASSIGNED_CONTEXT ( ( #2044 ) ) GLOBAL_UNIT_ASSIGNED_CONTEXT ( ( #4484, #8441, #7635 ) ) REPRESENTATION_CONTEXT ( 'NONE', 'WORKASPACE' ) );
#9931 = DIRECTION ( 'NONE',  ( 0.0000000000000000000, -0.0000000000000000000, 1.000000000000000000 ) ) ;
#9932 = SURFACE_STYLE_USAGE ( .BOTH. , #3011 ) ;
#9933 = SURFACE_STYLE_FILL_AREA ( #10000 ) ;
#9934 = EDGE_CURVE ( 'NONE', #1184, #10098, #1100, .T. ) ;
#9935 = CARTESIAN_POINT ( 'NONE',  ( 0.0000000000000000000, 20.00000000000000000, 2.999999999999994700 ) ) ;
#9936 = ORIENTED_EDGE ( 'NONE', *, *, #7607, .F. ) ;
#9937 = SURFACE_STYLE_FILL_AREA ( #6133 ) ;
#9938 = ADVANCED_FACE ( 'NONE', ( #8572 ), #126, .T. ) ;
#9939 = CARTESIAN_POINT ( 'NONE',  ( -38.70000000000013100, -37.99999999999997900, 19.99999999999999600 ) ) ;
#9940 = CARTESIAN_POINT ( 'NONE',  ( 0.0000000000000000000, 0.0000000000000000000, 18.00000000000000000 ) ) ;
#9941 = AXIS2_PLACEMENT_3D ( 'NONE', #3284, #9635, #2619 ) ;
#9942 = VECTOR ( 'NONE', #2079, 1000.000000000000000 ) ;
#9943 = EDGE_CURVE ( 'NONE', #2782, #6927, #7962, .T. ) ;
#9944 = MECHANICAL_DESIGN_GEOMETRIC_PRESENTATION_REPRESENTATION (  '', ( #9437 ), #5453 ) ;
#9945 = FILL_AREA_STYLE ('',( #6070 ) ) ;
#9946 = PLANE ( 'NONE',  #7766 ) ;
#9947 = LINE ( 'NONE', #1335, #7888 ) ;
#9948 = COLOUR_RGB ( '',0.09803921568627450800, 0.09803921568627450800, 0.09803921568627450800 ) ;
#9949 = SHAPE_REPRESENTATION ( 'rotary switch', ( #9592 ), #7379 ) ;
#9950 = ORIENTED_EDGE ( 'NONE', *, *, #6960, .T. ) ;
#9951 = DIRECTION ( 'NONE',  ( 0.0000000000000000000, 0.0000000000000000000, -1.000000000000000000 ) ) ;
#9952 = ORIENTED_EDGE ( 'NONE', *, *, #4438, .T. ) ;
#9953 = CARTESIAN_POINT ( 'NONE',  ( -45.70000000000000300, -31.99999999999999300, 21.20000000000002100 ) ) ;
#9954 = DIRECTION ( 'NONE',  ( 3.304235192336776600E-017, 1.000000000000000000, 0.0000000000000000000 ) ) ;
#9955 = CARTESIAN_POINT ( 'NONE',  ( 16.22498073958795200, 16.00000000000000000, 2.999999999999999100 ) ) ;
#9956 =( GEOMETRIC_REPRESENTATION_CONTEXT ( 3 ) GLOBAL_UNCERTAINTY_ASSIGNED_CONTEXT ( ( #2921 ) ) GLOBAL_UNIT_ASSIGNED_CONTEXT ( ( #809, #7071, #3104 ) ) REPRESENTATION_CONTEXT ( 'NONE', 'WORKASPACE' ) );
#9957 = AXIS2_PLACEMENT_3D ( 'NONE', #1083, #4095, #5057 ) ;
#9958 = CIRCLE ( 'NONE', #3925, 16.50000000000000000 ) ;
#9959 = CARTESIAN_POINT ( 'NONE',  ( -45.70000000000000300, -67.99999999999998600, 23.00000000000000000 ) ) ;
#9960 = UNCERTAINTY_MEASURE_WITH_UNIT (LENGTH_MEASURE( 1.000000000000000100E-005 ), #9917, 'distance_accuracy_value', 'NONE');
#9961 = ORIENTED_EDGE ( 'NONE', *, *, #3432, .F. ) ;
#9962 = EDGE_CURVE ( 'NONE', #593, #3263, #6369, .T. ) ;
#9963 = CARTESIAN_POINT ( 'NONE',  ( -49.92893218813465900, 114.9999999999999900, -30.00000000000000400 ) ) ;
#9964 = CIRCLE ( 'NONE', #1223, 3.750000000000010200 ) ;
#9966 = CARTESIAN_POINT ( 'NONE',  ( 117.0000000000000000, 115.0000000000000000, 0.0000000000000000000 ) ) ;
#9965 = SURFACE_STYLE_FILL_AREA ( #9719 ) ;
#9967 = ORIENTED_EDGE ( 'NONE', *, *, #7016, .T. ) ;
#9968 = PRESENTATION_STYLE_ASSIGNMENT (( #2750 ) ) ;
#9969 = ORIENTED_EDGE ( 'NONE', *, *, #10042, .F. ) ;
#9970 = SURFACE_SIDE_STYLE ('',( #4831 ) ) ;
#9971 = UNCERTAINTY_MEASURE_WITH_UNIT (LENGTH_MEASURE( 1.000000000000000100E-005 ), #1959, 'distance_accuracy_value', 'NONE');
#9972 = DIRECTION ( 'NONE',  ( 0.0000000000000000000, 0.0000000000000000000, 1.000000000000000000 ) ) ;
#9973 = DIRECTION ( 'NONE',  ( -0.6785983445458461100, -0.2810846377148247800, -0.6785983445458460000 ) ) ;
#9974 = PRESENTATION_LAYER_ASSIGNMENT (  '', '', ( #681 ) ) ;
#9975 = MECHANICAL_DESIGN_GEOMETRIC_PRESENTATION_REPRESENTATION (  '', ( #1387 ), #3991 ) ;
#9976 = VECTOR ( 'NONE', #7208, 1000.000000000000100 ) ;
#9977 = FACE_OUTER_BOUND ( 'NONE', #6, .T. ) ;
#9978 = EDGE_LOOP ( 'NONE', ( #6925, #5004, #3847, #9992 ) ) ;
#9979 = VECTOR ( 'NONE', #4668, 1000.000000000000000 ) ;
#9980 = VERTEX_POINT ( 'NONE', #1570 ) ;
#9981 = CYLINDRICAL_SURFACE ( 'NONE', #1358, 4.999999999999997300 ) ;
#9982 = VECTOR ( 'NONE', #2354, 1000.000000000000000 ) ;
#9984 = EDGE_LOOP ( 'NONE', ( #2581, #1954, #1262, #6967 ) ) ;
#9983 = CARTESIAN_POINT ( 'NONE',  ( -13.87042614893940500, 16.00000000000000000, -11.47219588600272800 ) ) ;
#9985 = SURFACE_STYLE_USAGE ( .BOTH. , #6175 ) ;
#9986 = VECTOR ( 'NONE', #2919, 1000.000000000000000 ) ;
#9987 = ADVANCED_FACE ( 'NONE', ( #5884 ), #5353, .T. ) ;
#9988 = VECTOR ( 'NONE', #766, 999.9999999999998900 ) ;
#9989 = VERTEX_POINT ( 'NONE', #4783 ) ;
#9990 = FILL_AREA_STYLE ('',( #1470 ) ) ;
#9991 = CARTESIAN_POINT ( 'NONE',  ( -10.70000000000019100, -19.99999999999997500, 18.99999999999999600 ) ) ;
#9992 = ORIENTED_EDGE ( 'NONE', *, *, #5498, .T. ) ;
#9993 = VECTOR ( 'NONE', #8131, 1000.000000000000000 ) ;
#9994 = STYLED_ITEM ( 'NONE', ( #2506 ), #3024 ) ;
#9995 = FACE_OUTER_BOUND ( 'NONE', #1809, .T. ) ;
#9996 = VERTEX_POINT ( 'NONE', #10115 ) ;
#9997 = STYLED_ITEM ( 'NONE', ( #6742 ), #6673 ) ;
#9998 = DIRECTION ( 'NONE',  ( 0.0000000000000000000, 0.9973337235915658000, -0.07297563831157799500 ) ) ;
#9999 = EDGE_CURVE ( 'NONE', #1980, #6674, #2224, .T. ) ;
#10000 = FILL_AREA_STYLE ('',( #7655 ) ) ;
#10001 = SURFACE_STYLE_FILL_AREA ( #6255 ) ;
#10002 = FACE_OUTER_BOUND ( 'NONE', #5227, .T. ) ;
#10003 = ORIENTED_EDGE ( 'NONE', *, *, #4483, .F. ) ;
#10004 = CARTESIAN_POINT ( 'NONE',  ( -45.70000000000000300, -49.99999999999998600, 19.99999999999999600 ) ) ;
#10005 = VECTOR ( 'NONE', #7087, 1000.000000000000000 ) ;
#10006 = VERTEX_POINT ( 'NONE', #2213 ) ;
#10007 =( NAMED_UNIT ( * ) SI_UNIT ( $, .STERADIAN. ) SOLID_ANGLE_UNIT ( ) );
#10008 = PRESENTATION_LAYER_ASSIGNMENT (  '', '', ( #48 ) ) ;
#10009 = CIRCLE ( 'NONE', #7957, 16.50000000000000000 ) ;
#10010 = EDGE_CURVE ( 'NONE', #7630, #6581, #2979, .T. ) ;
#10011 = AXIS2_PLACEMENT_3D ( 'NONE', #1039, #5807, #5775 ) ;
#10012 = DIRECTION ( 'NONE',  ( 0.0000000000000000000, 1.000000000000000000, -6.938893903907228400E-017 ) ) ;
#10013 = FACE_OUTER_BOUND ( 'NONE', #6828, .T. ) ;
#10014 = ORIENTED_EDGE ( 'NONE', *, *, #8891, .T. ) ;
#10015 = ADVANCED_FACE ( 'NONE', ( #191 ), #758, .F. ) ;
#10016 = EDGE_LOOP ( 'NONE', ( #3501, #6840, #4960, #840 ) ) ;
#10017 = CARTESIAN_POINT ( 'NONE',  ( 2.598076211353326700, 16.00000000000000000, 1.500000000000007800 ) ) ;
#10018 = DIRECTION ( 'NONE',  ( -0.0000000000000000000, -1.000000000000000000, -0.0000000000000000000 ) ) ;
#10019 = VERTEX_POINT ( 'NONE', #1662 ) ;
#10020 = ORIENTED_EDGE ( 'NONE', *, *, #1283, .T. ) ;
#10021 = AXIS2_PLACEMENT_3D ( 'NONE', #343, #5825, #1918 ) ;
#10022 = AXIS2_PLACEMENT_3D ( 'NONE', #8811, #327, #6602 ) ;
#10023 = DIRECTION ( 'NONE',  ( 0.5000000000000010000, 0.0000000000000000000, 0.8660254037844381500 ) ) ;
#10024 = DIRECTION ( 'NONE',  ( 0.0000000000000000000, 0.0000000000000000000, 1.000000000000000000 ) ) ;
#10025 = DIRECTION ( 'NONE',  ( 1.000000000000000000, 0.0000000000000000000, 0.0000000000000000000 ) ) ;
#10026 = EDGE_LOOP ( 'NONE', ( #4786, #4363, #8068, #4220 ) ) ;
#10027 = CARTESIAN_POINT ( 'NONE',  ( 0.0000000000000000000, 16.00000000000000000, 0.0000000000000000000 ) ) ;
#10028 = SURFACE_STYLE_FILL_AREA ( #6587 ) ;
#10029 = UNCERTAINTY_MEASURE_WITH_UNIT (LENGTH_MEASURE( 1.000000000000000100E-005 ), #5524, 'distance_accuracy_value', 'NONE');
#10030 = FILL_AREA_STYLE ('',( #6945 ) ) ;
#10031 = VECTOR ( 'NONE', #8089, 1000.000000000000000 ) ;
#10032 = LINE ( 'NONE', #1082, #7972 ) ;
#10033 = MECHANICAL_DESIGN_GEOMETRIC_PRESENTATION_REPRESENTATION (  '', ( #5865 ), #1315 ) ;
#10034 = PRESENTATION_LAYER_ASSIGNMENT (  '', '', ( #87 ) ) ;
#10035 = ADVANCED_FACE ( 'NONE', ( #4832 ), #9414, .T. ) ;
#10036 = SURFACE_STYLE_USAGE ( .BOTH. , #4559 ) ;
#10037 =( NAMED_UNIT ( * ) PLANE_ANGLE_UNIT ( ) SI_UNIT ( $, .RADIAN. ) );
#10038 = LINE ( 'NONE', #4957, #9562 ) ;
#10039 = SURFACE_SIDE_STYLE ('',( #5315 ) ) ;
#10040 = ORIENTED_EDGE ( 'NONE', *, *, #7248, .F. ) ;
#10041 = ORIENTED_EDGE ( 'NONE', *, *, #9715, .F. ) ;
#10042 = EDGE_CURVE ( 'NONE', #6357, #2981, #9374, .T. ) ;
#10043 = CARTESIAN_POINT ( 'NONE',  ( 140.0000000000000000, 111.9999999999999700, 0.0000000000000000000 ) ) ;
#10044 = DIRECTION ( 'NONE',  ( -1.000000000000000000, 3.854941057726238500E-017, 0.0000000000000000000 ) ) ;
#10045 = AXIS2_PLACEMENT_3D ( 'NONE', #3184, #271, #3259 ) ;
#10046 = FACE_OUTER_BOUND ( 'NONE', #2753, .T. ) ;
#10047 = ORIENTED_EDGE ( 'NONE', *, *, #6919, .T. ) ;
#10048 = MECHANICAL_DESIGN_GEOMETRIC_PRESENTATION_REPRESENTATION (  '', ( #9540 ), #5684 ) ;
#10049 = ORIENTED_EDGE ( 'NONE', *, *, #5038, .F. ) ;
#10050 = FACE_OUTER_BOUND ( 'NONE', #3325, .T. ) ;
#10051 =( NAMED_UNIT ( * ) PLANE_ANGLE_UNIT ( ) SI_UNIT ( $, .RADIAN. ) );
#10052 = DIRECTION ( 'NONE',  ( 1.000000000000000000, 0.0000000000000000000, 0.0000000000000000000 ) ) ;
#10053 = SURFACE_SIDE_STYLE ('',( #9065 ) ) ;
#10054 = DIRECTION ( 'NONE',  ( -0.0000000000000000000, -1.000000000000000000, -0.0000000000000000000 ) ) ;
#10055 = ADVANCED_FACE ( 'NONE', ( #2472 ), #7909, .F. ) ;
#10056 = DIRECTION ( 'NONE',  ( -0.0000000000000000000, -1.000000000000000000, -0.0000000000000000000 ) ) ;
#10057 = ORIENTED_EDGE ( 'NONE', *, *, #8812, .F. ) ;
#10058 = COLOUR_RGB ( '',0.9098039215686274400, 0.4431372549019607600, 0.03137254901960784300 ) ;
#10059 = MECHANICAL_DESIGN_GEOMETRIC_PRESENTATION_REPRESENTATION (  '', ( #2695 ), #4285 ) ;
#10060 = DIRECTION ( 'NONE',  ( 0.7071067811865514600, 1.635512977795608700E-016, 0.7071067811865435800 ) ) ;
#10061 = EDGE_CURVE ( 'NONE', #6462, #8331, #4579, .T. ) ;
#10062 = AXIS2_PLACEMENT_3D ( 'NONE', #3028, #1499, #9346 ) ;
#10063 = DIRECTION ( 'NONE',  ( -1.000000000000000000, -0.0000000000000000000, -0.0000000000000000000 ) ) ;
#10064 = EDGE_CURVE ( 'NONE', #521, #2998, #7676, .T. ) ;
#10065 = DIRECTION ( 'NONE',  ( -0.0000000000000000000, -1.000000000000000000, -0.0000000000000000000 ) ) ;
#10066 = DIRECTION ( 'NONE',  ( 0.0000000000000000000, 0.0000000000000000000, -1.000000000000000000 ) ) ;
#10067 = VECTOR ( 'NONE', #968, 1000.000000000000000 ) ;
#10068 = VERTEX_POINT ( 'NONE', #8118 ) ;
#10069 = LINE ( 'NONE', #9469, #7883 ) ;
#10070 = LINE ( 'NONE', #5768, #4556 ) ;
#10071 = CARTESIAN_POINT ( 'NONE',  ( 8.000000000000049700, 114.0000000000000000, 15.99999999999999600 ) ) ;
#10072 =( LENGTH_UNIT ( ) NAMED_UNIT ( * ) SI_UNIT ( .MILLI., .METRE. ) );
#10073 = PLANE ( 'NONE',  #5729 ) ;
#10074 = CARTESIAN_POINT ( 'NONE',  ( -55.00000000000005000, -6.999999999999995600, 43.00000000000000000 ) ) ;
#10075 = MECHANICAL_DESIGN_GEOMETRIC_PRESENTATION_REPRESENTATION (  '', ( #8056 ), #7348 ) ;
#10076 = SURFACE_STYLE_USAGE ( .BOTH. , #2209 ) ;
#10077 = EDGE_CURVE ( 'NONE', #8887, #4555, #431, .T. ) ;
#10078 = MECHANICAL_DESIGN_GEOMETRIC_PRESENTATION_REPRESENTATION (  '', ( #6416 ), #984 ) ;
#10079 = VERTEX_POINT ( 'NONE', #2553 ) ;
#10080 = CARTESIAN_POINT ( 'NONE',  ( -18.96446609406691100, 114.9999999999999700, 18.96446609406730100 ) ) ;
#10081 = DIRECTION ( 'NONE',  ( 0.7071067811865454600, 0.7071067811865496800, -0.0000000000000000000 ) ) ;
#10082 = COLOUR_RGB ( '',0.09803921568627450800, 0.09803921568627450800, 0.09803921568627450800 ) ;
#10083 = ORIENTED_EDGE ( 'NONE', *, *, #305, .F. ) ;
#10084 = ADVANCED_FACE ( 'NONE', ( #4334 ), #274, .T. ) ;
#10085 = UNCERTAINTY_MEASURE_WITH_UNIT (LENGTH_MEASURE( 1.000000000000000100E-005 ), #463, 'distance_accuracy_value', 'NONE');
#10086 = ORIENTED_EDGE ( 'NONE', *, *, #7230, .F. ) ;
#10087 = DIRECTION ( 'NONE',  ( -0.0000000000000000000, -1.000000000000000000, -0.0000000000000000000 ) ) ;
#10088 = VECTOR ( 'NONE', #6848, 1000.000000000000000 ) ;
#10089 = PRESENTATION_LAYER_ASSIGNMENT (  '', '', ( #8011 ) ) ;
#10091 = ORIENTED_EDGE ( 'NONE', *, *, #3525, .F. ) ;
#10090 = MECHANICAL_DESIGN_GEOMETRIC_PRESENTATION_REPRESENTATION (  '', ( #803 ), #8540 ) ;
#10092 = DIRECTION ( 'NONE',  ( 1.224646799147353200E-016, 1.000000000000000000, -0.0000000000000000000 ) ) ;
#10093 = FACE_OUTER_BOUND ( 'NONE', #174, .T. ) ;
#10094 = ORIENTED_EDGE ( 'NONE', *, *, #5468, .F. ) ;
#10095 = VECTOR ( 'NONE', #5000, 1000.000000000000000 ) ;
#10096 = LINE ( 'NONE', #8088, #2858 ) ;
#10097 =( LENGTH_UNIT ( ) NAMED_UNIT ( * ) SI_UNIT ( .MILLI., .METRE. ) );
#10098 = VERTEX_POINT ( 'NONE', #3356 ) ;
#10099 = SURFACE_STYLE_USAGE ( .BOTH. , #2168 ) ;
#10100 =( NAMED_UNIT ( * ) PLANE_ANGLE_UNIT ( ) SI_UNIT ( $, .RADIAN. ) );
#10101 =( NAMED_UNIT ( * ) SI_UNIT ( $, .STERADIAN. ) SOLID_ANGLE_UNIT ( ) );
#10102 = VERTEX_POINT ( 'NONE', #9577 ) ;
#10103 = DIRECTION ( 'NONE',  ( 1.000000000000000000, 0.0000000000000000000, 0.0000000000000000000 ) ) ;
#10104 = EDGE_LOOP ( 'NONE', ( #7511, #351 ) ) ;
#10105 = FILL_AREA_STYLE ('',( #2246 ) ) ;
#10106 =( LENGTH_UNIT ( ) NAMED_UNIT ( * ) SI_UNIT ( .MILLI., .METRE. ) );
#10107 = PRESENTATION_LAYER_ASSIGNMENT (  '', '', ( #2032 ) ) ;
#10108 =( GEOMETRIC_REPRESENTATION_CONTEXT ( 3 ) GLOBAL_UNCERTAINTY_ASSIGNED_CONTEXT ( ( #6534 ) ) GLOBAL_UNIT_ASSIGNED_CONTEXT ( ( #4284, #3649, #8726 ) ) REPRESENTATION_CONTEXT ( 'NONE', 'WORKASPACE' ) );
#10109 = ADVANCED_FACE ( 'NONE', ( #9977 ), #7229, .T. ) ;
#10110 = LINE ( 'NONE', #2156, #2866 ) ;
#10111 =( NAMED_UNIT ( * ) SI_UNIT ( $, .STERADIAN. ) SOLID_ANGLE_UNIT ( ) );
#10112 = CARTESIAN_POINT ( 'NONE',  ( -66.40874354124503000, -67.10597508451630200, 28.47116890862314900 ) ) ;
#10113 = FILL_AREA_STYLE ('',( #623 ) ) ;
#10114 = ORIENTED_EDGE ( 'NONE', *, *, #7476, .T. ) ;
#10115 = CARTESIAN_POINT ( 'NONE',  ( -15.55124549639639400, 0.0000000000000000000, 5.514414158440667200 ) ) ;
#10116 = ORIENTED_EDGE ( 'NONE', *, *, #6800, .F. ) ;
#10117 = COLOUR_RGB ( '',1.000000000000000000, 1.000000000000000000, 1.000000000000000000 ) ;
#10118 = STYLED_ITEM ( 'NONE', ( #9149 ), #3355 ) ;
#10119 = FACE_OUTER_BOUND ( 'NONE', #2655, .T. ) ;
#10120 = LINE ( 'NONE', #9301, #8064 ) ;
#10121 = EDGE_CURVE ( 'NONE', #857, #3484, #6679, .T. ) ;
#10122 = MECHANICAL_DESIGN_GEOMETRIC_PRESENTATION_REPRESENTATION (  '', ( #5095 ), #3491 ) ;
#10123 = ORIENTED_EDGE ( 'NONE', *, *, #555, .F. ) ;
#10124 = EDGE_CURVE ( 'NONE', #2608, #7939, #6422, .T. ) ;
#10125 = SURFACE_SIDE_STYLE ('',( #8110 ) ) ;
#10126 = EDGE_LOOP ( 'NONE', ( #6121, #2855, #5754, #1313 ) ) ;
#10127 =( LENGTH_UNIT ( ) NAMED_UNIT ( * ) SI_UNIT ( .MILLI., .METRE. ) );
#10128 = ORIENTED_EDGE ( 'NONE', *, *, #7336, .F. ) ;
#10129 =( NAMED_UNIT ( * ) SI_UNIT ( $, .STERADIAN. ) SOLID_ANGLE_UNIT ( ) );
#10130 = LINE ( 'NONE', #4727, #9297 ) ;
#10131 = LINE ( 'NONE', #914, #2638 ) ;
#10132 =( LENGTH_UNIT ( ) NAMED_UNIT ( * ) SI_UNIT ( .MILLI., .METRE. ) );
#10133 = VECTOR ( 'NONE', #5863, 1000.000000000000000 ) ;
#10134 = VECTOR ( 'NONE', #7706, 1000.000000000000000 ) ;
#10135 = DIRECTION ( 'NONE',  ( 3.304235192336776600E-017, 1.000000000000000000, 0.0000000000000000000 ) ) ;
#10136 = ORIENTED_EDGE ( 'NONE', *, *, #5568, .F. ) ;
#10137 = NEXT_ASSEMBLY_USAGE_OCCURRENCE ( 'NAUO1', ' ', ' ', #5283, #156, $ ) ;
#10138 = NEXT_ASSEMBLY_USAGE_OCCURRENCE ( 'NAUO2', ' ', ' ', #5283, #8938, $ ) ;
#10139 = NEXT_ASSEMBLY_USAGE_OCCURRENCE ( 'NAUO3', ' ', ' ', #5283, #26, $ ) ;
ENDSEC;
END-ISO-10303-21;
